Date,SLV_ret,SLV_vol,regime,prob_regime_0,prob_regime_1,p_high_vol,risk_scale,momentum
2024-08-20,0.0014897922665725,0.0201499949910282,0,1.0,6.530478498047042e-56,1.0,0.5,
2024-08-21,0.002972871803948,0.0200238887310855,0,0.9999999424135256,5.75865182548393e-08,0.9999999424135256,0.5000000287932371,
2024-08-22,-0.0209981982773528,0.0184355200244928,0,0.9999953789199387,4.621080010429163e-06,0.9999953789199387,0.5000023105400306,
2024-08-23,0.0302318739641011,0.0194964825827209,0,0.9999999379049332,6.209509592221868e-08,0.9999999379049332,0.5000000310475334,
2024-08-26,0.0044020221809768,0.0194642066973561,0,0.9999996403110537,3.596889855163131e-07,0.9999996403110537,1.0,0.00361967238764912
2024-08-27,0.0014630915303479,0.0192729898857652,0,0.9999993046150311,6.953849861294825e-07,0.9999993046150311,1.0,0.0036143322404042
2024-08-28,-0.0247931316364357,0.019696860963216,0,0.9999999136251783,8.637481594291109e-08,0.9999999136251783,0.5000000431874109,-0.00193886844767254
2024-08-29,0.0044859489016928,0.0194200457313787,0,0.9999995870642522,4.129357756597345e-07,0.9999995870642522,1.0,0.00315796098813658
2024-08-30,-0.0173066428633769,0.0198700804373894,0,0.9999999237441017,7.62558730113307e-08,0.9999999237441017,0.5000000381279491,-0.006349742377359019
2024-09-03,-0.0296574962962664,0.0180596535032029,0,0.9999930246618748,6.975338077999056e-06,0.9999930246618748,0.5000034876690627,-0.013161646072807658
2024-09-04,0.0039016975374181,0.0179008691216866,0,0.9999668238393554,3.317616070027509e-05,0.9999668238393554,0.5000165880803222,-0.012673924871393622
2024-09-05,0.021191285721317,0.0180349124783948,0,0.9999886414826076,1.1358517400329954e-05,0.9999886414826076,0.5000056792586962,-0.00347704139984308
2024-09-06,-0.0290099636885141,0.0185344507145907,0,0.9999979521839399,2.047816048488822e-06,0.9999979521839399,0.50000102390803,-0.01017622391788446
2024-09-09,0.0144168029731321,0.0187730391935783,0,0.999997868132708,2.131867300118552e-06,0.999997868132708,0.500001065933646,-0.0038315347505826587
2024-09-10,0.0034755837649989,0.0183130833940093,0,0.99998867929408,1.132070593265918e-05,0.99998867929408,1.0,0.0027950812616704
2024-09-11,0.0069151370616591,0.0183398958683887,0,0.9999902706949023,9.729305109849693e-06,0.9999902706949023,1.0,0.0033977691665185994
2024-09-12,0.0430858771056981,0.0202852995912174,0,0.9999999992287485,7.713046610384764e-10,0.9999999992287485,1.0,0.00777668744339482
2024-09-13,0.0271313436020505,0.0201920939169569,0,0.9999999924621079,7.537921960450004e-09,0.9999999924621079,1.0,0.01900494890150774
2024-09-16,0.0017828222559418,0.0197551973478001,0,0.9999998547390411,1.4526092744549554e-07,0.9999998547390411,1.0,0.01647815275806968
2024-09-17,-0.0039264948804094,0.019602623652595,0,0.9999997507631262,2.4923690549372785e-07,0.9999997507631262,1.0,0.014997737028988017
2024-09-18,-0.0260884117425317,0.0205901405181181,0,0.9999999964090875,3.5909177637459757e-09,0.9999999964090875,1.0,0.00839702726814986
2024-09-19,0.0307271736693648,0.0216600203866947,0,0.999999999984766,1.5251924219856902e-11,0.999999999984766,1.0,0.005925286580883199
2024-09-20,0.0113275439469151,0.0210452993039069,0,0.9999999990557171,9.442336174757712e-10,0.9999999990557171,1.0,0.00276452664985612
2024-09-23,-0.0152512376182282,0.0204757259769723,0,0.9999999902242962,9.775657961550458e-09,0.9999999902242962,0.5000000048878519,-0.0006422853249778801
2024-09-24,0.0488241893039989,0.0230628596037449,0,1.0,1.6243946384115559e-15,1.0,1.0,0.00990785151190378
2024-09-25,-0.0109515024165655,0.023290331253598,0,0.9999999999998863,6.10764649826498e-14,0.9999999999998863,1.0,0.012935233377097021
2024-09-26,0.0068587636499441,0.022358093932129,0,0.9999999999957936,4.210542685315083e-12,0.9999999999957936,1.0,0.008161551373212882
2024-09-27,-0.0137648289198966,0.0227321693821445,0,0.9999999999992042,8.509763564229045e-13,0.9999999999992042,1.0,0.0031430767998505403
2024-09-30,-0.0157153839992525,0.0226574968617156,0,0.9999999999988631,1.1394280015474342e-12,0.9999999999988631,1.0,0.00305024752364568
2024-10-01,0.0059659793370593,0.0212482904615626,0,0.9999999994785185,5.21536756374134e-10,0.9999999994785185,0.5000000002607408,-0.00552139446974224
2024-10-02,0.01458866015424,0.0213389781274949,0,0.999999999759666,2.402849604871526e-10,0.999999999759666,0.500000000120167,-0.0004133619555811398
2024-10-03,0.007899733475932,0.0210485564250905,0,0.9999999989145181,1.0854574211374006e-09,0.9999999989145181,0.500000000542741,-0.00020516799038356007
2024-10-04,0.0044376610724492,0.0194364824908913,0,0.999999607926688,3.920733415818065e-07,0.999999607926688,1.0,0.0034353300080856
2024-10-07,-0.0147540949980464,0.0199453448197289,0,0.9999999356933834,6.4306658355384e-08,0.9999999356933834,1.0,0.0036275878083268194
2024-10-08,-0.0323175320933589,0.0216791464755643,0,0.9999999999689635,3.108187278132246e-11,0.9999999999689635,0.5000000000155183,-0.00402911447775682
2024-10-09,-0.0053696071839815,0.0217612727868597,0,0.9999999999262172,7.375913351426086e-11,0.9999999999262172,0.5000000000368914,-0.00802076794540112
2024-10-10,0.0184926519011311,0.0200150656702514,0,0.9999999707813463,2.921868266428291e-08,0.9999999707813463,0.5000000146093269,-0.0059021842603613015
2024-10-11,0.014690718490347,0.0193758640737258,0,0.9999996820045504,3.179954000061035e-07,0.9999996820045504,0.5000001589977248,-0.0038515727767817406
2024-10-14,-0.0090687165235131,0.0195152144285466,0,0.9999996876404599,3.123595353987022e-07,0.9999996876404599,0.50000015617977,-0.0027144970818750807
2024-10-15,0.0059388181167422,0.0195133323584684,0,0.9999996961286577,3.038713170151222e-07,0.9999996961286577,1.0,0.0049367729601451395
2024-10-16,0.0069420885060473,0.0184394252694407,0,0.9999895602247013,1.0439775283402799e-05,0.9999895602247013,1.0,0.007399112098150899
2024-10-17,-0.0006920573988208,0.0172506976673763,0,0.9998464828879136,0.00015351711207303942,0.9998464828879136,1.0,0.003562170238160519
2024-10-18,0.058810831600898,0.0214457338668295,0,0.9999999999993179,6.701965463508102e-13,0.9999999999993179,1.0,0.012386192860270718
2024-10-21,0.0068304377644037,0.0209777885738056,0,0.9999999985076329,1.4923370525024574e-09,0.9999999985076329,1.0,0.01556602371785408
2024-10-22,0.028440945170411,0.0191457465398626,0,0.9999997724803765,2.2751957032788314e-07,0.9999997724803765,1.0,0.02006644912858784
2024-10-23,-0.0329894032464113,0.0206206171080367,0,0.9999999981769179,1.823120193721772e-09,0.9999999981769179,1.0,0.012080150778096117
2024-10-24,-0.0006514186073771,0.0206104523747929,0,0.999999992774292,7.225747349917085e-09,0.999999992774292,1.0,0.012088278536384858
2024-10-25,-0.0019569925877093,0.0202900942758085,0,0.9999999763909958,2.360899721230855e-08,0.9999999763909958,0.500000011804502,-6.528630133660133e-05
2024-10-28,0.0032594678004638,0.0198079922189682,0,0.9999998816448467,1.1835511038076597e-07,0.9999998816448467,0.5000000591775766,-0.0007794802941245813
2024-10-29,0.0212499901636407,0.0201821794675953,0,0.9999999868701935,1.3129773536191698e-08,0.9999999868701935,0.5000000065649033,-0.0022176712954786403
2024-10-30,-0.0186500561350505,0.0206863314922571,0,0.999999996096335,3.903661020004733e-09,0.999999996096335,1.0,0.0006501981267935184
2024-10-31,-0.032995405500076,0.0221488096624184,0,0.999999999996021,3.9605697768504614e-12,0.999999999996021,0.5000000000019895,-0.005818599251746262
2024-11-01,-0.0090985816785608,0.0222442800815907,0,0.9999999999912461,8.706470228341963e-12,0.9999999999912461,0.5000000000043769,-0.0072469170699165615
2024-11-04,0.0030420251656659,0.0219643374785,0,0.9999999999722604,2.774641111297346e-11,0.9999999999722604,0.5000000000138698,-0.007290405596876141
2024-11-05,0.0040417987299383,0.020500442712972,0,0.9999999899775958,1.00224028946044e-08,0.9999999899775958,0.5000000050112021,-0.010732043883616623
2024-11-06,-0.0453841955944434,0.0231438147929494,0,1.0,1.0985257253210973e-14,1.0,0.5,-0.0160788717754952
2024-11-07,0.0236368423274113,0.0233757269576701,0,1.0,1.0010134980388956e-14,1.0,0.5,-0.0047524222099977415
2024-11-08,-0.0218797082539946,0.023698745953185,0,1.0,5.4833849425817085e-15,1.0,0.5,-0.0073086475250845025
2024-11-11,-0.0180695878061009,0.023952959712246,0,1.0,1.7288419583746069e-15,1.0,0.5,-0.01153097011943786
2024-11-12,0.0035688968373245,0.0239226239767943,0,1.0,2.1114320699741543e-15,1.0,0.5,-0.01162555049796062
2024-11-13,-0.0165233314535956,0.0240809411171408,0,1.0,9.269275584290442e-16,1.0,0.5,-0.005853377669791061
2024-11-14,0.0072176009938351,0.0241735190124325,0,1.0,4.787824470381969e-16,1.0,0.5,-0.009137225936506302
2024-11-15,-0.0086674350754953,0.019513119682998,0,0.9999996837139452,3.162860026704122e-07,0.9999996837139452,0.5000001581430273,-0.006494771300806441
2024-11-18,0.0289564281940194,0.0208192962921411,0,0.999999999410079,5.898820141555258e-10,0.999999999410079,1.0,0.0029104318992176186
2024-11-19,0.0042194451140053,0.0194839577888798,0,0.9999996563182685,3.4368172529882785e-07,0.9999996563182685,1.0,0.0030405415545537787
2024-11-20,-0.0141344973594697,0.0185097316151374,0,0.9999945663572419,5.433642724130196e-06,0.9999945663572419,1.0,0.0035183083733789588
2024-11-21,-0.0021374950979851,0.0184966968635243,0,0.9999929082641973,7.0917358395335294e-06,0.9999929082641973,1.0,0.0016472891550149186
2024-11-22,0.0152187823545834,0.0190132429381809,0,0.9999990218402909,9.781597240233927e-07,0.9999990218402909,1.0,0.006424532641030658
2024-11-25,-0.0299487686104007,0.0198107910919234,0,0.9999999599267547,4.007329346158042e-08,0.9999999599267547,0.5000000200366226,-0.005356506719853361
2024-11-26,0.0061338846913929,0.0190163067759831,0,0.9999986018191973,1.3981808107892433e-06,0.9999986018191973,0.5000006990904013,-0.004973618804375841
2024-11-27,-0.0126697975033995,0.0188544589088788,0,0.9999978259633948,2.174036640356513e-06,0.9999978259633948,0.5000010870183026,-0.0046806788331618015
2024-11-29,0.0169770848774367,0.0183619053115974,0,0.9999940742024408,5.925797540001522e-06,0.9999940742024408,0.5000029628987797,-0.0008577628380774416
2024-12-02,-0.0046670039278622,0.0183146097333568,0,0.9999879508710047,1.2049129031402578e-05,0.9999879508710047,0.5000060245644977,-0.004834920094566561
2024-12-03,0.0174785886097225,0.0188443245443416,0,0.999982314107761,1.7685892228552363e-05,0.999982314107761,1.0,0.004650551349458079
2024-12-04,0.0088013239842759,0.0189587532025059,0,0.9962479275444682,0.0037520724555708145,0.9962479275444682,1.0,0.005184039208034679
2024-12-05,0.0010509294789879,0.0159889071266757,1,0.18291745285933148,0.8170825471406279,0.18291745285933148,1.0,0.007928184604512159
2024-12-06,-0.0109136611794371,0.015172241379914,1,0.017193711064436488,0.9828062889355417,0.017193711064436488,1.0,0.002350035393137399
2024-12-09,0.0255124635042383,0.0155186232627935,1,0.003939645663182532,0.9960603543368116,0.003939645663182532,1.0,0.0083859288795575
2024-12-10,0.0003450139416761,0.0148684252996306,1,0.00020533576827512934,0.9997946642316998,0.00020533576827512934,1.0,0.004959213945948218
2024-12-11,0.001723286444654,0.0148625357604228,1,5.333740514821937e-05,0.9999466625948065,5.333740514821937e-05,1.0,0.003543606438023838
2024-12-12,-0.0293522164843604,0.0159289390723206,1,0.0004525435165831561,0.9995474564834188,0.0004525435165831561,0.9997737282417084,-0.0025370227546458223
2024-12-13,-0.0160861648062145,0.0163025376464323,1,0.00042807318217292486,0.9995719268178342,0.00042807318217292486,0.9997859634089135,-0.0035715234800013027
2024-12-16,0.0018001530602822,0.0161808534347917,1,0.00025590033026970567,0.999744099669684,0.00025590033026970567,0.9998720498348652,-0.008313985568792521
2024-12-17,0.0003596557893496,0.0147239578417064,1,0.00022219183533473213,0.999777808164624,0.00022219183533473213,0.9998889040823327,-0.008311057199257822
2024-12-18,-0.0351298138797632,0.0165086101433815,1,0.003551987640888583,0.9964480123591247,0.003551987640888583,0.9982240061795558,-0.015681677264141262
2024-12-19,-0.012366652583577,0.016450382978203,1,0.003005312372273158,0.9969946876277656,0.003005312372273158,0.9984973438138633,-0.012284564483984583
2024-12-20,0.0149703250318907,0.0169295730433986,1,0.0029711840518457638,0.9970288159481162,0.0029711840518457638,0.9985144079740771,-0.006073266516363541
2024-12-23,0.0025969109390413,0.016481752972594,1,0.0011756050421740055,0.9988243949578566,0.0011756050421740055,0.999412197478913,-0.0059139149406117215
2024-12-24,0.0011109309240458,0.0151886317319443,1,0.00010075983129089683,0.9998992401687427,0.00010075983129089683,0.9999496200843545,-0.005763659913672482
2024-12-26,0.0044312824440059,0.0151505808562524,1,3.004004375007512e-05,0.9999699599562627,3.004004375007512e-05,1.0,0.002148559351081338
2024-12-27,-0.0141003881045586,0.015210833085725,1,3.645967016056083e-05,0.9999635403298156,3.645967016056083e-05,1.0,0.001801812246885018
2024-12-30,-0.0124085036503951,0.0147680017557307,1,2.1040475204552485e-05,0.999978959524816,2.1040475204552485e-05,0.9999894797623977,-0.0036739534895721417
2024-12-31,-0.0037907695521525,0.0147632898908654,1,1.7003825068733203e-05,0.9999829961748926,1.7003825068733203e-05,0.9999914980874656,-0.004951489587810902
2025-01-02,0.0225319475450811,0.0151645747767558,1,4.948160471310556e-05,0.9999505183952421,4.948160471310556e-05,0.9999752591976434,-0.0006672862636038432
2025-01-03,0.0018549156571376,0.014971744244693,1,2.0855203454639894e-05,0.9999791447966017,2.0855203454639894e-05,0.9999895723982727,-0.0011825596209775028
2025-01-06,0.0095906390660631,0.0152070656761545,1,2.83373306250702e-05,0.9999716626693631,2.83373306250702e-05,1.0,0.003555645813146837
2025-01-07,0.0032985242694996,0.0151184237793239,1,2.2230264513041254e-05,0.999977769735492,2.2230264513041254e-05,1.0,0.006697051397125777
2025-01-08,0.0025580023233772,0.0137574506976694,1,6.617648207134418e-06,0.9999933823517728,6.617648207134418e-06,1.0,0.007966805772231716
2025-01-10,0.0076350485764685,0.0139406057978518,1,8.045562987117039e-06,0.999991954437029,8.045562987117039e-06,1.0,0.0049874259785091975
2025-01-13,-0.0238237959628638,0.0146894872556156,1,3.5513715100044376e-05,0.9999644862848587,3.5513715100044376e-05,0.99998224314245,-0.0001483163454910827
2025-01-14,0.0088627492658194,0.0136262705269003,1,7.502739059665952e-06,0.9999924972609702,7.502739059665952e-06,0.9999962486304701,-0.00029389430553982234
2025-01-15,0.0275578832702306,0.0146733533246497,1,3.953840921871134e-05,0.9999604615907839,3.953840921871134e-05,1.0,0.004557977494606377
2025-01-16,0.0028572101957236,0.0146806513703763,1,1.5177853942254957e-05,0.9999848221460952,1.5177853942254957e-05,1.0,0.004617819069075657
2025-01-17,-0.0154540467689097,0.0151043687260915,1,3.192367864476998e-05,0.999968076321379,3.192367864476998e-05,1.0,1.700029006457271e-17
2025-01-21,0.0154540467689097,0.0130746720606001,1,6.6397031354591446e-06,0.9999933602968999,6.6397031354591446e-06,1.0,0.007855568546354717
2025-01-22,0.0003565099522874,0.0126322840442422,1,4.522696113759884e-06,0.9999954773038509,4.522696113759884e-06,1.0,0.006154320683648317
2025-01-23,-0.0100322869666216,0.0126020784192679,1,5.801353338900991e-06,0.9999941986466205,5.801353338900991e-06,0.9999970993233305,-0.0013637133637221233
2025-01-24,0.0050287242782744,0.0126243789485348,1,4.5290245294149535e-06,0.9999954709755017,4.5290245294149535e-06,0.9999977354877353,-0.0009294105472119632
2025-01-27,-0.0162546750816644,0.0132471111742448,1,8.685520989651159e-06,0.9999913144790507,8.685520989651159e-06,0.9999956572395052,-0.0010895362097629031
2025-01-28,0.0061717415619067,0.0132778494573742,1,5.2080082406795535e-06,0.9999947919917861,5.2080082406795535e-06,0.9999973959958797,-0.0029459972511635033
2025-01-29,0.0133024016138712,0.0130611489380195,1,5.8058673726333346e-06,0.9999941941325972,5.8058673726333346e-06,0.9999970970663137,-0.0003568189188467432
2025-01-30,0.0253892100965493,0.0135516104254219,1,1.3351800698040736e-05,0.9999866481993023,1.3351800698040736e-05,1.0,0.006727480493787437
2025-01-31,-0.007338809319048,0.0136836775432048,1,7.070079295571164e-06,0.9999929299207044,7.070079295571164e-06,1.0,0.004253973774322957
2025-02-03,0.0055963716036803,0.0129810048485834,1,4.775256754844726e-06,0.9999952247432349,4.775256754844726e-06,1.0,0.008624183111391896
2025-02-04,0.0190021002670055,0.0134501064532531,1,8.386538548304853e-06,0.9999916134613993,8.386538548304853e-06,1.0,0.011190254852411655
2025-02-05,0.0044391764479789,0.0133863397834908,1,5.324543859162736e-06,0.9999946754561152,5.324543859162736e-06,1.0,0.009417609819233197
2025-02-06,0.0010215829095749,0.0133998807491749,1,5.339030852178994e-06,0.9999946609691924,5.339030852178994e-06,1.0,0.004544084381838317
2025-02-07,-0.0119843404914443,0.0138474201557127,1,9.013820909199314e-06,0.9999909861790387,9.013820909199314e-06,1.0,0.003614978147359057
2025-02-10,0.0058389337127981,0.0138208212615945,1,6.7131152789709105e-06,0.999993286884683,6.7131152789709105e-06,1.0,0.003663490569182617
2025-02-11,-0.0068729054158251,0.0125649358502824,1,5.2112234970338815e-06,0.9999947887765117,5.2112234970338815e-06,0.9999973943882514,-0.0015115105673835028
2025-02-12,0.0116559479290394,0.0126412510068821,1,5.032948354582008e-06,0.9999949670516805,5.032948354582008e-06,0.9999974835258227,-6.815627117140246e-05
2025-02-13,0.0040816020420066,0.0113408580399817,1,6.213475623582531e-06,0.9999937865244188,6.213475623582531e-06,1.0,0.0005438475553149373
2025-02-14,-0.0051046434557229,0.011470827503756,1,6.693798318546353e-06,0.9999933062016525,6.693798318546353e-06,1.0,0.0019197869624592175
2025-02-18,0.0202641310384916,0.0113550737333738,1,9.444455476295148e-06,0.9999905555445477,9.444455476295148e-06,1.0,0.004804826427597917
2025-02-19,-0.0033489777656936,0.0111331150312405,1,7.833029681344221e-06,0.99999216697027,7.833029681344221e-06,1.0,0.005509611957624216
2025-02-20,0.0046854602606342,0.0111198493027028,1,7.23174620417071e-06,0.999992768253834,7.23174620417071e-06,1.0,0.004115514423943176
2025-02-21,-0.0120928784663727,0.0112583391735688,1,9.995113812567083e-06,0.9999900048862148,9.995113812567083e-06,1.0,0.0008806183222673167
2025-02-24,-0.0050821595676373,0.0113968292994075,1,7.110368225901005e-06,0.999992889631739,7.110368225901005e-06,1.0,0.0008851150998844372
2025-02-25,-0.0209378029972472,0.0118453648569341,1,1.3080210458246879e-05,0.9999869197895892,1.3080210458246879e-05,0.9999934598947708,-0.007355271707263323
2025-02-26,0.003808230653326,0.0118178737148608,1,5.191587361634116e-06,0.9999948084126276,5.191587361634116e-06,0.9999974042063191,-0.0059238300234594025
2025-02-27,-0.0188356079221705,0.0124152622837489,1,9.731512911743994e-06,0.9999902684871254,9.731512911743994e-06,0.9999951342435441,-0.010628043660020342
2025-02-28,-0.0031740514759475,0.0109876043492222,1,8.651439928160226e-06,0.9999913485600228,8.651439928160226e-06,0.999995674280036,-0.008844278261935302
2025-03-03,0.0154226869841793,0.0114355087324011,1,7.336763255035954e-06,0.9999926632367236,7.336763255035954e-06,0.9999963316183724,-0.004743308951571983
2025-03-04,0.0086580627431145,0.0115285771830159,1,5.955684122246075e-06,0.9999940443158266,5.955684122246075e-06,1.0,0.0011758641965003574
2025-03-05,0.0262053604178877,0.0122260651078784,1,1.0480405823999371e-05,0.9999895195941326,1.0480405823999371e-05,1.0,0.005655290149412698
2025-03-06,-0.002690883640899,0.0122223810469206,1,4.883511173752053e-06,0.9999951164888771,4.883511173752053e-06,1.0,0.008884235005666997
2025-03-07,-0.003373835194606,0.0122534228290339,1,4.899501032973081e-06,0.9999951004990153,4.899501032973081e-06,1.0,0.008844278261935297
2025-03-10,-0.0163546928442499,0.0125211196750992,1,8.540291500123762e-06,0.9999914597085285,8.540291500123762e-06,1.0,0.002488802296249458
2025-03-11,0.0287813493660889,0.0140308528888345,1,2.4125185916483425e-05,0.999975874814119,2.4125185916483425e-05,1.0,0.006513459620844338
2025-03-12,0.0086408060323386,0.0139848851141483,1,8.347019143237126e-06,0.9999916529808872,8.347019143237126e-06,1.0,0.0030005487437345176
2025-03-13,0.0170607965416821,0.0142301383321702,1,1.2810226719647882e-05,0.9999871897732344,1.2810226719647882e-05,1.0,0.006950884780250738
2025-03-14,-0.0009764260240129,0.014242323166832,1,9.028153440170631e-06,0.9999909718465547,9.028153440170631e-06,1.0,0.007430366614369357
2025-03-17,0.0032509906339674,0.0141427507268107,1,8.161587783670847e-06,0.9999918384122523,8.161587783670847e-06,1.0,0.011351503310012816
2025-03-18,0.0012974674420326,0.0135103390053068,1,5.581079332214931e-06,0.9999944189206637,5.581079332214931e-06,1.0,0.005854726925201558
2025-03-19,-0.003246768464177,0.013508408680258,1,5.819702448570846e-06,0.9999941802975579,5.819702448570846e-06,1.0,0.003477212025898438
2025-03-20,-0.0081633106391609,0.0136562824983442,1,7.1347388158948695e-06,0.9999928652612063,7.1347388158948695e-06,0.9999964326305921,-0.001567609410270162
2025-03-21,-0.0158628421594268,0.0138695591152315,1,1.1165371173219871e-05,0.9999888346287991,1.1165371173219871e-05,0.9999944173144134,-0.004544892637352941
2025-03-24,-0.0020007133632434,0.0138187187255574,1,6.834145616570376e-06,0.9999931658543817,6.834145616570376e-06,0.9999965829271917,-0.0055952334367951025
2025-03-25,0.0204830699153236,0.0134771538375498,1,9.294998839884356e-06,0.9999907050012076,9.294998839884356e-06,0.99999535250058,-0.0017581129421369017
2025-03-26,-0.0016363687683878,0.0135137699551606,1,5.852172410461029e-06,0.999994147827536,5.852172410461029e-06,0.9999970739137948,-0.0014360330029790618
2025-03-27,0.0255470321411718,0.0134395653715238,1,1.2812093983344392e-05,0.9999871879060657,1.2812093983344392e-05,1.0,0.0053060355530874775
2025-03-28,-0.0102696568936571,0.0137537236652305,1,8.264948807428378e-06,0.9999917350511884,8.264948807428378e-06,1.0,0.0064246726062414175
2025-03-31,-0.0003226400711568,0.0135470061044285,1,1.1803084177436596e-05,0.999988196915832,1.1803084177436596e-05,1.0,0.006760287264658738
2025-04-01,-0.011684670968372,0.013917821353847,1,0.0003690046219596736,0.9996309953780581,0.0003690046219596736,1.0,0.000326739087919618
2025-04-02,0.0042352586327177,0.0127890433162817,1,0.013432913580424382,0.9865670864195286,0.013432913580424382,1.0,0.001501064568140718
2025-04-03,-0.0627196587269328,0.0192632085905482,0,0.9999930216171352,6.978382868963799e-06,0.9999930216171352,0.5000034891914324,-0.016152273605480202
2025-04-04,-0.0647000481246819,0.0239181826192078,0,1.0,1.2053514049699993e-17,1.0,0.5,-0.027038351851685162
2025-04-07,0.0022131866909988,0.0237910655897141,0,1.0,4.393810083040557e-15,1.0,0.5,-0.02653118649925404
2025-04-08,0.0,0.0225748076743512,0,0.9999999999980673,1.880170698678933e-12,0.9999999999980673,0.5000000000009663,-0.02419425230557964
2025-04-09,0.0333364237238935,0.0239880497822463,0,1.0,1.3661691985721455e-16,1.0,0.5,-0.01837401928734448
2025-04-10,0.0078098096670103,0.0236533553245715,0,1.0,7.32375278025829e-15,1.0,0.5,-0.004268125608555863
2025-04-11,0.0316713378533102,0.0249750234311522,0,1.0,6.518237435646195e-19,1.0,1.0,0.015006151587042557
2025-04-14,0.006487939019012,0.0250249518254499,0,1.0,4.150227629054638e-18,1.0,1.0,0.015861102052645196
2025-04-15,0.0010206051966586,0.0250228891553788,0,1.0,5.120184042244157e-18,1.0,1.0,0.016065223091976916
2025-04-16,0.0118304702782088,0.025222044719553,0,1.0,9.80481220326206e-19,1.0,1.0,0.011764032402839977
2025-04-17,-0.0070814996223001,0.0252084665599806,0,1.0,1.9579657391478047e-18,1.0,1.0,0.008785770544977898
2025-04-21,0.0080890794243847,0.0250628458921017,0,1.0,3.084536831592703e-18,1.0,1.0,0.004069318859192797
2025-04-22,-0.0097825341121233,0.0251495117567166,0,1.0,2.7462678770350237e-18,1.0,1.0,0.0008152242329657374
2025-04-23,0.035301683476838,0.0260122063133792,0,1.0,7.190096834902177e-22,1.0,1.0,0.0076714398890016175
2025-04-24,0.0,0.0260094700772047,0,1.0,1.3828332986071328e-20,1.0,1.0,0.005305345833359858
2025-04-25,-0.016829311230396,0.0255449110565301,0,1.0,2.3516592884711558e-19,1.0,1.0,0.0033557835117406774
2025-04-28,0.0046481258164158,0.02551064829506,0,1.0,2.530400724098171e-19,1.0,1.0,0.002667592790146897
2025-04-29,-0.0119961654395994,0.0256198456568866,0,1.0,1.652583164311896e-19,1.0,1.0,0.0022248665246516774
2025-04-30,-0.0077402217515271,0.0255557213314348,0,1.0,2.4922766598584147e-19,1.0,0.5,-0.006383514521021342
2025-05-01,-0.0071199145540004,0.0255428131542408,0,1.0,2.6992927971681687e-19,1.0,0.5,-0.007807497431821422
2025-05-02,-0.0092292075151919,0.0213348470006593,0,0.999998891930477,1.1080695094251928e-06,0.999998891930477,0.5000005540347615,-0.006287476688780602
2025-05-05,0.0122867996448827,0.0149662954714871,1,0.12863254526787088,0.8713674547321533,0.12863254526787088,0.9356837273660645,-0.004759741923087223
2025-05-06,0.0247918823298386,0.0156412557385778,1,0.07482393663332058,0.9251760633666255,0.07482393663332058,1.0,0.0025978676308003774
2025-05-07,-0.0244527190571868,0.0169817590664325,1,0.058970157594489835,0.9410298424054816,0.058970157594489835,0.9705149212027551,-0.000744631830331563
2025-05-08,-0.0010178351083273,0.0155516413163011,1,0.006460432522247968,0.9935395674777951,0.006460432522247968,1.0,0.00047578405880305713
2025-05-09,0.0114749879518431,0.0156396641688151,1,0.0008904986268892263,0.9991095013731521,0.0008904986268892263,1.0,0.004616623152210057
2025-05-12,-0.0057210346476629,0.0141475162373015,1,3.196638498522352e-05,0.9999680336150321,3.196638498522352e-05,1.0,0.001015056293700937
2025-05-13,0.0100739987992245,0.0142464696553452,1,1.2240558052285478e-05,0.9999877594419753,1.2240558052285478e-05,0.9999938797209739,-0.001928520412421883
2025-05-14,-0.0229817583830594,0.0152161749208222,1,6.257049585208444e-05,0.999937429504185,6.257049585208444e-05,0.9999687147520739,-0.001634328277596403
2025-05-15,0.0122325890486554,0.0152332653492777,1,3.685682830471287e-05,0.9999631431716769,3.685682830471287e-05,1.0,0.0010157565538001369
2025-05-16,-0.0105246727423888,0.0153336293021082,1,3.899192640803545e-05,0.9999610080735503,3.899192640803545e-05,0.999980504036796,-0.003384175585046243
2025-05-19,0.0040872277824274,0.0152425218656666,1,4.0285068248307706e-05,0.9999597149318018,4.0285068248307706e-05,0.9999798574658758,-0.0014225230990281832
2025-05-20,0.0238466075219028,0.0160144699555503,1,0.00019170424805336114,0.9998082957519216,0.00019170424805336114,1.0,0.001331998645507477
2025-05-21,0.0125331809419786,0.0141530459949522,1,1.5650446312134603e-05,0.9999843495536712,1.5650446312134603e-05,1.0,0.008434986510515077
2025-05-22,-0.0158576013698842,0.0145857884417775,1,1.967748345311354e-05,0.9999803225165307,1.967748345311354e-05,1.0,0.0028169484268071574
2025-05-23,0.0138891143508316,0.014433881880755,1,1.3899879136056325e-05,0.9999861001208205,1.3899879136056325e-05,1.0,0.007699705845451238
2025-05-27,-0.007251225562717,0.0145059559746092,1,1.4283356167702231e-05,0.9999857166438088,1.4283356167702231e-05,1.0,0.005432015176422358
2025-05-28,-0.0083043162431883,0.0143672064434046,1,5.481985419011925e-05,0.999945180145865,5.481985419011925e-05,0.999972590072905,-0.0009981695765958626
2025-05-29,0.01061720993032,0.0144161318224545,1,0.0013234736421282917,0.9986765263578186,0.0013234736421282917,0.9993382631789358,-0.0013813637789275822
2025-05-30,-0.0099503056736478,0.0145153325171084,1,0.03910896797297951,0.9608910320269761,0.03910896797297951,0.9804455160135103,-0.00019990463968030253
2025-06-02,0.0516432379820978,0.0181727469760665,0,0.9994581591639249,0.0005418408361303697,0.9994581591639249,1.0,0.0073509200865729376
2025-06-03,-0.004759635096682,0.0181668722929152,0,0.9999463107678788,5.368923211105193e-05,0.9999463107678788,1.0,0.007849238179779937
2025-06-04,-0.0031857427509059,0.0174825219006691,0,0.9998979294365115,0.0001020705634725402,0.9998979294365115,1.0,0.008872952878236418
2025-06-05,0.0348052248646647,0.017813918972329,0,0.9999926160311129,7.3839688675447826e-06,0.9999926160311129,1.0,0.013710555865105356
2025-06-06,0.0073687120652742,0.0177688476633112,0,0.9999575583665764,4.2441633378442206e-05,0.9999575583665764,1.0,0.017174359412889757
2025-06-09,0.0211872569494868,0.0180793175408993,0,0.9999889315186936,1.106848127391664e-05,0.9999889315186936,1.0,0.011083163206367557
2025-06-10,-0.0048033670852029,0.0180499809493532,0,0.9999748424847409,2.5157515244618008e-05,0.9999748424847409,1.0,0.011074416808663376
2025-06-11,-0.0084617844879124,0.0182896489808769,0,0.9999681717985671,3.182820145301147e-05,0.9999681717985671,1.0,0.010019208461262075
2025-06-12,0.0033328498292545,0.0170927431105522,0,0.9994456308060399,0.0005543691939946441,0.9994456308060399,1.0,0.003724733454180037
2025-06-13,-0.0027260398239288,0.0171385112303371,0,0.9991262881168738,0.0008737118831186332,0.9991262881168738,1.0,0.0017057830763394372
2025-06-16,0.0018181083369897,0.0167537816846346,0,0.9988448679728822,0.0011551320271741337,0.9988448679728822,0.500577566013559,-0.0021680466461599826
2025-06-17,0.0212679244196189,0.0170881323847803,0,0.9995091065317605,0.0004908934681845415,0.9995091065317605,1.0,0.003046211654804377
2025-06-18,-0.0140280230754728,0.017203732052806,0,0.999692671190929,0.00030732880910323173,0.999692671190929,1.0,0.001932963937292297
2025-06-20,-0.0166695547473393,0.0177572129897916,0,0.9998799662758464,0.00012003372415756062,0.9998799662758464,0.5000600168620768,-0.002067516978026463
2025-06-23,0.0073081282222503,0.0171742825427432,0,0.9995764465090441,0.00042355349097766403,0.9995764465090441,0.5002117767454779,-6.068336879064308e-05
2025-06-24,-0.0106756687464219,0.0173565508218492,0,0.9993441699658211,0.0006558300341823569,0.9993441699658211,0.5003279150170894,-0.002559438785472963
2025-06-25,0.0121914864999515,0.017271289947724,0,0.9984861815468358,0.0015138184531590815,0.9984861815468358,0.5007569092265821,-0.004374726369406443
2025-06-26,0.0099473868814909,0.0170454711356768,0,0.9958862622707492,0.004113737729211203,0.9958862622707492,1.0,0.00042035562198629723
2025-06-27,-0.0218323174506845,0.0180297895203011,0,0.991786339437301,0.00821366056265702,0.991786339437301,0.5041068302813495,-0.0006121969186827427
2025-06-30,0.0058078243801921,0.0177444417723131,0,0.8759409409858614,0.12405905901413823,0.8759409409858614,0.5620295295070693,-0.0009122576870943828
2025-07-01,-0.0024413143018457,0.0138779825527546,1,0.017970454939812752,0.9820295450602213,0.017970454939812752,1.0,0.0007346132018208571
2025-07-02,0.0154619459556059,0.0141116845530875,1,0.0005662126051150056,0.9994337873948469,0.0005662126051150056,1.0,0.001388705092951737
2025-07-03,0.0080898311780459,0.0140858609915284,1,2.16171936856289e-05,0.9999783828062903,2.16171936856289e-05,1.0,0.001017193952262737
2025-07-07,-0.002390142099876,0.0120174659382057,1,5.2388798091132e-06,0.9999947611201729,5.2388798091132e-06,1.0,0.004905629022424437
2025-07-08,-0.0041966304723016,0.0119978218219105,1,5.283537190322181e-06,0.9999947164628538,5.283537190322181e-06,1.0,0.0029047380519256973
2025-07-09,-0.0087495176220253,0.0111739811174031,1,9.066656724691454e-06,0.9999909333433311,9.066656724691454e-06,1.0,0.0016430973878897772
2025-07-10,0.0224728558520585,0.0122455212335731,1,1.0189379676452774e-05,0.9999898106203344,1.0189379676452774e-05,1.0,0.003045279367180297
2025-07-11,0.0372243850434931,0.0144874832501518,1,8.72402441525674e-05,0.9999127597558145,8.72402441525674e-05,1.0,0.008872190140269737
2025-07-14,-0.0114844131040622,0.0148472294409563,1,2.5493478198802914e-05,0.999974506521814,2.5493478198802914e-05,1.0,0.007053335939432496
2025-07-15,-0.0107419453540225,0.0150967064709553,1,2.752939973445042e-05,0.9999724706002779,2.752939973445042e-05,1.0,0.005744272963088317
2025-07-16,0.0043687714710364,0.0151065795998472,1,2.2405397043694455e-05,0.9999775946030082,2.2405397043694455e-05,1.0,0.008367930781700655
2025-07-17,0.006950554297837,0.0144737600771546,1,1.1689875208017978e-05,0.9999883101247646,1.1689875208017978e-05,1.0,0.005263470470856357
2025-07-18,-0.001155094390446,0.014034372333398,1,7.847923718742543e-06,0.9999921520762742,7.847923718742543e-06,0.9999960760381406,-0.002412425415931463
2025-07-21,0.0211556738953152,0.0139380221279588,1,1.2827789583214643e-05,0.9999871722104346,1.2827789583214643e-05,1.0,0.004115591983944017
2025-07-22,0.0104124410048278,0.0139955427240679,1,8.344029462713477e-06,0.999991655970485,8.344029462713477e-06,1.0,0.008346469255714079
2025-07-23,-0.0008402911587627,0.0136197153472232,1,5.981371113644617e-06,0.9999940186288937,5.981371113644617e-06,1.0,0.007304656729754258
2025-07-24,-0.0056194850712734,0.0136733849884145,1,7.276950543993203e-06,0.9999927230494331,7.276950543993203e-06,1.0,0.004790648855932178
2025-07-25,-0.0236647340674414,0.0148684335903252,1,4.1568913704428706e-05,0.9999584310862614,4.1568913704428706e-05,1.0,0.0002887209205330976
2025-07-28,-0.0005772138106541,0.0138010296866239,1,7.387800464439235e-06,0.9999926121995537,7.387800464439235e-06,0.9999963060997679,-0.004057856620660762
2025-07-29,0.0005772138106541,0.0137946628029253,1,1.6045507750416185e-05,0.9999839544922595,1.6045507750416185e-05,0.9999919772461248,-0.006024902059495502
2025-07-30,-0.0337424282243565,0.0160112802910135,1,0.0005154169695693806,0.9994845830303957,0.0005154169695693806,0.9997422915152153,-0.01260532947261426
2025-07-31,-0.0056860435209781,0.0157138315762555,1,0.0001297752221305002,0.9998702247779175,0.0001297752221305002,0.9999351123889347,-0.0126186411625552
2025-08-01,0.0080706000271547,0.0157133188124112,1,8.282673994938544e-05,0.9999171732600243,8.282673994938544e-05,0.9999585866300253,-0.00627157434363598
2025-08-04,0.0115436946053643,0.0159039440448122,1,0.00011199239972883659,0.9998880076002168,0.00011199239972883659,0.9999440038001356,-0.0038473926604323007
2025-08-05,0.0108298714746223,0.0160092688144471,1,0.0001235975530473464,0.9998764024469048,0.0001235975530473464,0.9999382012234763,-0.0017968611276386608
2025-08-06,0.0,0.0158310654605156,1,7.565157352516513e-05,0.9999243484264748,7.565157352516513e-05,1.0,0.004951624517232639
2025-08-07,0.0118652778630367,0.0152772449169838,1,3.634689580543449e-05,0.9999636531041899,3.634689580543449e-05,1.0,0.008461888794035598
2025-08-08,0.0034463775534653,0.012780053686436,1,5.004029246392372e-06,0.9999949959707384,5.004029246392372e-06,1.0,0.007537044299297718
2025-08-11,-0.0202729430474136,0.0133273224003426,1,1.1601724002337437e-05,0.9999883982759435,1.1601724002337437e-05,1.0,0.001173716768742139
2025-08-12,0.0067065287590489,0.0132027124122077,1,5.20232486657005e-06,0.999994797675189,5.20232486657005e-06,1.0,0.0003490482256274591
2025-08-13,0.01700084611443,0.013704333083426,1,8.821093843996626e-06,0.9999911789061823,8.821093843996626e-06,1.0,0.003749217448513459
2025-08-14,-0.0143887374520995,0.0140311721633807,1,1.144716741019356e-05,0.9999885528325552,1.144716741019356e-05,0.9999942764162949,-0.0015015856145137812
2025-08-15,0.0,0.0140294844214613,1,7.574527635344403e-06,0.999992425472366,7.574527635344403e-06,0.9999962127361823,-0.002190861125206841
2025-08-18,0.0014482040941807,0.0131159689500824,1,4.9301858948208974e-06,0.9999950698140654,4.9301858948208974e-06,1.0,0.0021533683031120182
2025-08-19,-0.0198778928375467,0.0134556652266019,1,1.197828368457532e-05,0.9999880217162664,1.197828368457532e-05,0.9999940108581578,-0.003163516016207102
2025-08-20,0.0163986509201432,0.0141143318326628,1,1.1425411718094381e-05,0.9999885745883291,1.1425411718094381e-05,0.999994287294141,-0.0032839550550644624
2025-08-21,0.0052143890682829,0.014167707609024,1,8.688909772900597e-06,0.9999913110901891,8.688909772900597e-06,1.0,0.0006366702490120179
2025-08-22,0.0208727959268865,0.013958690124957,1,1.2880758552334102e-05,0.999987119241462,1.2880758552334102e-05,1.0,0.004811229434389318
2025-08-25,-0.0090961312800625,0.0141372687166415,1,9.928000275491224e-06,0.9999900719997751,9.928000275491224e-06,1.0,0.0027023623595406787
2025-08-26,0.0,0.0141377897663383,1,8.159045328124403e-06,0.9999918409547239,8.159045328124403e-06,1.0,0.006677940927050019
2025-08-27,-0.0008569855797029,0.0116343287632018,1,5.621117493069853e-06,0.9999943788825437,5.621117493069853e-06,1.0,0.003226813627080799
2025-08-28,0.0150335766619647,0.0118198308316301,1,6.184433373622574e-06,0.9999938155666784,6.184433373622574e-06,1.0,0.00519065114581716
2025-08-29,0.0186868686174919,0.0122796588421491,1,6.733896177055767e-06,0.9999932661037783,6.733896177055767e-06,1.0,0.0047534656839382395
2025-09-02,0.0261810126082718,0.0131736554348644,1,1.1938522525920756e-05,0.9999880614774215,1.1938522525920756e-05,1.0,0.011808894461605098
2025-09-03,0.0051013299627987,0.0130898699999014,1,4.931966675192505e-06,0.9999950680332835,4.931966675192505e-06,1.0,0.01282916045416484
2025-09-04,-0.0110409050719226,0.0135014748369366,1,7.277674472828949e-06,0.9999927223254805,7.277674472828949e-06,1.0,0.010792376555720901
2025-09-05,0.0075532806260949,0.0133969215942768,1,5.532851703427586e-06,0.9999944671482849,5.532851703427586e-06,1.0,0.009296317348546938
2025-09-08,0.008030001592418,0.0134368041266806,1,5.643072772216873e-06,0.9999943569272378,5.643072772216873e-06,1.0,0.0071649439435321595
2025-09-09,-0.008836528845252,0.0125819902578783,1,5.551427256830064e-06,0.9999944485727543,5.551427256830064e-06,1.0,0.00016143565282739845
2025-09-10,0.0061670537798943,0.0125769258025132,1,4.510171457891338e-06,0.9999954898285596,4.510171457891338e-06,1.0,0.0003745804162465184
2025-09-11,0.0101064973068513,0.0122984135482864,1,4.852574269714472e-06,0.9999951474257572,4.852574269714472e-06,1.0,0.0046040608920012984
2025-09-12,0.0144492000092532,0.0117266094041227,1,6.210859898780839e-06,0.9999937891401094,6.210859898780839e-06,1.0,0.005983244768632959
2025-09-15,0.0108950021211077,0.0117216404491451,1,5.643125636556307e-06,0.9999943568743738,5.643125636556307e-06,1.0,0.006556244874370898
2025-09-16,-0.0041365067782248,0.0118965201670362,1,5.4950818473555785e-06,0.999994504918141,5.4950818473555785e-06,1.0,0.007496249287776339
2025-09-17,-0.0212076953521362,0.012048813234006,1,1.2411744204633826e-05,0.9999875882558094,1.2411744204633826e-05,1.0,0.002021299461370239
2025-09-18,0.0052784697932323,0.0117716211734264,1,5.31788982922205e-06,0.9999946821101704,5.31788982922205e-06,1.0,0.0010556939586464386
2025-09-19,0.0272637736145603,0.012789203203681,1,1.1854636226796043e-05,0.999988145363781,1.1854636226796043e-05,1.0,0.003618608679707859
2025-09-22,0.0252921923164386,0.0130938443872214,1,1.1036344868866397e-05,0.9999889636551064,1.1036344868866397e-05,1.0,0.006498046718774038
2025-09-23,-0.00200004644308,0.0127478896358186,1,4.733870889690449e-06,0.9999952661291398,4.733870889690449e-06,1.0,0.006925338785802998
2025-09-24,-0.0035096398970896,0.0128670936302173,1,5.0785847677674155e-06,0.999994921415286,5.0785847677674155e-06,1.0,0.010464949876812317
2025-09-25,0.0299341857304484,0.0137612799016144,1,2.2138553281825334e-05,0.9999778614466758,2.2138553281825334e-05,1.0,0.015396093064255536
2025-09-26,0.0200272548960195,0.0139404739097095,1,1.251756201570796e-05,0.9999874824379882,1.251756201570796e-05,1.0,0.013948789320547378
2025-09-29,0.0151733443317348,0.0138231647998609,1,8.763815088908597e-06,0.9999912361848592,8.763815088908597e-06,1.0,0.011925019723606618
2025-09-30,-0.0030635365011373,0.013341107021137,1,5.468317822884324e-06,0.9999945316821496,5.468317822884324e-06,1.0,0.011712321711995159
2025-10-01,0.0126643560182011,0.0134042094348766,1,6.279906819177382e-06,0.9999937200931808,6.279906819177382e-06,1.0,0.014947120895053298
2025-10-02,-0.0088952148840593,0.0132604342653095,1,6.292499987144676e-06,0.9999937075000552,6.292499987144676e-06,1.0,0.007181240772151758
2025-10-03,0.0230109325027783,0.0137328030145139,1,1.257008562826027e-05,0.9999874299144185,1.257008562826027e-05,1.0,0.007777976293503517
2025-10-06,0.0123317594766993,0.0137697030836351,1,7.997526781668616e-06,0.9999920024731981,7.997526781668616e-06,1.0,0.007209659322496417
2025-10-07,-0.0153233867992352,0.0142561350634312,1,2.2261915758828705e-05,0.9999777380841889,2.2261915758828705e-05,1.0,0.004757689262876837
2025-10-08,0.0266076406943286,0.0148586892098711,1,0.00021441800388041454,0.9997855819961444,0.00021441800388041454,1.0,0.007546346198102338
2025-10-09,0.0033605433309271,0.0149026571335396,1,0.0014534190669227725,0.9985465809330657,0.0014534190669227725,1.0,0.009997497841099618
2025-10-10,0.0159755167199325,0.0149390876526007,1,0.028003548032310845,0.9719964519677008,0.028003548032310845,1.0,0.008590414684530458
2025-10-13,0.0394915497543642,0.016471858871405,0,0.4051667398991367,0.5948332601009169,0.4051667398991367,1.0,0.014022372740063438
2025-10-14,-0.009781049621695,0.0167709071567197,0,0.4688771698535236,0.5311228301464445,0.4688771698535236,1.0,0.015130840175571477
2025-10-15,0.032169337122019,0.0158254307226565,0,0.5372006277344639,0.46279937226548784,0.5372006277344639,1.0,0.016243179461109557
2025-10-16,0.0172311204410869,0.015771897263116,0,0.6229812692778198,0.3770187307221969,0.6229812692778198,1.0,0.019017294883141515
2025-10-17,-0.0453487953501986,0.0200643585227694,0,0.9999963951046487,3.604895309292053e-06,0.9999963951046487,1.0,0.0067524324691153
2025-10-20,0.0154157739758667,0.0197685590222722,0,0.9999999157149695,8.428502031604644e-08,0.9999999157149695,1.0,0.0019372773134157986
2025-10-21,-0.085945121089719,0.0289539975459927,0,1.0,2.869775399224062e-33,1.0,0.5,-0.013295536980189
2025-10-22,0.002053158028231,0.0288988997894503,0,1.0,2.634108488225921e-29,1.0,0.5,-0.019318772798946598
2025-10-23,0.0068135451507641,0.0282990601786183,0,1.0,1.8454471413309037e-27,1.0,0.5,-0.02140228785701116
2025-10-24,-0.0043098313832541,0.0280823850804542,0,1.0,1.342973775222743e-26,1.0,0.5,-0.013194495063622257
2025-10-27,-0.0368139752906505,0.0292284221947732,0,1.0,9.734708710198402e-31,1.0,0.5,-0.023640444916925702
2025-10-28,0.0070505398763918,0.0292622491634306,0,1.0,1.2560258731138837e-30,1.0,0.5,-0.005041312723703541
2025-10-29,0.0123357499884994,0.0292550847194813,0,1.0,9.334835093117944e-31,1.0,0.5,-0.0029847943316498606
2025-10-30,0.0253525195389674,0.0296833058999901,0,1.0,8.987675755824977e-33,1.0,1.0,0.0007230005459907991
2025-10-31,-0.0074703649447855,0.0293327199260035,0,1.0,1.2105790346689263e-30,1.0,1.0,9.089383368451922e-05
2025-11-03,-0.0056967229271576,0.0292287483402224,0,1.0,2.6402944198166222e-30,1.0,1.0,0.006314344306383099
2025-11-04,-0.0235848305949684,0.0295086569924484,0,1.0,2.478120727454473e-31,1.0,1.0,0.00018727021211105977
2025-11-05,0.0210680280801764,0.0292632835224017,0,1.0,4.02241760304283e-31,1.0,1.0,0.0019337258304464595
2025-11-06,-0.0022936314629347,0.0292459246492829,0,1.0,2.1378463536904597e-30,1.0,0.5,-0.0035955043699339604
2025-11-07,0.0084600697307837,0.0290597690723318,0,1.0,5.5259856985160546e-30,1.0,0.5,-0.0004094174348201203
2025-11-10,0.0416959911524555,0.0292278843503405,0,1.0,3.218010357185722e-32,1.0,1.0,0.0090691253811025
2025-11-11,0.0143107350217593,0.029368215140055,0,1.0,3.300228690960505e-31,1.0,1.0,0.016648238504448038
2025-11-12,0.0394690656260268,0.0298356069763067,0,1.0,3.607986597745713e-34,1.0,1.0,0.020328446013618117
2025-11-13,-0.0188015052871299,0.0298275986844912,0,1.0,2.315730188647897e-32,1.0,1.0,0.01702687124877908
2025-11-14,-0.0312726089632409,0.0288978187506221,0,1.0,1.7901498874507352e-29,1.0,1.0,0.009080335509974159
2025-11-17,-0.0107186383772047,0.0287015171096983,0,1.0,1.5184988973502133e-28,1.0,0.5,-0.0014025903959578798
2025-11-18,0.013760122220017,0.0210751033227807,0,0.9999999992638777,7.361778960062625e-10,0.9999999992638777,0.5000000003680611,-0.0015127129563063397
2025-11-19,0.0075635647815318,0.0211039854924668,0,0.9999999991191544,8.808075187236315e-10,0.9999999991191544,0.5000000004404228,-0.007893813125205339
2025-11-20,-0.0145291938249389,0.0214298875671281,0,0.99999999974807,2.519217024134077e-10,0.99999999974807,0.500000000125965,-0.007039350832767138
2025-11-21,-0.010540272212812,0.0215678954378175,0,0.9999999998422027,1.5784618901573612e-10,0.9999999998422027,0.5000000000788987,-0.002892883482681359
2025-11-24,0.0289371180793529,0.0204054838350679,0,0.9999999971320221,2.867964025095322e-09,0.9999999971320221,1.0,0.005038267808630161
2025-11-25,0.0008573870012291,0.0204158002870956,0,0.9999999854348972,1.456507621688585e-08,0.9999999854348972,1.0,0.002457720764872581
2025-11-26,0.0363983245213694,0.0215810437645197,0,0.9999999999893134,1.0720074521366701e-11,0.9999999999893134,1.0,0.008224672712840102
2025-11-28,0.0564349623475479,0.0240523694656494,0,1.0,2.140195774179168e-18,1.0,1.0,0.02241750394733746
2025-12-01,0.0252592505540258,0.0241148707176963,0,1.0,1.7406608294196477e-16,1.0,1.0,0.029577408500705022
2025-12-02,0.0115477024160749,0.0238748920351979,0,1.0,1.8934943339005298e-15,1.0,1.0,0.026099525368049426
2025-12-03,-0.0011299694772932,0.0227276177714889,0,0.9999999999990905,9.351607135126133e-13,0.9999999999990905,1.0,0.02570205407234496
2025-12-04,-0.024994173324595,0.0239365901123941,0,1.0,1.3563309690535343e-15,1.0,1.0,0.01342355450315208
2025-12-05,0.0227304686913225,0.0239955075924655,0,1.0,4.254827769083863e-16,1.0,1.0,0.006682655771907001
2025-12-08,-0.0045429129581166,0.0242081357814075,0,1.0,5.400604814702845e-16,1.0,1.0,0.0007222230694785212
2025-12-09,0.0456141205970447,0.0244997176102457,0,1.0,1.3038492819481831e-18,1.0,1.0,0.007535506705672481
2025-12-10,0.0161816105977963,0.0245233455287413,0,1.0,4.073041737357148e-17,1.0,1.0,0.010997822720690381
2025-12-11,0.0272688064263344,0.0238796015831813,0,1.0,5.003471026782704e-16,1.0,1.0,0.021450418670876263
2025-12-12,-0.0267339257897687,0.0244219076096299,0,1.0,9.188052855567439e-17,1.0,1.0,0.011557539774658024
2025-12-15,0.0352019912610139,0.0232322815388103,0,1.0,5.58038776947866e-15,1.0,1.0,0.019506520618484124
2025-12-16,-0.0065608154469443,0.0230386418966327,0,0.9999999999997726,2.181285738466916e-13,0.9999999999997726,1.0,0.009071533409686323
2025-12-17,0.0428915447049553,0.024058345294852,0,1.0,2.3746912170816152e-17,1.0,1.0,0.014413520231118124
2025-12-18,-0.0157219937232445,0.0249038730866537,0,1.0,1.0249654634590873e-17,1.0,1.0,0.005815360201202342
2025-12-19,0.026779157143869,0.0242728821238456,0,1.0,6.244286508734358e-17,1.0,1.0,0.016517976787929885
2025-12-22,0.0249607917770756,0.0236513181615388,0,1.0,2.1234892146518436e-15,1.0,1.0,0.014469736891142223
2025-12-23,0.0372361793421961,0.0239597578436091,0,1.0,9.438697767485853e-17,1.0,1.0,0.023229135848970302
2025-12-24,0.0058435486895683,0.023814099922241,0,0.9999999999997726,1.9338076583973338e-13,0.9999999999997726,1.0,0.0158195366458929
