Date,VIXY_ret,VIXY_vol,regime,prob_regime_0,prob_regime_1,p_high_vol,risk_scale,momentum
2024-08-20,0.042863664271437,0.1257095263813989,1,1.8109959288647118e-88,1.0,1.0,0.5,
2024-08-21,0.0104349502713833,0.1221450294294421,1,1.7436587252942084e-13,0.9999999999997726,0.9999999999997726,0.5000000000001137,
2024-08-22,0.0440002866476918,0.1225747965692143,1,5.3670204325400934e-14,1.0,1.0,0.5,
2024-08-23,-0.0623334086538662,0.1226702396784869,1,1.39007902246091e-13,0.9999999999998863,0.9999999999998863,0.5000000000000568,
2024-08-26,0.0017605201602016,0.1226233131676195,1,1.6290791361549437e-13,0.9999999999998863,0.9999999999998863,1.0,0.0073452025393695
2024-08-27,-0.0231327249478802,0.1225069996411511,1,2.126867967655025e-13,0.9999999999997726,0.9999999999997726,0.5000000000001137,-0.005854075304493939
2024-08-28,0.0560076678407678,0.1230450221862233,1,2.6216092264095404e-14,1.0,1.0,1.0,0.0032604682093829605
2024-08-29,-0.0363991722840523,0.1216407228722488,1,3.102580227240054e-13,0.9999999999996589,0.9999999999996589,0.5000000000001705,-0.01281942357696586
2024-08-30,-0.0295587955077451,0.1101508764499368,1,5.3873109185259437e-11,0.9999999999461124,0.9999999999461124,0.5000000000269438,-0.006264500947741641
2024-09-03,0.1845916707280645,0.0823983204387458,1,7.51543121749156e-09,0.9999999924846179,0.9999999924846179,1.0,0.03030172916583094
2024-09-04,0.020943225387333,0.0674621272980133,1,0.13942687065302745,0.8605731293469411,0.8605731293469411,1.0,0.03911691923287359
2024-09-05,-0.0438799525278535,0.0677074382253639,1,0.274571228917395,0.725428771082583,0.725428771082583,1.0,0.019139395159149326
2024-09-06,0.0687350437903732,0.0680100308268188,1,0.344669296394438,0.655330703605616,0.655330703605616,1.0,0.04016623837403442
2024-09-09,-0.0641054471136285,0.0616562419959755,0,0.9327497517291712,0.06725024827085507,0.06725024827085507,1.0,0.033256908052857734
2024-09-10,-0.0194331808842493,0.0617753800731852,0,0.9944680336534255,0.005531966346559534,0.005531966346559534,0.9972340168267202,-0.007548062269605023
2024-09-11,-0.0441307231082573,0.0598156144069927,0,0.9997308272177403,0.00026917278222513826,0.00026917278222513826,0.9998654136088874,-0.020562851968723084
2024-09-12,-0.0065843798555033,0.0576426960634971,0,0.9999863062829172,1.3693717133250706e-05,1.3693717133250706e-05,0.9999931531414334,-0.013103737434253044
2024-09-13,-0.0041373031215226,0.0569154655004338,0,0.9999946915964908,5.30840353017775e-06,5.30840353017775e-06,0.999997345798235,-0.0276782068166322
2024-09-16,0.0066115878185179,0.0569089606514016,0,0.9999937160191249,6.283980893739771e-06,6.283980893739771e-06,0.9999968580095531,-0.013534799830202924
2024-09-17,0.0252147936790026,0.0567386731544498,0,0.9999904803367566,9.519663297602358e-06,9.519663297602358e-06,0.9999952401683512,-0.004605204917552542
2024-09-18,-0.0121213297053759,0.0562071420499905,0,0.9999961981481613,3.801851837102163e-06,3.801851837102163e-06,1.0,0.0017966737630237387
2024-09-19,-0.0381156355419208,0.0569411422131262,0,0.9999958893854812,4.110614533397722e-06,4.110614533397722e-06,0.9999979446927333,-0.004509577374259761
2024-09-20,-0.0067796804101284,0.0560573572953996,0,0.9999962334334663,3.766566589542295e-06,3.766566589542295e-06,0.9999981167167052,-0.005038052831980921
2024-09-23,0.0033955857023685,0.0541890667114043,0,0.9999973480689653,2.651931038943005e-06,2.651931038943005e-06,0.9999986740344805,-0.005681253255210802
2024-09-24,0.0008471181043064,0.0541896144650597,0,0.9999974814199842,2.5185799904813624e-06,2.5185799904813624e-06,0.9999987407100048,-0.010554788370150042
2024-09-25,0.0109474070807813,0.0538961112210614,0,0.9999971512064227,2.84879362961488e-06,2.84879362961488e-06,0.9999985756031852,-0.0059410410129186
2024-09-26,0.0008371895957649,0.0524656144320171,0,0.9999983959834612,1.6040165031530043e-06,1.6040165031530043e-06,1.0,0.0018495240146185394
2024-09-27,0.0457970803582865,0.0526138384193821,0,0.9999936592007347,6.340799227221993e-06,6.340799227221993e-06,1.0,0.012364876168301519
2024-09-30,-0.0210024057839937,0.052352575027099,0,0.9999988228493174,1.1771507312557955e-06,1.1771507312557955e-06,1.0,0.007485277871029078
2024-10-01,0.0754481844312325,0.0357421300291349,0,0.9999995342916411,4.657083027958595e-07,4.657083027958595e-07,1.0,0.022405491136414296
2024-10-02,-0.0160247639604316,0.0355533309423063,0,0.9999999813662728,1.8633685963101034e-08,1.8633685963101034e-08,1.0,0.017011056928171713
2024-10-03,0.042912093896237,0.0354594541775002,0,0.9999999165378347,8.346215145233198e-08,8.346215145233198e-08,1.0,0.02542603778826614
2024-10-04,-0.0360128597791363,0.0327831380265358,0,0.9999999907341817,9.26581617186182e-09,9.26581617186182e-09,1.0,0.009064049760781576
2024-10-07,0.0835037883542072,0.0348130011928183,0,0.9999993783595413,6.216405082993283e-07,6.216405082993283e-07,1.0,0.029965288588421755
2024-10-08,-0.0408805369606173,0.0359041614421045,0,0.9999999812839635,1.871604854082186e-08,1.871604854082186e-08,1.0,0.006699544310051797
2024-10-09,-0.0252052007710792,0.0348160439566113,0,0.9999999852574321,1.474259343970449e-08,1.474259343970449e-08,1.0,0.004863456947922277
2024-10-10,0.0134230432432355,0.0347702408520518,0,0.9999999736004387,2.6399596024012085e-08,2.6399596024012085e-08,0.999999986800202,-0.001034353182678023
2024-10-11,-0.0104245430336954,0.0348895374680868,0,0.999999982920258,1.7079744386692695e-08,1.7079744386692695e-08,1.0,0.004083310166410156
2024-10-14,-0.0358132988247786,0.0360639124559178,0,0.9999999808825353,1.9117421808794724e-08,1.9117421808794724e-08,0.9999999904412891,-0.019780107269387004
2024-10-15,0.0305600262688926,0.0362565189154765,0,0.9999999380698928,6.193015518005228e-08,6.193015518005228e-08,0.9999999690349224,-0.005491994623485023
2024-10-16,-0.0090703483066024,0.0361947415714323,0,0.9999999767140937,2.3285901839089094e-08,2.3285901839089094e-08,0.9999999883570491,-0.0022650241305896632
2024-10-17,-0.0168457481312142,0.0352092399655146,0,0.9999999829251466,1.7074812546428007e-08,1.7074812546428007e-08,0.9999999914625937,-0.008318782405479603
2024-10-18,-0.0234385883991666,0.0356835008487065,0,0.9999999819351616,1.8064797644553653e-08,1.8064797644553653e-08,0.9999999909676012,-0.010921591478573843
2024-10-21,0.0007902196454548,0.0356892247168461,0,0.9999999756053061,2.4394707744366963e-08,2.4394707744366963e-08,0.9999999878026462,-0.0036008877845271634
2024-10-22,-0.0023724592398357,0.035709158609536,0,0.9999999768426735,2.3157350073908362e-08,2.3157350073908362e-08,0.999999988421325,-0.010187384886272823
2024-10-23,0.0479226070087929,0.0370546539995122,0,0.9999998520704704,1.4792948924894314e-07,1.4792948924894314e-07,1.0,0.001211206176806237
2024-10-24,-0.0167431817888628,0.0373708990624232,0,0.9999999721051158,2.7894842958783508e-08,2.7894842958783508e-08,1.0,0.0012317194452765169
2024-10-25,0.0450188834613249,0.0373258257275442,0,0.9999998614912424,1.3850875936521627e-07,1.3850875936521627e-07,1.0,0.014923213817374817
2024-10-28,-0.0465549439875175,0.0386508277445249,0,0.9999999637916523,3.6208326381903684e-08,3.6208326381903684e-08,1.0,0.005454181090780356
2024-10-29,-0.0053950534722967,0.0347020054537494,0,0.9999999823955933,1.7604415202312264e-08,1.7604415202312264e-08,1.0,0.004849662244288155
2024-10-30,0.022919276576835,0.0349084860316223,0,0.9999999641992197,3.5800765753888915e-08,3.5800765753888915e-08,0.999999982099617,-0.00015100384210342543
2024-10-31,0.0770170173822495,0.0377826698514827,0,0.999999198318372,8.016816801140368e-07,8.016816801140368e-07,1.0,0.018601035992119035
2024-11-01,-0.017637141248774,0.0370092781674736,0,0.999999974457069,2.554292798306755e-08,2.554292798306755e-08,1.0,0.006069831050099257
2024-11-04,-0.0451313760966051,0.0333806239654446,0,0.999999989142225,1.0857795866148383e-08,1.0857795866148383e-08,1.0,0.006354544628281736
2024-11-05,-0.0543154543537778,0.0343076209563784,0,0.9999999855799616,1.4420094342046844e-08,1.4420094342046844e-08,0.9999999927899528,-0.003429535548014484
2024-11-06,-0.106059629632937,0.0410860799487619,0,0.9999997419483058,2.580517181922965e-07,2.580517181922965e-07,0.9999998709741409,-0.02922531678996888
2024-11-07,-0.0310721341505417,0.0410920433638486,0,0.9999999381284416,6.187159905049991e-08,6.187159905049991e-08,0.9999999690642005,-0.05084314709652712
2024-11-08,-0.0042923920874976,0.041110265149831,0,0.9999999217926674,7.820731045764779e-08,7.820731045764779e-08,0.9999999608963448,-0.04817419726427184
2024-11-11,-0.0022665122246218,0.040663194131357,0,0.9999999273027269,7.269725436744121e-08,7.269725436744121e-08,0.9999999636513728,-0.03960122448987518
2024-11-12,-0.0020442972109349,0.0396841102810603,0,0.9999999420904276,5.790956753028961e-08,5.790956753028961e-08,0.9999999710452162,-0.0291469930613066
2024-11-13,-0.0243970996177057,0.039823554391588,0,0.9999999533260973,4.667386245097973e-08,4.667386245097973e-08,0.9999999766630687,-0.012814487058260346
2024-11-14,-0.0009323334285083,0.0398436979610263,0,0.9999999382071129,6.17928490447648e-08,6.17928490447648e-08,0.9999999691035755,-0.006786526913853666
2024-11-15,0.0674057436514264,0.0432016296021936,0,0.9999983664590373,1.6335409460937128e-06,1.6335409460937128e-06,1.0,0.007553100233931134
2024-11-18,-0.0370864789786506,0.0437652605314058,0,0.9999998798763344,1.2012365101075044e-07,1.2012365101075044e-07,1.0,0.0005891068831253745
2024-11-19,0.0355592681173465,0.0447774558934889,0,0.9999994470784196,5.529215419803045e-07,5.529215419803045e-07,1.0,0.008109819948781655
2024-11-20,0.0326489581989211,0.0439517035310269,0,0.9999995940180184,4.059820041320316e-07,4.059820041320316e-07,1.0,0.019519031512107016
2024-11-21,-0.0074239066330946,0.0438774445660892,0,0.9999998536794799,1.4632049854082348e-07,1.4632049854082348e-07,1.0,0.018220716871189754
2024-11-22,-0.0419581218694806,0.042938144927805,0,0.9999999014062317,9.859374094087157e-08,9.859374094087157e-08,0.9999999507031295,-0.003652056232991645
2024-11-25,-0.0357100503961116,0.0425126119323273,0,0.99999991281209,8.718796130262595e-08,8.718796130262595e-08,0.9999999564060194,-0.0033767705164838456
2024-11-26,-0.0104083459916985,0.0425049633942238,0,0.9999998996613663,1.0033865995100704e-07,1.0033865995100704e-07,0.99999994983067,-0.012570293338292845
2024-11-27,-0.0044273317360163,0.0418501489241858,0,0.9999999068155646,9.318443742473254e-08,9.318443742473254e-08,0.9999999534077813,-0.019985551325280324
2024-11-29,-0.0195737413654781,0.0364254299243856,0,0.9999999780670807,2.1932864976627954e-08,2.1932864976627954e-08,0.9999999890335676,-0.022415518271757022
2024-12-02,-0.0009530835690225,0.0365636361222068,0,0.9999999712459844,2.8753988862978945e-08,2.8753988862978945e-08,0.9999999856230055,-0.014214510611665407
2024-12-03,-0.0117493661746417,0.0358526198842829,0,0.9999999791707526,2.0829293334651377e-08,2.0829293334651377e-08,0.9999999895853533,-0.009422373767371425
2024-12-04,0.0060118013335757,0.0347090285578997,0,0.9999999781747422,2.182526279818063e-08,2.182526279818063e-08,0.9999999890873685,-0.006138344302316585
2024-12-05,0.0019162121086077,0.0263653460776526,0,0.9999999965015149,3.4985324117134307e-09,3.4985324117134307e-09,0.9999999982507337,-0.004869635533391785
2024-12-06,-0.0168923117588103,0.0257988206101569,0,0.9999999976361096,2.3639295600891877e-09,2.3639295600891877e-09,0.9999999988180353,-0.0043333496120582255
2024-12-09,0.0214285168793365,0.0264083678115568,0,0.9999999942186832,5.781312495256764e-09,5.781312495256764e-09,1.0,0.000142970477613575
2024-12-10,-0.0014303071551131,0.0264094898893516,0,0.9999999966894393,3.310563633120419e-09,3.310563633120419e-09,1.0,0.002206782281519295
2024-12-11,-0.0115164315210809,0.0264856951038613,0,0.999999997123382,2.876615785596979e-09,2.876615785596979e-09,0.9999999985616921,-0.001298864289412025
2024-12-12,0.0115164315210809,0.02617241756526,0,0.9999999958156423,4.184334594318003e-09,4.184334594318003e-09,1.0,0.0006211795930826148
2024-12-13,-0.0038240929518339,0.0261789714954207,0,0.9999999969669489,3.0330302215317805e-09,3.0330302215317805e-09,1.0,0.003234823354477894
2024-12-16,0.0201500784547475,0.0213334418136108,0,0.9999999978787173,2.1212640762839926e-09,2.1212640762839926e-09,1.0,0.0029791356695600935
2024-12-17,0.0225093896964539,0.0205711037082063,0,0.9999999879248663,1.2075141856694133e-08,1.2075141856694133e-08,1.0,0.007767075039873493
2024-12-18,0.1564426217658871,0.0401904636670651,0,0.9990070549743852,0.000992945025593284,0.000992945025593284,1.0,0.041358885697267096
2024-12-19,0.0819127555372681,0.0433387318361339,0,0.9999186974104249,8.130258962486079e-05,8.130258962486079e-05,1.0,0.05543815050050453
2024-12-20,-0.1621680788344518,0.057650070061964,0,0.9994371997199122,0.0005628002801118411,0.0005628002801118411,1.0,0.023769353323980953
2024-12-23,-0.0652332974582636,0.0587670981076459,0,0.999964562409252,3.5437590782465835e-05,3.5437590782465835e-05,1.0,0.006692678141378733
2024-12-24,-0.0584141732682513,0.059683001501313,0,0.9999866818735768,1.3318126450660166e-05,1.3318126450660166e-05,0.9999933409367747,-0.009492034451562308
2024-12-26,0.0059973789398651,0.0596774965533507,0,0.9999816813114978,1.8318688522766663e-05,1.8318688522766663e-05,0.9999908406557386,-0.03958108301676671
2024-12-27,0.0467265549578587,0.060630178464772,0,0.9999260328525577,7.396714743440021e-05,7.396714743440021e-05,0.9999630164262828,-0.04661832313264859
2024-12-30,0.0207822740385009,0.0605759428838417,0,0.9999651829070407,3.481709299234786e-05,3.481709299234786e-05,0.9999825914535039,-0.010028252558058047
2024-12-31,0.0064624384357659,0.0605721326702596,0,0.9999779414730513,2.2058526946742315e-05,2.2058526946742315e-05,1.0,0.004310894620747853
2025-01-02,0.0206645874138714,0.0605753952421359,0,0.9999703590484772,2.9640951542311403e-05,2.9640951542311403e-05,1.0,0.020126646757172396
2025-01-03,-0.0552403678566023,0.0620598664594726,0,0.9999695620171842,3.0437982790225154e-05,3.0437982790225154e-05,1.0,0.007879097397878914
2025-01-06,-0.0076169283493288,0.0620978660236923,0,0.9999282719674782,7.172803257566837e-05,7.172803257566837e-05,0.9999641359837121,-0.002989599263558585
2025-01-07,0.0598065335104979,0.06325249409668,0,0.9995370109370906,0.00046298906291456215,0.00046298906291456215,1.0,0.004815252630840816
2025-01-08,-0.0065688704906361,0.0631899834779107,0,0.9996665936825527,0.00033340631748297254,0.00033340631748297254,1.0,0.002208990845560415
2025-01-10,0.0665000401220358,0.0646879291200588,0,0.9989837926017157,0.001016207398270487,0.001016207398270487,1.0,0.011376081387193294
2025-01-13,-0.020349609190746,0.0648541394254723,0,0.9996052201861226,0.00039477981388428266,0.00039477981388428266,1.0,0.018354233120364556
2025-01-14,-0.0199158838892772,0.0651193118385153,0,0.999593468179448,0.0004065318205050476,0.0004065318205050476,1.0,0.015894442012374877
2025-01-15,-0.0873810708818158,0.0683448431182711,0,0.9989986302103795,0.0010013697895913426,0.0010013697895913426,0.9994993151052043,-0.013543078866087865
2025-01-16,0.0018665854676517,0.068200906111826,0,0.9991328351167021,0.0008671648832638616,0.0008671648832638616,0.9995664175583681,-0.011855987674430309
2025-01-17,0.0055787653106081,0.0680160622784971,0,0.9994511608122244,0.0005488391877599021,0.0005488391877599021,0.99972558040612,-0.024040242636715847
2025-01-21,-0.0416529286831003,0.0575806380695723,0,0.9999817017253011,1.8298274695372656e-05,1.8298274695372656e-05,0.9999908508626523,-0.028300906535186705
2025-01-22,0.0139190635792947,0.0537205382595377,0,0.9999968750788579,3.1249211586985894e-06,3.1249211586985894e-06,0.9999984375394206,-0.021533917041472325
2025-01-23,-0.018764052698626,0.0409227424509144,0,0.999999936146198,6.385383282427882e-08,6.385383282427882e-08,0.9999999680730836,-0.0078105134048343655
2025-01-24,-0.0029182639736754,0.0385291893333416,0,0.9999999563253833,4.3674665814907206e-08,4.3674665814907206e-08,0.9999999781626672,-0.008767483293099785
2025-01-27,0.0620847664939829,0.0389138769732428,0,0.9999995522267547,4.4777327012255063e-07,4.4777327012255063e-07,1.0,0.0025337169435751747
2025-01-28,-0.0320957143409164,0.0396587495317499,0,0.9999999560293428,4.3970682195323106e-08,4.3970682195323106e-08,1.0,0.004445159812011955
2025-01-29,-0.0066398772164007,0.0381584450770434,0,0.9999999622822322,3.771775562316314e-08,3.771775562316314e-08,1.0,0.00033337165287287485
2025-01-30,-0.003814065452634,0.0377774960227867,0,0.9999999638795323,3.6120504893368505e-08,3.6120504893368505e-08,1.0,0.0033233691020712747
2025-01-31,0.0351983786985244,0.0387035917349909,0,0.9999998722280534,1.2777193732198827e-07,1.2777193732198827e-07,1.0,0.010946697636511234
2025-02-03,0.019183053910248,0.0386595906279379,0,0.9999999256325537,7.436739581062261e-08,7.436739581062261e-08,1.0,0.0023663551197642546
2025-02-04,-0.0279834175781677,0.0371320219663107,0,0.9999999754076047,2.4592419983242235e-08,2.4592419983242235e-08,1.0,0.003188814472313994
2025-02-05,-0.0225839495779705,0.0374309634964457,0,0.9999999729996037,2.7000418514638794e-08,2.7000418514638794e-08,1.0,3.400058012914542e-17
2025-02-06,-0.0057265216057772,0.0345557090173815,0,0.9999999830417893,1.695822928803173e-08,1.695822928803173e-08,0.9999999915208854,-0.0003824912306286064
2025-02-07,0.0334148303883506,0.0355775015647492,0,0.9999999410167693,5.8983247880643045e-08,5.8983247880643045e-08,0.9999999705083761,-0.0007392008926633664
2025-02-10,-0.0257866720879282,0.0319420865622317,0,0.9999999921508334,7.84918655504369e-09,7.84918655504369e-09,0.9999999960754067,-0.009733146092298606
2025-02-11,0.0037923687401599,0.031875831616334,0,0.9999999887343166,1.1265659512841513e-08,1.1265659512841513e-08,0.9999999943671702,-0.0033779888286330864
2025-02-12,-0.005694005434805,0.0317075056126982,0,0.999999990852757,9.147211349304119e-09,9.147211349304119e-09,1.0,1.3877787807814457e-17
2025-02-13,-0.0167949471464871,0.0253892674687926,0,0.999999997816758,2.1832760621698103e-09,2.1832760621698103e-09,0.9999999989083619,-0.0022136851081419663
2025-02-14,-0.003635963816503,0.0253775876856444,0,0.9999999974003231,2.5996691716062857e-09,2.5996691716062857e-09,0.9999999987001654,-0.009623843949112688
2025-02-18,-0.0043806423061121,0.0253177408579216,0,0.9999999974625098,2.5374837267662632e-09,2.5374837267662632e-09,0.9999999987312581,-0.005342637992749466
2025-02-19,-0.0122700925918143,0.0237317118857597,0,0.9999999983340331,1.6659585489788077e-09,1.6659585489788077e-09,0.9999999991670208,-0.008555130259144306
2025-02-20,0.0056629363088472,0.0235281041612815,0,0.9999999978142569,2.1856978212533228e-09,2.1856978212533228e-09,0.9999999989071511,-0.0062837419104138665
2025-02-21,0.0671744191698421,0.0276867693619409,0,0.999999946672348,5.332770643435713e-08,5.332770643435713e-08,1.0,0.010510131352851972
2025-02-24,0.0064073165291404,0.0276637503535841,0,0.9999999950142637,4.985750639133216e-09,4.985750639133216e-09,1.0,0.012518787421980654
2025-02-25,0.0072727523931748,0.024003970077458,0,0.9999999975190121,2.480934997298427e-09,2.480934997298427e-09,1.0,0.014849466361838032
2025-02-26,-0.0219788856027981,0.0233785943887665,0,0.9999999985833483,1.4166331865099888e-09,1.4166331865099888e-09,1.0,0.012907707759641274
2025-02-27,0.0556010741930452,0.0262665911781201,0,0.9999999779927295,2.200727171959973e-08,2.200727171959973e-08,1.0,0.02289533533648087
2025-02-28,-0.019903304626085,0.0267650868807976,0,0.9999999972093292,2.7906666501030924e-09,2.7906666501030924e-09,1.0,0.005479790577295453
2025-03-03,0.0789940716060591,0.0309693972925662,0,0.9999997927298169,2.0727022498213673e-07,2.0727022498213673e-07,1.0,0.019997141592679193
2025-03-04,0.0254725943697579,0.0311466714151511,0,0.9999999827624607,1.7237553691076412e-08,1.7237553691076412e-08,1.0,0.023637109987995814
2025-03-05,-0.0469609064297717,0.0324917596909112,0,0.9999999906368657,9.363109485588793e-09,9.363109485588793e-09,1.0,0.018640705822601095
2025-03-06,0.1051918406443849,0.0387599566579895,0,0.9999932060761697,6.7939238557006946e-06,6.7939238557006946e-06,1.0,0.028558859112869033
2025-03-07,-0.0464296142792592,0.0407196564877411,0,0.9999999295142767,7.04856716247571e-08,7.04856716247571e-08,1.0,0.023253597182234194
2025-03-10,0.1034298302206939,0.0456205574816747,0,0.9999698005965588,3.0199403395434593e-05,3.0199403395434593e-05,1.0,0.02814074890516115
2025-03-11,-0.0001793622588856,0.0448344065692865,0,0.9999997597805366,2.4021940892655736e-07,2.4021940892655736e-07,1.0,0.023010357579432452
2025-03-12,-0.0526533686417945,0.0472261528024406,0,0.9999996824334907,3.1756654089376037e-07,3.1756654089376037e-07,1.0,0.02187186513702789
2025-03-13,0.0427407120044718,0.0475540777706301,0,0.9999985068137455,1.4931862169202902e-06,1.4931862169202902e-06,1.0,0.009381639409045274
2025-03-14,-0.0915497875876772,0.0527283562249733,0,0.9999968097195918,3.1902804489841697e-06,3.1902804489841697e-06,1.0,0.0003576047473616728
2025-03-17,-0.0382366663936794,0.0537535246339337,0,0.9999983131628499,1.6868371862166474e-06,1.6868371862166474e-06,0.9999991565814068,-0.027975694575512987
2025-03-18,0.0272596233073826,0.0538302453720695,0,0.9999955874736352,4.412526319007674e-06,4.412526319007674e-06,0.9999977937368405,-0.022487897462259345
2025-03-19,-0.0347115435320284,0.0545426322173407,0,0.9999979272819126,2.0727180699807603e-06,2.0727180699807603e-06,0.999998963640965,-0.01889953244030613
2025-03-20,-0.01676132290218,0.0548365310737379,0,0.999997635861471,2.3641384946310337e-06,2.3641384946310337e-06,0.9999988179307526,-0.030799939421636485
2025-03-21,0.0006336208581066,0.0530142874750819,0,0.9999981762463935,1.8237535609349674e-06,1.8237535609349674e-06,0.9999990881232195,-0.012363257732479723
2025-03-24,-0.0665675872590422,0.0553144382077026,0,0.9999964823550068,3.517645000391437e-06,3.517645000391437e-06,0.9999982411774998,-0.018029441905552286
2025-03-25,0.008091678169125,0.0553199925424659,0,0.9999959096957789,4.090304217932933e-06,4.090304217932933e-06,0.999997954847891,-0.021863030933203804
2025-03-26,0.0299912369360968,0.055425346857287,0,0.999992310654311,7.689345726682866e-06,7.689345726682866e-06,0.9999961553271366,-0.008922474839578764
2025-03-27,0.0064964076411447,0.0540512212270849,0,0.9999947508353196,5.249164672915505e-06,5.249164672915505e-06,0.9999973754176635,-0.0042709287309138245
2025-03-28,0.0857874702141737,0.0570144628901608,0,0.9998180217947579,0.0001819782052619628,0.0001819782052619628,1.0,0.012759841140299594
2025-03-31,-0.0043677104449719,0.0543838940404822,0,0.9999932830287924,6.716971242252989e-06,6.716971242252989e-06,1.0,0.025199816503113655
2025-04-01,0.0013918584494801,0.0540988189706892,0,0.999903888381858,9.611161816689671e-05,9.611161816689671e-05,1.0,0.023859852559184675
2025-04-02,-0.0278019726066308,0.0533765661183757,0,0.9924955018230238,0.007504498176971177,0.007504498176971177,1.0,0.012301210650639155
2025-04-03,0.2192544838821284,0.0688731020774523,1,5.345068863817316e-08,0.9999999465493389,0.9999999465493389,1.0,0.05485282589883589
2025-04-04,0.1820480962638135,0.0778563659674304,1,7.345365785584547e-11,0.9999999999265583,0.9999999999265583,1.0,0.07410495110876385
2025-04-07,0.0054554676787308,0.0752853807359857,1,2.356938719691549e-05,0.9999764306128581,0.9999764306128581,1.0,0.07606958673350439
2025-04-08,0.1192329043290608,0.0787714066660188,1,2.631534172195532e-08,0.9999999736846806,0.9999999736846806,1.0,0.09963779590942054
2025-04-09,-0.2347401940751438,0.0961830338580948,1,1.613344932108996e-13,0.9999999999998863,0.9999999999998863,1.0,0.058250151615717935
2025-04-10,0.1735042187059153,0.1027005392811388,1,1.9308345136426712e-14,1.0,1.0,1.0,0.04910009858047531
2025-04-11,-0.0289082777707117,0.1001318350920182,1,3.514558078142315e-09,0.9999999964854851,0.9999999964854851,1.0,0.006908823773570272
2025-04-14,-0.1219534641854437,0.1043700880946656,1,5.6083004402592996e-11,0.9999999999439524,0.9999999999439524,0.5000000000280238,-0.01857296259926463
2025-04-15,-0.0074906717291576,0.1044649105230638,1,5.328256448796821e-10,0.9999999994671498,0.9999999994671498,0.5000000002664251,-0.04391767781090831
2025-04-16,0.080158417139833,0.1047782588371287,1,2.17812456865405e-11,0.9999999999781721,0.9999999999781721,1.0,0.019062044432087054
2025-04-17,-0.0294367277376802,0.1050513978934229,1,4.676708690191502e-10,0.9999999995322923,0.9999999995322923,0.5000000002338538,-0.021526144856632047
2025-04-21,0.0574918746459218,0.1052819513469727,1,5.841052400455235e-11,0.999999999941565,0.999999999941565,0.5000000000292175,-0.0042461143733053455
2025-04-22,-0.0629383156702684,0.1051235778614193,1,3.251049985941204e-10,0.9999999996748556,0.9999999996748556,1.0,0.007556915329729713
2025-04-23,-0.0361441227746736,0.1059065284556866,1,3.2127655745644586e-10,0.999999999678721,0.999999999678721,1.0,0.0018262251206265137
2025-04-24,-0.034410432876637,0.1065749637173779,1,2.443045002045835e-10,0.999999999755687,0.999999999755687,0.5000000001221565,-0.021087544882667487
2025-04-25,-0.0462409253218359,0.1075003375954068,1,1.5234118924079643e-10,0.9999999998476596,0.9999999998476596,0.5000000000761702,-0.024448384399498625
2025-04-28,0.0069215617203953,0.1061859874986784,1,2.0965449149114214e-10,0.9999999997903615,0.9999999997903615,0.5000000001048193,-0.03456244698460393
2025-04-29,-0.0099952295138229,0.1062350458757512,1,2.6162828687540696e-10,0.9999999997384066,0.9999999997384066,0.5000000001307967,-0.023973829753314826
2025-04-30,0.0227464261901665,0.1062484319405421,1,1.4144775503281854e-10,0.9999999998585736,0.9999999998585736,0.5000000000707132,-0.012195719960346806
2025-05-01,-0.0149994614521656,0.1060385715634278,1,2.962244181296542e-10,0.9999999997037321,0.9999999997037321,0.500000000148134,-0.008313525675452526
2025-05-02,-0.0432029254934229,0.0946674175441644,1,2.8975041028496673e-08,0.9999999710249772,0.9999999710249772,0.5000000144875114,-0.0077059257097699275
2025-05-05,0.0202732303035052,0.0845629397567676,1,8.576275279342686e-07,0.9999991423724436,0.9999991423724436,0.5000004288137783,-0.0050355919931479465
2025-05-06,0.0380875561381458,0.0851738841991932,1,5.22596475327713e-05,0.9999477403524446,0.9999477403524446,1.0,0.004580965137245793
2025-05-07,-0.025663032724249,0.0798111325488563,1,0.03297233418888745,0.9670276658111067,0.9670276658111067,0.5164861670944467,-0.005100926645637307
2025-05-08,-0.0397732240138556,0.0612991904505285,0,0.9348007509762434,0.06519924902374126,0.06519924902374126,0.9674003754881293,-0.010055679157975308
2025-05-09,-0.0072962111263639,0.044642214812393,0,0.9999330915697761,6.690843018154374e-05,6.690843018154374e-05,0.9999665457849092,-0.0028743362845635063
2025-05-12,-0.1389959377457865,0.0526312118481102,0,0.9999661774291246,3.382257085387353e-05,3.382257085387353e-05,0.9999830887145731,-0.034728169894421845
2025-05-13,-0.0118111310677001,0.0468020484059241,0,0.9999996618562935,3.3814367678066207e-07,3.3814367678066207e-07,0.9999998309281617,-0.044707907335591025
2025-05-14,0.0240645388850146,0.0475635502415835,0,0.9999992494917339,7.5050822099858e-07,7.5050822099858e-07,0.9999996247458895,-0.034762393013738305
2025-05-15,-0.0169611031717348,0.0422616776868423,0,0.9999999115225403,8.84774825603806e-08,8.84774825603806e-08,0.9999999557612587,-0.030199968845314153
2025-05-16,0.0084190472565991,0.0425416820872005,0,0.9999998589041852,1.4109578763669683e-07,1.4109578763669683e-07,0.9999999294521063,-0.027056917168721543
2025-05-19,0.0,0.0391561048743649,0,0.9999999469102946,5.3089734398546295e-08,5.3089734398546295e-08,1.0,0.0007422703804357545
2025-05-20,-0.0090090517692727,0.0377592703205986,0,0.9999999665448064,3.3455161453617496e-08,3.3455161453617496e-08,1.0,0.0013026862401212345
2025-05-21,0.0669578180102486,0.0416579056355185,0,0.9999988982397484,1.1017602289602179e-06,1.1017602289602179e-06,1.0,0.009881342065168034
2025-05-22,-0.0077576704842948,0.0412788349525991,0,0.9999999217581066,7.82419065120365e-08,7.82419065120365e-08,1.0,0.011722028602656033
2025-05-23,0.0635761787524772,0.0433461240794129,0,0.9999986114760849,1.3885239136156354e-06,1.3885239136156354e-06,1.0,0.022753454901831654
2025-05-27,-0.1054185162545465,0.0488267422984511,0,0.9999981805032757,1.8194967705663396e-06,1.8194967705663396e-06,1.0,0.0016697516509223548
2025-05-28,0.0100039395922857,0.0490169907401016,0,0.9999992479679903,7.520320149615698e-07,7.520320149615698e-07,1.0,0.005472349923234034
2025-05-29,0.0013390665373632,0.048533837117543,0,0.9999994494880108,5.505120262573809e-07,5.505120262573809e-07,0.9999997247439869,-0.007651400371343044
2025-05-30,0.0087552724568175,0.0486802540668831,0,0.9999993352560004,6.647439961695727e-07,6.647439961695727e-07,0.9999996676280019,-0.004348811783120584
2025-06-02,-0.0146991375108444,0.0480148886358897,0,0.9999996179480651,3.820519012920338e-07,3.820519012920338e-07,0.9999998089740494,-0.020003875035784904
2025-06-03,-0.0211843536643913,0.0476785035065576,0,0.9999996682418537,3.317581296125154e-07,3.317581296125154e-07,0.9999998341209352,-0.003157042517753865
2025-06-04,0.0029420737919343,0.0464896290992205,0,0.999999664720064,3.352799649208124e-07,3.352799649208124e-07,0.9999998323600175,-0.004569415677824145
2025-06-05,0.0182422798724571,0.0467779021489176,0,0.9999994818697565,5.181302190031291e-07,5.181302190031291e-07,0.9999997409348905,-0.0011887730108053648
2025-06-06,-0.0436304461639408,0.0469216580610617,0,0.9999997286991315,2.7130092077028605e-07,2.7130092077028605e-07,0.9999998643495396,-0.011665916734957026
2025-06-09,-0.0135505799380792,0.0469331891524178,0,0.9999997082375528,2.917624264757639e-07,2.917624264757639e-07,0.9999998541187868,-0.011436205220403985
2025-06-10,-0.0034676625255893,0.035576196414305,0,0.9999999779174689,2.2082558015493637e-08,2.2082558015493637e-08,0.999999988958721,-0.007892866992643587
2025-06-11,0.0044852516401128,0.0355300973198901,0,0.9999999746537472,2.5346260458253084e-08,2.5346260458253084e-08,0.9999999873268698,-0.007584231423007885
2025-06-12,0.0161423853382391,0.0352751589586614,0,0.9999999681283503,3.187166037348525e-08,3.187166037348525e-08,0.9999999840641698,-0.008004210329851486
2025-06-13,0.0742366820902698,0.0389111410680876,0,0.9999991214469213,8.785530234822764e-07,8.785530234822764e-07,1.0,0.015569215320990638
2025-06-16,-0.0772435543666593,0.0427841775827894,0,0.9999998410820707,1.5891791029492484e-07,1.5891791029492484e-07,1.0,0.002830620435274614
2025-06-17,0.0588634511798168,0.0448642655231297,0,0.9999984345292635,1.565470766703233e-06,1.565470766703233e-06,1.0,0.015296843176355832
2025-06-18,-0.0239452098830835,0.0451713031825415,0,0.9999998265232231,1.734768318733441e-07,1.734768318733441e-07,1.0,0.00961075087171657
2025-06-20,0.0111818787405027,0.0425108777150926,0,0.999999850449751,1.4955020919954842e-07,1.4955020919954842e-07,1.0,0.008618649552169292
2025-06-23,-0.0144832115936614,0.0425848866340009,0,0.999999902287532,9.771245114970635e-08,9.771245114970635e-08,0.9999999511437745,-0.009125329184616948
2025-06-24,-0.0738536361726154,0.0424675731675102,0,0.9999998656126171,1.3438739884174139e-07,1.3438739884174139e-07,0.9999999328063005,-0.008447345545808166
2025-06-25,-0.0075678438265747,0.0359421232800918,0,0.9999999775254766,2.247453952019203e-08,2.247453952019203e-08,0.9999999887627302,-0.021733604547086467
2025-06-26,-0.0042292464631828,0.0357830607607109,0,0.9999999771903278,2.2809667039458954e-08,2.2809667039458954e-08,0.9999999885951665,-0.017790411863106325
2025-06-27,-0.0012722130381716,0.0357631520322831,0,0.9999999761206485,2.387936325685687e-08,2.387936325685687e-08,0.9999999880603183,-0.020281230218841186
2025-06-30,-0.0053185955460249,0.035611963963695,0,0.9999999784245122,2.1575442454567396e-08,2.1575442454567396e-08,0.9999999892122788,-0.018448307009313887
2025-07-01,-0.0014942834032497,0.0355629605346556,0,0.9999999772559252,2.2744086904283788e-08,2.2744086904283788e-08,0.9999999886279565,-0.003976436455440746
2025-07-02,-0.0029953639218954,0.0353662520845406,0,0.9999999787903564,2.1209612369931632e-08,2.1209612369931632e-08,0.9999999893951939,-0.003061940474504886
2025-07-03,-0.0081755459063803,0.0353329957604654,0,0.999999980569328,1.94306883606498e-08,1.94306883606498e-08,0.9999999902846558,-0.003851200363144386
2025-07-07,0.0122384712833915,0.0351510317929393,0,0.9999999721385396,2.7861434822710224e-08,2.7861434822710224e-08,0.9999999860692825,-0.001149063498831766
2025-07-08,-0.0228803716425784,0.0342518829651163,0,0.9999999868230135,1.3177042800998931e-08,1.3177042800998931e-08,0.9999999934114786,-0.004661418718142465
2025-07-09,-0.0355592681173465,0.0349163404874505,0,0.9999999852354905,1.4764494017879186e-08,1.4764494017879186e-08,0.999999992617753,-0.011474415660961825
2025-07-10,-0.0077220494390795,0.034917761570655,0,0.9999999821699249,1.7830107139883894e-08,1.7830107139883894e-08,0.9999999910849464,-0.012419752764398644
2025-07-11,0.0047765150234528,0.0349221968188209,0,0.999999977719199,2.228074557298522e-08,2.228074557298522e-08,0.9999999888596272,-0.009829340578432027
2025-07-14,0.015088721648905,0.0348886631700864,0,0.9999999716883399,2.8311708791070425e-08,2.8311708791070425e-08,0.9999999858441456,-0.009259290505329327
2025-07-15,-0.0074033277098837,0.0294123958920529,0,0.9999999944916453,5.508329965171003e-09,5.508329965171003e-09,0.999999997245835,-0.006163881718790386
2025-07-16,0.0091897956957406,0.0249636740607436,0,0.9999999968788416,3.1211653599837412e-09,3.1211653599837412e-09,1.0,0.0027859310438270333
2025-07-17,-0.0044722964975125,0.0199030010146066,0,0.9999999990827746,9.172634113033462e-10,9.172634113033462e-10,1.0,0.0034358816321404333
2025-07-18,-0.0149020563573009,0.0196332224311017,0,0.999999999244892,7.550802423892256e-10,7.550802423892256e-10,0.9999999996224599,-0.0004998326440103062
2025-07-21,-0.0059319891489346,0.0191197651902793,0,0.9999999992216999,7.782795136977748e-10,7.782795136977748e-10,0.9999999996108602,-0.004703974803578226
2025-07-22,-0.0034384337803029,0.0191079482613093,0,0.9999999991902087,8.097722315849775e-10,8.097722315849775e-10,0.9999999995951139,-0.003910996017662065
2025-07-23,-0.0417312963115767,0.0139655457309682,0,0.9999999997451141,2.5486748663081003e-10,2.5486748663081003e-10,0.9999999998725663,-0.014095214419125526
2025-07-24,-0.003837851804997,0.0139781062528839,0,0.9999999996651923,3.347800386324652e-10,3.347800386324652e-10,0.9999999998326099,-0.013968325480622426
2025-07-25,-0.0091744020471119,0.0139794963680275,0,0.9999999996925908,3.0744105230048503e-10,3.0744105230048503e-10,0.9999999998462794,-0.012822794618584626
2025-07-28,-0.0277898393554445,0.0146728670351124,0,0.9999999997108944,2.890826186954084e-10,2.890826186954084e-10,0.9999999998554587,-0.017194364659886607
2025-07-29,0.0231709269100052,0.0162525955803707,0,0.9999999990463948,9.53638128332858e-10,9.53638128332858e-10,0.999999999523181,-0.011872492521824988
2025-07-30,0.0048614766780441,0.0164200314548195,0,0.9999999994023483,5.976745721699561e-10,5.976745721699561e-10,0.9999999997011627,-0.0025539379239008252
2025-07-31,0.0060437749507777,0.0166397054395981,0,0.9999999993627853,6.372711676469389e-10,6.372711676469389e-10,0.9999999996813644,-0.0005776125727458854
2025-08-01,0.0758623711449587,0.0246923762486092,0,0.9999999506499092,4.935008058827365e-08,4.935008058827365e-08,1.0,0.016429742065668235
2025-08-04,-0.0700945623106586,0.0287753146181423,0,0.9999999944329829,5.566994841108554e-09,5.566994841108554e-09,1.0,0.007968797474625417
2025-08-05,0.0102516169800426,0.0286936631313122,0,0.9999999932819037,6.718062451663462e-09,6.718062451663462e-09,1.0,0.005384935488632896
2025-08-06,-0.0313202962867436,0.0284641090604769,0,0.9999999962839183,3.7160580742239548e-09,3.7160580742239548e-09,0.9999999981419709,-0.001851419104324644
2025-08-07,0.0078011046833141,0.0285666844520286,0,0.9999999938238489,6.176199981668151e-09,6.176199981668151e-09,0.9999999969119,-0.0014999531578173638
2025-08-08,-0.0350913694370072,0.0293641414431831,0,0.9999999955379053,4.462088462662933e-09,4.462088462662933e-09,0.9999999977689558,-0.02369070127421054
2025-08-11,0.0047673517362287,0.0290791202302089,0,0.999999993589995,6.410041512290486e-09,6.410041512290486e-09,0.9999999967949793,-0.008718318464833083
2025-08-12,-0.0434851310370966,0.0302870253132005,0,0.9999999944678848,5.532072503010724e-09,5.532072503010724e-09,0.9999999972339637,-0.019465668068260923
2025-08-13,-0.0057682704308026,0.0300377412237627,0,0.9999999935714641,6.428485509641514e-09,6.428485509641514e-09,0.9999999967857572,-0.014355262897072724
2025-08-14,0.0028882943276056,0.0301309450376702,0,0.9999999923406904,7.659273407286578e-09,7.659273407286578e-09,0.9999999961703633,-0.015337824968214425
2025-08-15,-0.00446717777649,0.0300926515084166,0,0.9999999933608024,6.639158442136981e-09,6.639158442136981e-09,0.9999999966804207,-0.009212986636110984
2025-08-18,-0.0229099148732602,0.0302901322178312,0,0.9999999943845523,5.615420913764945e-09,5.615420913764945e-09,0.9999999971922895,-0.014748439958008763
2025-08-19,0.0197444480500179,0.0309179298583627,0,0.9999999862606047,1.37393385973241e-08,1.37393385973241e-08,0.9999999931303307,-0.0021025241405858647
2025-08-20,-0.0063609508589321,0.0298196576423489,0,0.9999999939122972,6.087686574850166e-09,6.087686574850166e-09,0.9999999969561567,-0.002221060226211764
2025-08-21,0.015303676567301,0.0301723050719735,0,0.9999999896268719,1.0373151516775411e-08,1.0373151516775411e-08,1.0,0.00026201622172731566
2025-08-22,-0.0818117529695271,0.0348071287818167,0,0.999999973218792,2.6781233432388487e-08,2.6781233432388487e-08,0.9999999866093833,-0.015206898816880105
2025-08-25,-0.0017064156260753,0.0345108525627628,0,0.9999999820581708,1.794185139446584e-08,1.794185139446584e-08,0.9999999910290742,-0.010966198967443124
2025-08-26,-0.0054232312807369,0.0337968061785844,0,0.9999999855815532,1.4418411000225269e-08,1.4418411000225269e-08,0.9999999927907945,-0.015999734833594088
2025-08-27,0.004283928541951,0.0337854420894089,0,0.9999999828233969,1.717657165013282e-08,1.717657165013282e-08,0.9999999914117141,-0.013870758953417463
2025-08-28,-0.0155086658121012,0.033654886400606,0,0.9999999877287565,1.227119372904801e-08,1.227119372904801e-08,0.9999999938644031,-0.020033227429297903
2025-08-29,0.020341601235653,0.0281056747856178,0,0.9999999921540166,7.846026769842449e-09,7.846026769842449e-09,1.0,0.0003974434117381159
2025-09-02,0.030445032634968,0.0260721892951827,0,0.9999999927063072,7.293694210008504e-09,7.293694210008504e-09,1.0,0.006827733063946776
2025-09-03,-0.0236614655207459,0.0260006046031583,0,0.999999997668624,2.3313329804121077e-09,2.3313329804121077e-09,1.0,0.003180086215944975
2025-09-04,-0.0297334919494146,0.0259299404559868,0,0.9999999977621883,2.237758756630819e-09,2.237758756630819e-09,0.9999999988811206,-0.003623397882328145
2025-09-05,0.0008702710821102,0.02574603120163,0,0.9999999969666078,3.033366000879831e-09,3.033366000879831e-09,0.999999998483317,-0.000347610503485865
2025-09-08,-0.0178445743037888,0.0251021210225304,0,0.9999999979565928,2.043350739885123e-09,2.043350739885123e-09,0.9999999989783246,-0.007984845611374225
2025-09-09,-0.0050303992232323,0.0249348528830487,0,0.9999999976697609,2.330232764476902e-09,2.330232764476902e-09,0.9999999988348836,-0.015079931983014286
2025-09-10,-0.0038637959095188,0.0235434384624515,0,0.9999999981814653,1.818536374796207e-09,1.818536374796207e-09,0.9999999990907318,-0.011120398060768864
2025-09-11,-0.0256386316504944,0.0239266023275073,0,0.9999999984617034,1.5383071301382013e-09,1.5383071301382013e-09,0.9999999992308464,-0.010301426000984826
2025-09-12,-0.0015287951969249,0.0238458757513806,0,0.9999999979926315,2.007317699741665e-09,2.007317699741665e-09,0.9999999989963412,-0.010781239256791846
2025-09-15,0.012165646177701,0.0242520562142688,0,0.9999999970693807,2.930653425722502e-09,2.930653425722502e-09,0.9999999985346733,-0.004779195160493885
2025-09-16,0.0150017806697184,0.0244153594546066,0,0.999999996740712,3.2593219438086475e-09,3.2593219438086475e-09,0.999999998370339,-0.0007727591819037448
2025-09-17,-0.0366986712364456,0.0246657253065798,0,0.9999999982654799,1.7344911741636532e-09,1.7344911741636532e-09,0.9999999991327544,-0.007339734247289105
2025-09-18,-0.0037139916992985,0.0246810623793381,0,0.9999999977324023,2.267612046510427e-09,2.267612046510427e-09,0.999999998866194,-0.002954806257049925
2025-09-19,0.0027868156254195,0.0242218072966953,0,0.9999999976545269,2.345480652655373e-09,2.345480652655373e-09,0.9999999988272597,-0.002091684092581045
2025-09-22,0.016559743806034,0.0175919371230707,0,0.9999999990184278,9.815817182929755e-10,9.815817182929755e-10,0.9999999995092091,-0.0012128645669144448
2025-09-23,0.011190164428628,0.0178909046707447,0,0.9999999991053983,8.946172865053562e-10,8.946172865053562e-10,0.9999999995526914,-0.001975187815132525
2025-09-24,-0.012711979814538,0.0180219792426511,0,0.9999999994180371,5.819974407053639e-10,5.819974407053639e-10,1.0,0.0028221504692489954
2025-09-25,0.0133133165021125,0.0183275783383052,0,0.9999999989797743,1.0202462785219803e-09,1.0202462785219803e-09,1.0,0.006227612109531195
2025-09-26,-0.0392327569828042,0.0199027855546276,0,0.9999999992900257,7.100034753294388e-10,7.100034753294388e-10,0.9999999996449982,-0.002176302412113545
2025-09-29,0.0127351230866772,0.0194844721282857,0,0.999999998767521,1.2324943851406024e-09,1.2324943851406024e-09,0.9999999993837527,-0.002941226555984905
2025-09-30,-0.0030912632851165,0.0177051649151397,0,0.9999999993634674,6.365228025062618e-10,6.365228025062618e-10,0.9999999996817386,-0.005797512098733805
2025-10-01,-0.0062112240073934,0.0172071093408579,0,0.999999999446004,5.539553957686596e-10,5.539553957686596e-10,0.9999999997230222,-0.004497360937304885
2025-10-02,0.0114606411087522,0.016547784939125,0,0.9999999992850235,7.150245124460199e-10,7.150245124460199e-10,0.9999999996424878,-0.0048678960159769455
2025-10-03,-0.0071086540095014,0.01654640406723,0,0.9999999995125108,4.875281181333439e-10,4.875281181333439e-10,1.0,0.0015569245786836155
2025-10-06,-0.0024845301339341,0.0161920301134187,0,0.9999999995038706,4.960888456151889e-10,4.960888456151889e-10,0.9999999997519555,-0.0014870060654386444
2025-10-07,0.0194001792113706,0.0169052486530521,0,0.9999999990521928,9.477704649915967e-10,9.477704649915967e-10,1.0,0.003011282433858776
2025-10-08,-0.0153660056540265,0.0171873633927945,0,0.9999999995121698,4.877928231711348e-10,4.877928231711348e-10,1.0,0.0011803261045321557
2025-10-09,0.0024744218176187,0.0162741276993725,0,0.9999999994372502,5.627077485540683e-10,5.627077485540683e-10,0.9999999997186462,-0.0006169177536945443
2025-10-10,0.1167871675088526,0.0308646683260707,0,0.9999969121398561,3.0878601282388937e-06,3.0878601282388937e-06,1.0,0.024162246549976254
2025-10-13,-0.0759280331151184,0.0357431057800612,0,0.9999999708680893,2.913193289744885e-08,2.913193289744885e-08,1.0,0.009473545953739393
2025-10-14,0.0412488960549972,0.0367534457332002,0,0.999999896052037,1.0394792445761432e-07,1.0394792445761432e-07,1.0,0.013843289322464713
2025-10-15,0.0107558656216486,0.0356195623383141,0,0.9999999695730826,3.042691538690166e-08,3.042691538690166e-08,1.0,0.019067663577599734
2025-10-16,0.0921828608929596,0.0405487695044924,0,0.9999959782857257,4.021714305602733e-06,4.021714305602733e-06,1.0,0.03700935139266791
2025-10-17,-0.0862881326808468,0.045861573773469,0,0.9999995570743594,4.429256386958309e-07,4.429256386958309e-07,0.9999997785371806,-0.0036057086452719656
2025-10-20,-0.0791801642056942,0.0494462774691895,0,0.9999990882830225,9.117169865938152e-07,9.117169865938152e-07,0.9999995441415067,-0.004256134863387123
2025-10-21,-0.0051632057872474,0.0493901081603161,0,0.9999993822398981,6.177600541825027e-07,6.177600541825027e-07,0.9999996911199729,-0.013538555231836044
2025-10-22,0.0118057793602572,0.0493784628221328,0,0.9999991428233251,8.571766673082473e-07,8.571766673082473e-07,0.9999995714116663,-0.013328572484114324
2025-10-23,-0.0191408270243288,0.049472047075465,0,0.9999994617730038,5.382270273267742e-07,5.382270273267742e-07,0.9999997308864863,-0.03559331006757201
2025-10-24,-0.0117248259312288,0.0487305022601198,0,0.999999525123143,4.7487680331165516e-07,4.7487680331165516e-07,0.9999997625615984,-0.020680648717648402
2025-10-27,-0.0334521995296986,0.0492051917086364,0,0.9999995215229099,4.784770918390703e-07,4.784770918390703e-07,0.9999997607614541,-0.011535055782449285
2025-10-28,0.0278499346690375,0.0496518429288779,0,0.9999985387989216,1.4612010745322047e-06,1.4612010745322047e-06,0.9999992693994627,-0.004932427691192306
2025-10-29,0.0188597516821923,0.0498137321796861,0,0.9999988377406841,1.1622593551690524e-06,1.1622593551690524e-06,0.9999994188703224,-0.003521633226805285
2025-10-30,0.0079316558618661,0.0497804061579281,0,0.9999991262173304,8.737826782156773e-07,8.737826782156773e-07,1.0,0.0018928633504336936
2025-10-31,0.0036396441265634,0.0497499846710425,0,0.9999992095783623,7.904216618936079e-07,7.904216618936079e-07,1.0,0.004965757361992134
2025-11-03,-0.0109590328792896,0.0498191521225154,0,0.9999993558824172,6.441175486482171e-07,6.441175486482171e-07,1.0,0.009464390692073932
2025-11-04,0.036957889831579,0.0503166241364817,0,0.999997600655015,2.399345024231183e-06,2.399345024231183e-06,1.0,0.011285981724582235
2025-11-05,-0.0391028178310213,0.0510145790888343,0,0.9999991988139326,8.011860741119441e-07,8.011860741119441e-07,0.9999995994069629,-0.00030653217806048545
2025-11-06,0.0423423081003883,0.0518684783612346,0,0.9999955416307581,4.4583692954556026e-06,4.4583692954556026e-06,1.0,0.006575598269643955
2025-11-07,-0.0094535330110579,0.0443631225818274,0,0.9999998361493133,1.6385068131649742e-07,1.6385068131649742e-07,1.0,0.003956962842119695
2025-11-10,-0.0536550003715485,0.0427069155675016,0,0.9999998978694346,1.0213059586387431e-07,1.0213059586387431e-07,0.999999948934702,-0.0045822306563320855
2025-11-11,-0.0028226505158256,0.0414365234599788,0,0.9999999133639259,8.66360471050302e-08,8.66360471050302e-08,0.9999999566819764,-0.012538338725813006
2025-11-12,0.0059495597413072,0.0413546149892308,0,0.9999998993938612,1.0060609184126921e-07,1.0060609184126921e-07,0.999999949696954,-0.003527863211347306
2025-11-13,0.0643824389436878,0.0382616576985101,0,0.9999995644265975,4.3557335853297355e-07,4.3557335853297355e-07,1.0,0.0008801629573125941
2025-11-14,-0.0168269562866508,0.0335001098003426,0,0.9999999882624026,1.1737545569990157e-08,1.1737545569990157e-08,0.9999999941312272,-0.0005945216978059876
2025-11-17,0.0496545341593756,0.0303356289208026,0,0.9999999624603795,3.753964818420166e-08,3.753964818420166e-08,1.0,0.020067385208378835
2025-11-18,0.0402552833326104,0.0313476361243019,0,0.9999999691330008,3.086701695673309e-08,3.086701695673309e-08,1.0,0.028682971978066036
2025-11-19,-0.0256318375459835,0.0320685833234542,0,0.9999999919231186,8.076849901382464e-09,8.076849901382464e-09,1.0,0.022366692520607894
2025-11-20,0.0643291474719042,0.0342871181484765,0,0.9999998204290411,1.7957091146585797e-07,1.7957091146585797e-07,1.0,0.022356034226251174
2025-11-21,-0.0523961542840824,0.036639377605484,0,0.9999999760919994,2.3907978601640406e-08,2.3907978601640406e-08,1.0,0.015242194626764854
2025-11-24,-0.074129197071235,0.0399204337239073,0,0.9999999270841071,7.291589032678989e-08,7.291589032678989e-08,0.9999999635420549,-0.009514551619357266
2025-11-25,-0.0271019764798315,0.0400730802052663,0,0.9999999510573628,4.8942663572060594e-08,4.8942663572060594e-08,0.9999999755286682,-0.02298600358184565
2025-11-26,-0.0284848419811016,0.0403667515658338,0,0.9999999477571477,5.224285632993509e-08,5.224285632993509e-08,0.9999999738785719,-0.023556604468869268
2025-11-28,-0.0225514082739903,0.0405765253996397,0,0.9999999436275873,5.637244541677618e-08,5.637244541677618e-08,0.9999999718137773,-0.04093271561804817
2025-12-01,0.0006422754927178,0.0405570964687328,0,0.9999999253427659,7.465725606967862e-08,7.465725606967862e-08,0.999999962671372,-0.030325029662688123
2025-12-02,-0.017814211562577,0.0406573659840981,0,0.9999999405132503,5.948677568535135e-08,5.948677568535135e-08,0.9999999702566121,-0.019062032560956527
2025-12-03,-0.005571047487006,0.0395392808651455,0,0.9999999471477864,5.285225173845999e-08,5.285225173845999e-08,0.9999999735738742,-0.014755846762391426
2025-12-04,-0.0089124358571847,0.0387533239352038,0,0.9999999580800258,4.191999559414205e-08,4.191999559414205e-08,0.9999999790400023,-0.010841365537608047
2025-12-05,-0.0123437406225775,0.0372184991654369,0,0.9999999718139638,2.818599294919155e-08,2.818599294919155e-08,0.9999999859070035,-0.008799832007325488
2025-12-08,0.0103523869703452,0.037402292448055,0,0.9999999558905311,4.410941576508619e-08,4.410941576508619e-08,0.9999999779452922,-0.006857809711800007
2025-12-09,0.0059622668175409,0.0357111358719051,0,0.9999999727612024,2.723876497556998e-08,2.723876497556998e-08,0.9999999863806175,-0.002102514035776428
2025-12-10,-0.0411248114814039,0.0367331225096109,0,0.9999999774498749,2.2550096885870527e-08,2.2550096885870527e-08,0.9999999887249515,-0.009213266834656009
2025-12-11,-0.0142092099184558,0.0367058987797462,0,0.9999999754453487,2.4554650142118458e-08,2.4554650142118458e-08,0.999999987722675,-0.010272621646910228
2025-12-12,0.0024402904258295,0.032909266386552,0,0.9999999863217682,1.3678276684543843e-08,1.3678276684543843e-08,0.9999999931608616,-0.007315815437228828
2025-12-15,-0.0010450716637148,0.0328926675209367,0,0.9999999872461559,1.2753819956688072e-08,1.2753819956688072e-08,0.99999999362309,-0.009595307164040829
2025-12-16,-0.0041914430470433,0.0300128111693633,0,0.9999999934403832,6.559577708006162e-09,6.559577708006162e-09,0.9999999967202111,-0.011626049136957669
2025-12-17,0.0170054342033844,0.0283442028667013,0,0.9999999925271368,7.472917415108315e-09,7.472917415108315e-09,0.9999999962635413,-8.326672684688674e-18
2025-12-18,-0.0332372331329704,0.0285903528398049,0,0.999999996195811,3.804229668617015e-09,3.804229668617015e-09,0.9999999980978851,-0.003805604642902928
2025-12-19,-0.0384384295437048,0.0227701114384581,0,0.9999999987924184,1.2075681883137727e-09,1.2075681883137727e-09,0.9999999993962159,-0.011981348636809788
2025-12-22,-0.0349856405495589,0.0216618566740434,0,0.9999999990225206,9.775183757414515e-10,9.775183757414515e-10,0.9999999995112407,-0.01876946241397861
2025-12-23,0.0038211156095547,0.0172990165025527,0,0.9999999993207211,6.792785860154419e-10,6.792785860154419e-10,0.9999999996603607,-0.017166950682659006
2025-12-24,-0.0011447732364184,0.0171177764123031,0,0.9999999892459074,1.0754132516413693e-08,1.0754132516413693e-08,0.9999999946229338,-0.020796992170619567
