Date,ETHA_ret,ETHA_vol,regime,prob_regime_0,prob_regime_1,p_high_vol,risk_scale,momentum
2024-08-20,-0.0030365090434715,0.0631257395607691,1,2.4860135375745646e-62,1.0,1.0,0.5,
2024-08-21,0.017583994190908,0.0634174162495526,1,4.788194549419184e-09,0.9999999952118515,0.9999999952118515,0.5000000023940743,
2024-08-22,-0.0160645871212186,0.0617784902545277,1,1.0817374305955782e-08,0.9999999891825838,0.9999999891825838,0.5000000054087081,
2024-08-23,0.0541737749292381,0.062084364865668,1,1.4891742742021737e-08,0.9999999851082749,0.9999999851082749,0.5000000074458626,
2024-08-26,-0.0257358549445698,0.0620292611219507,1,7.710415961336593e-09,0.9999999922895313,0.9999999922895313,1.0,0.005384163602177239
2024-08-27,-0.0365680381882662,0.0623015643932279,1,5.178281070556883e-09,0.9999999948216782,0.9999999948216782,0.5000000025891609,-0.0013221422267817007
2024-08-28,-0.031090606532772,0.0623922972917337,1,5.35207958416385e-09,0.9999999946479647,0.9999999946479647,0.5000000026760176,-0.011057062371517701
2024-08-29,0.0083857854123966,0.062166370491848,1,1.111957221086174e-08,0.9999999888804042,0.9999999888804042,0.500000005559798,-0.006166987864794662
2024-08-30,-0.0078595960384238,0.0618084553077009,1,1.2105311571594166e-05,0.9999878946884437,0.9999878946884437,0.5000060526557781,-0.018573662058327042
2024-09-03,-0.025034559021511,0.0359473679684764,0,0.9981223526281202,0.0018776473718255856,0.0018776473718255856,0.9990611763140872,-0.018433402873715282
2024-09-04,0.0032309917093781,0.0349890540235267,0,0.9999971347319965,2.865267973726195e-06,2.865267973726195e-06,0.9999985673660131,-0.010473596894186423
2024-09-05,-0.0372441894240214,0.0334085181182618,0,0.999999607732511,3.9226746602460797e-07,3.9226746602460797e-07,0.999999803866267,-0.011704313472436303
2024-09-06,-0.0627544081347556,0.0286955492430082,0,0.9999999755974617,2.4402516577499157e-08,2.4402516577499157e-08,0.9999999877987418,-0.025932352181866743
2024-09-09,0.0582801320354928,0.0321589619915791,0,0.9999997138973368,2.8610262120198976e-07,2.8610262120198976e-07,0.9999998569486894,-0.01270440656708342
2024-09-10,0.012256382712546,0.0316015274101595,0,0.9999998698629127,1.301370842689707e-07,1.301370842689707e-07,0.9999999349314579,-0.0052462182202720215
2024-09-11,-0.0173140024961174,0.0311494332730278,0,0.9999999085026772,9.14973424153264e-08,9.14973424153264e-08,0.9999999542513288,-0.00935521706137112
2024-09-12,0.0089736916314919,0.0312839016009057,0,0.9999998942267949,1.0577317040362408e-07,1.0577317040362408e-07,0.9999999471134148,-0.00011164085026846155
2024-09-13,0.0264477978739942,0.0306526372737721,0,0.9999999178105587,8.218941562684035e-08,8.218941562684035e-08,1.0,0.017728800351481496
2024-09-16,-0.0651549814549009,0.032798095549068,0,0.999999668753558,3.312464410750794e-07,3.312464410750794e-07,0.9999998343767795,-0.006958222346597242
2024-09-17,0.0347911117329859,0.0341175336360251,0,0.999999311921338,6.880787060199248e-07,6.880787060199248e-07,0.999999655960647,-0.002451276542509262
2024-09-18,-0.0169590965644187,0.0342132557132187,0,0.999999392061298,6.079386877511825e-07,6.079386877511825e-07,0.9999996960306561,-0.002380295356169522
2024-09-19,0.0624339224994996,0.0371740571389467,0,0.999994194607919,5.805392086770985e-06,5.805392086770985e-06,1.0,0.008311750817432018
2024-09-20,0.0326689127388006,0.0379067761497222,0,0.9999931932636366,6.806736377212103e-06,6.806736377212103e-06,1.0,0.009555973790393298
2024-09-23,0.0500483382023637,0.0375995563349098,0,0.9999934798897777,6.520110187234866e-06,6.520110187234866e-06,1.0,0.03259663772184622
2024-09-24,-0.0089153785376183,0.0372129294492421,0,0.9999960426883803,3.957311596587038e-06,3.957311596587038e-06,1.0,0.02385533966772537
2024-09-25,-0.0308183322677063,0.0369414026542247,0,0.9999964125422142,3.5874578410214962e-06,3.5874578410214962e-06,1.0,0.021083492527067857
2024-09-26,0.0313157323592925,0.0368375679981586,0,0.999996515147633,3.484852332716058e-06,3.484852332716058e-06,1.0,0.014859854499026437
2024-09-27,0.018719716945182,0.0369916167906212,0,0.9999964079531477,3.592046818136501e-06,3.592046818136501e-06,1.0,0.012070015340302716
2024-09-30,-0.0408423148007283,0.0382323211444374,0,0.9999910302727644,8.969727270667242e-06,8.969727270667242e-06,0.9999955151363646,-0.006108115260315685
2024-10-01,-0.0420513267121277,0.0390395757080627,0,0.9999841304923645,1.586950758114372e-05,1.586950758114372e-05,0.9999920652462094,-0.012735304895217564
2024-10-02,-0.0477833059836652,0.0405148850425135,0,0.9999562876646328,4.371233531051336e-05,4.371233531051336e-05,0.9999781438323447,-0.016128299638409345
2024-10-03,-0.0083775759877862,0.0396875393321484,0,0.9999801358808802,1.986411908828408e-05,1.986411908828408e-05,0.9999900679404559,-0.024066961307825086
2024-10-04,0.0330973606442901,0.037467963482617,0,0.9999947396240374,5.260375954578408e-06,5.260375954578408e-06,0.9999973698120227,-0.02119143256800346
2024-10-07,0.0059508212785279,0.035281034179656,0,0.9999988095936752,1.190406352563702e-06,1.190406352563702e-06,0.9999994047968237,-0.011832805352152226
2024-10-08,-0.0027005764985511,0.0352089479545951,0,0.9999988823977325,1.1176022910045747e-06,1.1176022910045747e-06,0.9999994411988544,-0.003962655309436904
2024-10-09,-0.0092366904324336,0.0350315674135651,0,0.9999990000559816,9.999439629980915e-07,9.999439629980915e-07,1.0,0.003746667800809416
2024-10-10,-0.0226341350350005,0.0353915937507813,0,0.9999987143030774,1.2856969617195762e-06,1.2856969617195762e-06,1.0,0.0008953559913665567
2024-10-11,0.0410229796890091,0.0361076681680314,0,0.9999975922120822,2.4077878830981955e-06,2.4077878830981955e-06,1.0,0.002480479800310357
2024-10-14,0.0633319717715413,0.0351871391145891,0,0.9999981980040822,1.80199595839956e-06,1.80199595839956e-06,1.0,0.013956709898913039
2024-10-15,-0.0111280520557841,0.0347846558656934,0,0.9999991415299111,8.584700685301196e-07,8.584700685301196e-07,1.0,0.012271214787466438
2024-10-16,0.0086098317266213,0.034408474296609,0,0.9999993014922831,6.985076855915576e-07,6.985076855915576e-07,1.0,0.01584051921927742
2024-10-17,-0.0075930315532976,0.0318456009974573,0,0.9999998592647997,1.407352433569145e-07,1.407352433569145e-07,1.0,0.018848739915617998
2024-10-18,0.0221114798119324,0.0314060103560159,0,0.9999998764219603,1.235780467907436e-07,1.235780467907436e-07,1.0,0.015066439940202658
2024-10-21,0.0093989623540503,0.0293907823905192,0,0.9999999655159405,3.44840500011097e-08,3.44840500011097e-08,1.0,0.0042798380567044565
2024-10-22,-0.0198912388847664,0.0296686260104497,0,0.9999999627535778,3.7246378502301876e-08,3.7246378502301876e-08,1.0,0.002527200690907997
2024-10-23,-0.0452053930219001,0.0306027726328703,0,0.999999929274625,7.072536356466127e-08,7.072536356466127e-08,0.9999999646373182,-0.008235844258796284
2024-10-24,0.0114943433434703,0.0298050875786512,0,0.9999999554094084,4.459054591614788e-08,4.459054591614788e-08,0.999999977704727,-0.0044183692794427035
2024-10-25,-0.0273845687179284,0.0298859446096499,0,0.9999999572592069,4.274077908245991e-08,4.274077908245991e-08,0.9999999786296105,-0.014317578985414863
2024-10-28,0.0143124871505756,0.0288829050045501,0,0.9999999735557598,2.6444274273669962e-08,2.6444274273669962e-08,0.9999999867778628,-0.013334874026109805
2024-10-29,0.0467831312457825,0.0291852997648279,0,0.99999995581834,4.418168614318999e-08,4.418168614318999e-08,0.9999999779091568,-2.3592239273284576e-17
2024-10-30,0.0109890875487958,0.0266855341719542,0,0.9999999927957788,7.20419871473e-09,7.20419871473e-09,1.0,0.011238896114139158
2024-10-31,-0.0567201167762842,0.0300056218628291,0,0.9999999474326855,5.2567294231339334e-08,5.2567294231339334e-08,0.999999973716353,-0.0024039959098117415
2024-11-01,0.0010509962629027,0.0291708015584249,0,0.9999999710156549,2.8984325167236403e-08,2.8984325167236403e-08,1.0,0.0032831170863544777
2024-11-04,-0.0380030197582684,0.0304554217848629,0,0.9999999375985473,6.240141136410795e-08,6.240141136410795e-08,0.9999999687992943,-0.007179984295414321
2024-11-05,0.0021798872226614,0.030457000802598,0,0.9999999316136178,6.83863884984597e-08,6.83863884984597e-08,0.9999999658068057,-0.016100633100038543
2024-11-06,0.1072639748843323,0.0386906947036941,0,0.9999091198417955,9.08801581636439e-05,9.08801581636439e-05,1.0,0.0031543443670687594
2024-11-07,0.0748761060277033,0.0410318432742186,0,0.9979762939536861,0.0020237060462616977,0.0020237060462616977,1.0,0.029473588927866258
2024-11-08,0.0130720366113437,0.040404235816043,0,0.9713720253812911,0.02862797461872778,0.02862797461872778,1.0,0.031877796997554456
2024-11-11,0.1331394786905499,0.0477028549114536,1,0.09037964009585653,0.9096203599041742,0.9096203599041742,1.0,0.06610629668731811
2024-11-12,-0.0233998441451525,0.0480996111454419,1,0.014513867877240452,0.9854861321227952,0.9854861321227952,1.0,0.06099035041375535
2024-11-13,-0.0372002772148742,0.0493370627540177,1,0.0009927883648059189,0.9990072116352416,0.9990072116352416,1.0,0.032097499993914036
2024-11-14,-0.0227474391593075,0.049729237224891,1,0.0001186852308612177,0.9998813147690947,0.9998813147690947,1.0,0.01257279095651188
2024-11-15,-0.0034144261050895,0.0496973303738654,1,8.103798091861339e-05,0.9999189620190476,0.9999189620190476,1.0,0.00927549841322524
2024-11-18,0.0236598012108974,0.0498276954734071,1,7.892581658567859e-05,0.9999210741833764,0.9999210741833764,0.5000394629083118,-0.012620437082705261
2024-11-19,-0.0168425676465867,0.0497416867408708,1,7.43779707279583e-05,0.9999256220292594,0.9999256220292594,0.5000371889853703,-0.011308981782992097
2024-11-20,-0.0106724602383747,0.0483634266080667,1,0.00017384776227435372,0.9998261522377746,0.9998261522377746,0.5000869238811128,-0.0060034183876921995
2024-11-21,0.0878694316372802,0.0513975975346617,1,2.1106423342441205e-05,0.9999788935766986,0.9999788935766986,1.0,0.01611995577162534
2024-11-22,-0.0186476826718894,0.0510639216630697,1,2.4094876011546566e-05,0.9999759051240045,0.9999759051240045,1.0,0.013073304458265359
2024-11-25,0.0632361533357579,0.052219401649439,1,1.2953382297693876e-05,0.9999870466176566,0.9999870466176566,1.0,0.02098857488323746
2024-11-26,-0.0560533487506547,0.0541417068104013,1,1.5320921374972664e-06,0.9999984679078947,0.9999984679078947,1.0,0.013146418662423859
2024-11-27,0.0929579051665053,0.0571077222427317,1,3.9008360057410235e-07,0.9999996099164342,0.9999996099164342,1.0,0.03387249174339986
2024-11-29,-0.0149665082583995,0.0550437339722797,1,1.4716703417614262e-06,0.9999985283296298,0.9999985283296298,1.0,0.013305303764263917
2024-12-02,0.0087880377890611,0.0549464249811629,1,1.9505723518000673e-06,0.9999980494276012,0.9999980494276012,1.0,0.01879244785645402
2024-12-03,-0.0021897623600171,0.0535831836584796,1,4.671389944024659e-06,0.9999953286101088,0.9999953286101088,1.0,0.005707264717299019
2024-12-04,0.0762977543809188,0.0548310649978385,1,2.08259850637544e-06,0.9999979174015238,0.9999979174015238,1.0,0.03217748534361372
2024-12-05,-0.0181047020729652,0.051867323363727,1,1.3778825907977596e-05,0.9999862211741405,0.9999862211741405,1.0,0.009964963895719617
2024-12-06,0.0588995981878285,0.0510535143770144,1,2.834973069382696e-05,0.9999716502693228,0.9999716502693228,1.0,0.024738185184965216
2024-12-09,-0.0819131605814144,0.0556209071248704,1,3.522727373360187e-07,0.9999996477272982,0.9999996477272982,1.0,0.006597945510870118
2024-12-10,-0.0246397229094254,0.0482223077600823,1,0.00018511653602643811,0.9998148834640052,0.9998148834640052,1.0,0.002107953400988456
2024-12-11,0.0514379314282552,0.0488796258385826,1,0.00020485366271227987,0.9997951463373435,0.9997951463373435,0.5001024268313283,-0.002864011189544263
2024-12-12,0.0119475213014764,0.0477205387792051,1,0.0005121578364000191,0.9994878421635454,0.9994878421635454,1.0,0.0031464334853440537
2024-12-13,0.0084474232959494,0.0470910727555136,1,0.0008128753571920832,0.9991871246428377,0.9991871246428377,0.5004064376785812,-0.0069440014930317664
2024-12-16,0.0321166892875877,0.0471568682311884,1,0.0007381590392791506,0.999261840960696,0.999261840960696,1.0,0.015861968480768655
2024-12-17,-0.028422290064294,0.0480015046525441,1,0.00029237846295981283,0.9997076215370309,0.9997076215370309,1.0,0.015105455049794932
2024-12-18,-0.0650973690713431,0.0506150225432514,1,2.1053830909712576e-05,0.9999789461690537,0.9999789461690537,0.5000105269154731,-0.008201605050124728
2024-12-19,-0.0889974495295092,0.0550202231064967,1,3.9305297549490503e-07,0.9999996069470489,0.9999996069470489,0.5000001965264755,-0.02839059921632185
2024-12-20,0.0201323276289771,0.0516067415556275,1,2.123474147448515e-05,0.9999787652585803,0.9999787652585803,0.5000106173707098,-0.026053618349716305
2024-12-23,-0.013117477887412,0.0515091766785336,1,3.799546052502991e-05,0.9999620045394321,0.9999620045394321,0.500018997730284,-0.03510045178471625
2024-12-24,0.0313481211762494,0.0499693842034174,1,0.0010623031631632584,0.9989376968368865,0.9989376968368865,0.5005311515815567,-0.023146369536607567
2024-12-26,-0.0533356367203001,0.0498125419763872,1,0.016380769428343246,0.9836192305717107,0.9836192305717107,0.5081903847141447,-0.02079402306639897
2024-12-27,0.0019829170390994,0.0447848029019615,0,0.43935808576610424,0.5606419142339502,0.5606419142339502,0.7196790428830249,-0.0025979497526772487
2024-12-30,0.0188388440676761,0.0450051635262436,0,0.6582879054564801,0.34171209454357243,0.34171209454357243,0.8291439527282138,-0.0028566464649374484
2024-12-31,-0.0168597757894366,0.045023625647627,0,0.7864763524808873,0.21352364751912403,0.21352364751912403,0.893238176240438,-0.003605106045342369
2025-01-02,0.0353503430038437,0.0458801245634259,0,0.87188611092114,0.12811388907880877,0.12811388907880877,0.9359430554605956,-0.0028046616798235073
2025-01-03,0.0422255572615171,0.0433768555788067,0,0.9650637698855495,0.034936230114451614,0.034936230114451614,1.0,0.016307577116539934
2025-01-06,0.0220743757948672,0.0436135505691536,0,0.9853781748997424,0.01462182510028441,0.01462182510028441,1.0,0.02032586886769349
2025-01-07,-0.085515816198597,0.0449555129191664,0,0.98888368522025,0.011116314779777895,0.011116314779777895,0.994441842610111,-0.000545063185561126
2025-01-08,-0.0320882935365566,0.0419909309806375,0,0.9988206595477069,0.001179340452302316,0.001179340452302316,0.9994103297738488,-0.003590766734985127
2025-01-10,-0.0060569382204967,0.0417759965976175,0,0.9998325003000481,0.00016749969996588722,0.00016749969996588722,0.9999162501500171,-0.011872222979853209
2025-01-13,-0.0536623189260805,0.0408122152157649,0,0.9998961173703548,0.00010388262963156084,0.00010388262963156084,0.9999480586851842,-0.031049798217372727
2025-01-14,0.0426664657452682,0.0422706772461999,0,0.9993425850573879,0.000657414942594279,0.000657414942594279,0.9996712925287028,-0.026931380227292523
2025-01-15,0.0646152671050737,0.0452776313108768,0,0.9948577464667375,0.005142253533233153,0.005142253533233153,1.0,0.003094836433441614
2025-01-16,-0.029608642028839,0.0445990017195506,0,0.9915337484897083,0.008466251510282272,0.008466251510282272,1.0,0.003590766734985134
2025-01-17,0.0538798865430513,0.0465333254374102,0,0.9858458457436959,0.014154154256319216,0.014154154256319216,1.0,0.015578131687694735
2025-01-21,-0.0614211220903496,0.0462924101261582,0,0.9866414142807677,0.013358585719210015,0.013358585719210015,1.0,0.014026371054840914
2025-01-22,-0.0180909763224814,0.042074309636051,0,0.9986551118544507,0.0013448881455016255,0.0013448881455016255,1.0,0.0018748826412909932
2025-01-23,-0.0024370225798702,0.041755656505238,0,0.999816764785133,0.0001832352148739931,0.0001832352148739931,0.999908382392563,-0.011535575295697788
2025-01-24,0.0264862932879854,0.0421854911048921,0,0.9998419967137088,0.00015800328631922095,0.00015800328631922095,0.9999209983568405,-0.00031658823233290804
2025-01-27,-0.0595607929227981,0.0433990060949314,0,0.9995301361448089,0.000469863855193915,0.000469863855193915,0.9997650680724031,-0.02300472412550279
2025-01-28,-0.0152480972538651,0.0420038943627167,0,0.9996821521844649,0.000317847815566093,0.000317847815566093,0.999841076092217,-0.01377011915820589
2025-01-29,0.0152480972538651,0.0422013154239131,0,0.9982184684209549,0.0017815315790052385,0.0017815315790052385,0.9991092342104974,-0.00710230444293659
2025-01-30,0.0294077547521106,0.0425533281236756,0,0.9827075473046716,0.017292452695361372,0.017292452695361372,0.9913537736523192,-0.0007333489765404287
2025-01-31,0.0249912574582889,0.0428344688247273,0,0.8575527944679735,0.14244720553204934,0.14244720553204934,0.9287763972339753,-0.0010323561424797289
2025-02-03,-0.2017771105321711,0.0612819158185102,1,2.978782013422299e-08,0.99999997021223,0.99999997021223,0.500000014893885,-0.029475619664354323
2025-02-04,0.0089708184186238,0.0601687033463325,1,4.7229401743554636e-08,0.9999999527706234,0.9999999527706234,0.5000000236146883,-0.024631836529856548
2025-02-05,0.0108031480511515,0.059866476974353,1,5.969056269886927e-08,0.9999999403094098,0.9999999403094098,0.5000000298452951,-0.02552082637039927
2025-02-06,-0.0158848064298668,0.0574918758583336,1,2.506363900028832e-07,0.9999997493636416,0.9999997493636416,0.5000001253181792,-0.034579338606794754
2025-02-07,-0.0507571847711879,0.0580026282859915,1,9.806975006398476e-08,0.9999999019302143,0.9999999019302143,0.5000000490348928,-0.04972902705269011
2025-02-10,0.0380616908885251,0.0590646439795396,1,1.2257807087715155e-07,0.9999998774219496,0.9999998774219496,0.5000000612890252,-0.0017612667685508703
2025-02-11,-0.0355126587846888,0.0584897245380175,1,9.053207016058135e-08,0.9999999094678783,0.9999999094678783,0.5000000452660609,-0.010657962209213391
2025-02-12,0.032559927110463,0.0580641614962,1,2.441647667126266e-07,0.9999997558352631,0.9999997558352631,0.5000001220823684,-0.0063066063973510915
2025-02-13,-0.00990601253776,0.0554038417110373,1,1.2015023591444389e-06,0.9999987984976256,0.9999987984976256,0.5000006007511872,-0.005110847618929731
2025-02-14,0.0289448779752186,0.0560230360521102,1,1.0074387886295894e-06,0.9999989925611844,0.9999989925611844,1.0,0.01082956493035157
2025-02-18,-0.038447351836164,0.0542527997981801,1,1.8990056931336495e-06,0.9999981009942599,0.9999981009942599,0.5000009495028701,-0.004472243614586251
2025-02-19,0.0350567119555943,0.0541670284075716,1,3.671608974165628e-06,0.9999963283910676,0.9999963283910676,1.0,0.00964163053347037
2025-02-20,0.0115775420240126,0.054335584182453,1,3.0336299433220508e-06,0.999996966370017,0.999996966370017,1.0,0.00544515351618029
2025-02-21,-0.0481428677407905,0.0550296012604841,1,9.214028177603548e-07,0.9999990785971401,0.9999990785971401,0.5000004607014299,-0.002202217524425809
2025-02-24,0.0060210382625621,0.0544902201119989,1,2.6249548193953615e-06,0.9999973750451892,0.9999973750451892,0.5000013124774054,-0.00678698546695711
2025-02-25,-0.0597807984451539,0.054500416155265,1,1.0853583639191714e-06,0.9999989146416716,0.9999989146416716,0.5000005426791643,-0.01105367478875509
2025-02-26,-0.0641491520818349,0.0557509878147235,1,3.9502820273932143e-07,0.9999996049717409,0.9999996049717409,0.5000001975141295,-0.030894847596240928
2025-02-27,-0.0351520275531602,0.0554913670950854,1,8.209665328577449e-07,0.999999179033462,0.999999179033462,0.5000004104832689,-0.040240761511675494
2025-02-28,-0.0153666333647623,0.0544281862771893,1,8.708588919973545e-06,0.999991291411055,0.999991291411055,0.5000043542944725,-0.03368551463646985
2025-03-03,-0.0425855551298896,0.0536524388174532,1,0.00278802724406998,0.9972119727558881,0.9972119727558881,0.5013940136220559,-0.04340683331496019
2025-03-04,0.0068133188456744,0.0333577286136525,0,0.9996266416961352,0.0003733583038987996,0.0003733583038987996,0.9998133208480506,-0.030088009856794534
2025-03-05,0.0428938645535937,0.0352789246394275,0,0.999997946027583,2.053972416726678e-06,2.053972416726678e-06,0.9999989730137917,-0.008679406529708812
2025-03-06,-0.0154949603716011,0.0349454660873402,0,0.9999985896310759,1.4103689625692287e-06,1.4103689625692287e-06,0.9999992948155187,-0.004747993093396992
2025-03-07,-0.0206318096266184,0.0349931712523278,0,0.9995306510870584,0.0004693489129306826,0.0004693489129306826,0.9997653255435346,-0.005801028345768212
2025-03-10,-0.1441861599285243,0.0452226114717781,1,0.5377136701231151,0.46228632987691815,0.46228632987691815,0.7688568350615409,-0.02612114930549515
2025-03-11,0.0436508588256136,0.0455924479313391,1,0.4926646264690528,0.5073353735310014,0.5073353735310014,0.7463323132344992,-0.018753641309507314
2025-03-12,-0.0380011316106465,0.0456515946744433,1,0.4429234926837699,0.557076507316241,0.557076507316241,0.7214617463418795,-0.034932640542355356
2025-03-13,-0.0156142471137012,0.0441900779936959,1,0.40431844625010793,0.595681553749877,0.595681553749877,0.7021592231250615,-0.034956497890775366
2025-03-14,0.0461298279226919,0.0464886323784866,1,0.2898418626066612,0.7101581373933818,0.7101581373933818,0.6449209313033091,-0.02160417038091331
2025-03-17,0.0034094296368271,0.0455352809876976,1,0.2221285566892399,0.7778714433107221,0.7778714433107221,1.0,0.007914947532156968
2025-03-18,-0.0206334168632975,0.0452691852038447,1,0.1405126895376566,0.8594873104623131,0.8594873104623131,0.5702563447688435,-0.004941907605625251
2025-03-19,0.0665344267606873,0.0476309618395956,1,0.03736966737157893,0.9626303326283786,0.9626303326283786,1.0,0.01596520406864151
2025-03-20,-0.0296953395268502,0.047328622157546,1,0.011646046386059133,0.9883539536139608,0.9883539536139608,1.0,0.013148985586011708
2025-03-21,0.0,0.0468672427703424,1,0.004541910885506306,0.995458089114529,0.995458089114529,1.0,0.0039230200014733286
2025-03-24,0.0585342370818016,0.0494641719797681,1,0.0005377009990942369,0.9994622990008801,0.9994622990008801,1.0,0.01494798149046823
2025-03-25,-0.0069730650857154,0.0481526993700675,1,0.0004199919249137144,0.9995800080750833,0.9995800080750833,1.0,0.017680051845984653
2025-03-26,-0.0382542686235199,0.0469250033416346,1,0.0006961565225637796,0.9993038434773983,0.9993038434773983,0.5003480782613008,-0.0032776872308567908
2025-03-27,0.0026402630255995,0.046521873936289,1,0.000917138083474156,0.999082861916492,0.999082861916492,1.0,0.0031894332796331493
2025-03-28,-0.0688987209001127,0.0485926186338723,1,0.00014305186148304129,0.9998569481385269,0.9998569481385269,0.5000715259307366,-0.01059031090038939
2025-03-31,-0.0243042812322528,0.0480873720799643,1,0.0002135752557882836,0.9997864247442041,0.9997864247442041,0.500106787627898,-0.027158014563200272
2025-04-01,0.045960762840013,0.049481636642314,1,0.00012041604427520122,0.9998795839556918,0.9998795839556918,0.5000602080221541,-0.016571248978054596
2025-04-02,0.0,0.0481794456727037,1,0.00021860363951799617,0.999781396360448,0.999781396360448,0.500109301819776,-0.008920395253350612
2025-04-03,-0.0686473901835847,0.0500561634746005,1,2.9004320301926565e-05,0.9999709956797381,0.9999709956797381,0.500014502160131,-0.02317792589518745
2025-04-04,0.0139656499980581,0.0502830446107724,1,5.076268104156552e-05,0.9999492373189569,0.9999492373189569,0.5000253813405215,-0.006605051715553291
2025-04-07,-0.1638078425411056,0.053173622783514,1,1.372291474787535e-07,0.9999998627709014,0.9999998627709014,0.5000000686145494,-0.034505763977323856
2025-04-08,-0.0493492572179967,0.0523221337471386,1,6.345832351445095e-06,0.999993654167623,0.999993654167623,0.5000031729161885,-0.0535677679889258
2025-04-09,0.1150693634954383,0.0593974310578031,1,6.626554044867954e-08,0.9999999337344456,0.9999999337344456,0.5000000331327772,-0.030553895289838134
2025-04-10,-0.0830665781419,0.0617969455848433,1,2.546556884828316e-09,0.9999999974534148,0.9999999974534148,0.5000000012732926,-0.03343773288150119
2025-04-11,0.0360863952664157,0.0613554568789043,1,2.396795444291503e-08,0.9999999760320865,0.9999999760320865,0.5000000119839567,-0.02901358382782967
2025-04-14,0.0453685420746249,0.0625641320239637,1,1.0417915097211187e-08,0.9999999895820793,0.9999999895820793,1.0,0.01282169309531643
2025-04-15,-0.0195445778576283,0.0625534666746063,1,5.762404619565725e-09,0.9999999942375553,0.9999999942375553,1.0,0.01878262896739011
2025-04-16,-0.0124122088401776,0.0600140664950394,1,4.178899951875137e-08,0.9999999582109931,0.9999999582109931,0.5000000208945035,-0.006713685499733069
2025-04-17,-0.0025011006728514,0.0599087604009705,1,5.086419189918845e-08,0.999999949135828,0.999999949135828,1.0,0.00939940999407665
2025-04-21,-0.0050208864389431,0.0598707176901696,1,5.0823955243267414e-08,0.9999999491760732,0.9999999491760732,1.0,0.0011779536530048893
2025-04-22,0.0782341755482075,0.0612260835049269,1,2.600740186245891e-08,0.9999999739925446,0.9999999739925446,1.0,0.007751080347721409
2025-04-23,0.0499347178161736,0.0626922975808279,1,9.60710223124384e-09,0.9999999903928938,0.9999999903928938,1.0,0.021646939482481788
2025-04-24,-0.0133731788477618,0.0622939806521515,1,7.671747315031513e-09,0.9999999923282985,0.9999999923282985,1.0,0.02145474548096495
2025-04-25,0.0221902737626589,0.0625923969910726,1,9.074952299514901e-09,0.9999999909250619,0.9999999909250619,1.0,0.02639302036806701
2025-04-28,-0.0043988648793779,0.0607731794103485,1,2.6488052971057098e-08,0.9999999735119903,0.9999999735119903,1.0,0.02651742467998005
2025-04-29,0.0153120048197373,0.0606527819853201,1,3.510440713853128e-08,0.9999999648955515,0.9999999648955515,1.0,0.013932990534286007
2025-04-30,-0.0219466917842626,0.0598397569515437,1,4.1562325286996553e-08,0.9999999584376846,0.9999999584376846,0.5000000207811577,-0.0004432913858012311
2025-05-01,0.0320259955937403,0.0603616274442788,1,4.790815352779199e-08,0.9999999520917993,0.9999999520917993,1.0,0.008636543502499188
2025-05-02,-0.0021512903672944,0.058280930483094,1,1.666583465140971e-07,0.9999998333417036,0.9999998333417036,1.0,0.0037682306765085285
2025-05-05,-0.0137335395633866,0.0582989928816732,1,5.030586553904089e-06,0.9999949694133989,0.9999949694133989,1.0,0.0019012957397067883
2025-05-06,-0.0176215846917527,0.044095022292631,1,0.0333250346674257,0.9666749653326286,0.9666749653326286,0.5166625173336856,-0.004685422162591211
2025-05-07,0.0066445539466221,0.0420276895562477,1,0.04182014716977539,0.9581798528302602,0.9581798528302602,1.0,0.0010328269835857286
2025-05-08,0.1669974358737101,0.0497401376288773,1,0.0005554448100745355,0.9994445551899721,0.9994445551899721,1.0,0.028027115039579685
2025-05-09,0.0961023992058546,0.0476461837638116,1,0.00030805463586899064,0.9996919453641397,0.9996919453641397,1.0,0.04767785295420949
2025-05-12,0.0523390650955072,0.0480394742749231,1,0.00027182660694687467,0.9997281733930389,0.9997281733930389,1.0,0.06089237388598826
2025-05-13,0.0912518297795415,0.0502286305420156,1,4.627096322149635e-05,0.9999537290368058,0.9999537290368058,1.0,0.08266705678024709
2025-05-14,-0.0348988946308824,0.0510545091435467,1,2.0576413844552114e-05,0.9999794235861952,0.9999794235861952,1.0,0.07435836706474619
2025-05-15,-0.0283013101359,0.0517719573757137,1,1.3317774758494333e-05,0.9999866822252055,0.9999866822252055,1.0,0.035298617862824164
2025-05-16,0.0252525543232153,0.0514131698613459,1,2.406431236961133e-05,0.9999759356876337,0.9999759356876337,1.0,0.021128648886296307
2025-05-19,-0.0294366568805464,0.052436756198491,1,8.242162800385394e-06,0.9999917578372532,0.9999917578372532,1.0,0.004773504491085588
2025-05-20,-0.0073645460662343,0.0512150823591508,1,2.4227757082759027e-05,0.9999757722428769,0.9999757722428769,0.5000121138785616,-0.01494977067806957
2025-05-21,0.0047406014350511,0.0507847675598351,1,3.584475766274601e-05,0.9999641552423043,0.9999641552423043,0.5000179223788479,-0.007021871464882872
2025-05-22,0.0492154196721691,0.050744204307882,1,3.7532080526284126e-05,0.9999624679194874,0.9999624679194874,1.0,0.008481474496730947
2025-05-23,-0.0309905739039696,0.052007156324615,1,1.097298268589358e-05,0.9999890270173133,0.9999890270173133,0.5000054864913434,-0.0027671511487060312
2025-05-27,0.0503124234567917,0.0522357178680592,1,1.3448421885637943e-05,0.9999865515781537,0.9999865515781537,1.0,0.013182664918761588
2025-05-28,-0.0268538770676653,0.0532832813872362,1,4.565649350776293e-06,0.9999954343506577,0.9999954343506577,1.0,0.009284798718475387
2025-05-29,0.0125220768744105,0.0524717771774831,1,1.1109753647253006e-05,0.9999888902463954,0.9999888902463954,1.0,0.010841093806347268
2025-05-30,-0.030320684646142,0.0535483244374258,1,3.57565822090361e-06,0.9999964243417288,0.9999964243417288,0.5000017878291356,-0.005066127057314952
2025-06-02,-0.0160334164094789,0.0538941939633143,1,3.3116421352649352e-06,0.9999966883578092,0.9999966883578092,0.5000016558210953,-0.002074695558416812
2025-06-03,0.0373540250457847,0.0536211935739149,1,5.407012520822549e-06,0.9999945929874435,0.9999945929874435,0.5000027035062782,-0.004666375240618211
2025-06-04,-0.0015079513987554,0.0531683100562684,1,1.5110139864664852e-05,0.9999848898601336,0.9999848898601336,1.0,0.0004028098931637693
2025-06-05,-0.0374114633069027,0.0546154071359385,1,0.001383148765150699,0.9986168512348876,0.9986168512348876,0.5006915743825562,-0.00958389814309887
2025-06-06,-0.0179140807858438,0.0421395240340896,0,0.909506798220289,0.09049320177969626,0.09049320177969626,0.9547533991101519,-0.0071025773710392285
2025-06-09,0.039098022382391,0.0375363355455575,0,0.9994671022425592,0.0005328977574648528,0.0005328977574648528,1.0,0.003923710387334751
2025-06-10,0.0719877499232227,0.0390650962159962,0,0.9999688045366018,3.1195463341523646e-05,3.1195463341523646e-05,1.0,0.01085045536282235
2025-06-11,0.0137020338228293,0.0336324870888365,0,0.9999995409840411,4.5901601127849276e-07,4.5901601127849276e-07,1.0,0.013892452407139289
2025-06-12,-0.0441318663966679,0.0342260347028799,0,0.9999993127265813,6.872733845595741e-07,6.872733845595741e-07,1.0,0.012548371789186252
2025-06-13,-0.0632642005164842,0.0366461537539174,0,0.9999960449224314,3.95507755052768e-06,3.95507755052768e-06,1.0,0.003478347843058169
2025-06-16,0.0519200814983125,0.0380727156146516,0,0.999991023099644,8.976900379020795e-06,8.976900379020795e-06,1.0,0.00604275966624247
2025-06-17,-0.0519200814983125,0.0393383529395411,0,0.9999792287522428,2.0771247720705492e-05,2.0771247720705492e-05,0.9999896143761396,-0.01873880661806457
2025-06-18,-0.0136772378695793,0.0394271039634031,0,0.999982921985036,1.7078015018477427e-05,1.7078015018477427e-05,0.9999914609924907,-0.024214660956546293
2025-06-20,-0.0328427208210341,0.0400716821710062,0,0.9999715910852937,2.8408914736785924e-05,2.8408914736785924e-05,0.9999857955426317,-0.021956831841419527
2025-06-23,-0.0419172838090893,0.0391066516177055,0,0.9999830843784666,1.6915621562689698e-05,1.6915621562689698e-05,0.9999915421892187,-0.017687448499940552
2025-06-24,0.0517213002019587,0.0407306732849759,0,0.9999543024765172,4.569752350605522e-05,4.569752350605522e-05,0.9999771512382469,-0.017727204759211312
2025-06-25,-0.0027137679553778,0.0387946247012028,0,0.9999888145028157,1.1185497224319536e-05,1.1185497224319536e-05,0.9999944072513878,-0.007885942050624373
2025-06-26,0.0032555355966181,0.0384894397222643,0,0.9999911083637831,8.891636238782543e-06,8.891636238782543e-06,0.9999955541818806,-0.004499387357384894
2025-06-27,-0.0103457840341095,0.0383244630689432,0,0.9999918337757998,8.16622414430713e-06,8.16622414430713e-06,1.0,2.6367796834847467e-17
2025-06-30,0.0428560081640046,0.0392367818852104,0,0.9999823263525264,1.76736474383128e-05,1.76736474383128e-05,1.0,0.016954658394618807
2025-07-01,-0.0472443817194151,0.0404639134562093,0,0.999932140911288,6.785908871188685e-05,6.785908871188685e-05,0.9999660704556441,-0.002838477989655952
2025-07-02,0.0822814694571435,0.0439026006825067,0,0.9993429647931741,0.0006570352067690811,0.0006570352067690811,1.0,0.014160569492848307
2025-07-03,-0.0132519895712138,0.043996589555974,0,0.9994008121488419,0.0005991878511882038,0.0005991878511882038,1.0,0.010859064459281925
2025-07-07,-0.0118710835221455,0.0432481150942276,0,0.9996165904205918,0.0003834095794636412,0.0003834095794636412,1.0,0.010554004561674726
2025-07-08,0.0266409426549246,0.0434084868448818,0,0.9995853634153054,0.0004146365846470636,0.0004146365846470636,1.0,0.007310991459858726
2025-07-09,0.0584214512609493,0.0444677382962737,0,0.9993199237424687,0.0006800762575028825,0.0006800762575028825,1.0,0.028444158055931607
2025-07-10,0.0179589453724224,0.0416379262022731,0,0.9998438670759806,0.0001561329239738112,0.0001561329239738112,1.0,0.015579653238987388
2025-07-11,0.0657087449560699,0.0440420055610462,0,0.9994993855499005,0.0005006144501033565,0.0005006144501033565,1.0,0.03137180014444413
2025-07-14,-0.0021953571011783,0.0426368429743128,0,0.9998120726123676,0.00018792738759562007,0.00018792738759562007,1.0,0.03330694542863757
2025-07-15,0.0131005909463719,0.0394578008014124,0,0.9999650879012397,3.491209878922872e-05,3.491209878922872e-05,1.0,0.030598875086927026
2025-07-16,0.1060977712884652,0.0441222225225494,0,0.9991916476075147,0.0008083523924623626,0.0008083523924623626,1.0,0.04013413909243021
2025-07-17,0.0097069295730278,0.0414968851849097,0,0.999888506974439,0.00011149302550860122,0.00011149302550860122,1.0,0.03848373593255129
2025-07-18,0.0393990704058014,0.0412571803790606,0,0.999935942366918,6.405763306761992e-05,6.405763306761992e-05,1.0,0.03322180102249759
2025-07-21,0.0506987504389118,0.0400788257583883,0,0.9999683754570732,3.162454296983683e-05,3.162454296983683e-05,1.0,0.0438006225305156
2025-07-22,-0.0181726090074624,0.0384051668675311,0,0.9999910247529769,8.975246977187868e-06,8.975246977187868e-06,1.0,0.037545982539748744
2025-07-23,-0.0232822227957975,0.0391188670273135,0,0.9999857523718889,1.424762806264203e-05,1.424762806264203e-05,1.0,0.011669983722896207
2025-07-24,0.0435712159143215,0.0391138318425862,0,0.9999838906633559,1.6109336651673384e-05,1.6109336651673384e-05,1.0,0.018442840991154945
2025-07-25,-0.0285937725617216,0.0405257359342494,0,0.9999624280572632,3.7571942769153384e-05,3.7571942769153384e-05,1.0,0.004844272397650345
2025-07-28,0.0429372668253917,0.0401705290838506,0,0.9999686536520564,3.1346347971670597e-05,3.1346347971670597e-05,1.0,0.0032919756749463258
2025-07-29,-0.0104749959482131,0.0405332592878718,0,0.9999659461139329,3.4053886066939934e-05,3.4053886066939934e-05,1.0,0.004831498286796186
2025-07-30,-0.0003510700054441,0.037691008120638,0,0.9999945446887623,5.4553112493187255e-06,5.4553112493187255e-06,1.0,0.009417728844866866
2025-07-31,-0.0074008825725533,0.0354629129682107,0,0.999998654100519,1.3458994746135162e-06,1.3458994746135162e-06,0.9999993270502627,-0.0007766908525080928
2025-08-01,-0.0642791589633324,0.0394373786445081,0,0.9999742875689579,2.5712431048128313e-05,2.5712431048128313e-05,0.999987143784476,-0.007913768132830254
2025-08-04,0.045713811257717,0.0394451178982802,0,0.9999796336942693,2.0366305707939687e-05,2.0366305707939687e-05,0.999989816847146,-0.007358459246365194
2025-08-05,-0.0266584907187301,0.0406317526997162,0,0.9999605022844025,3.9497715563798256e-05,3.9497715563798256e-05,0.9999802511422181,-0.010595158200468593
2025-08-06,0.032407692607377,0.0395917247621632,0,0.9999795123857292,2.048761432107282e-05,2.048761432107282e-05,0.9999897561928395,-0.004043405677904374
2025-08-07,0.0489436944207069,0.0403417751314202,0,0.9999644750585686,3.5524941488060216e-05,3.5524941488060216e-05,1.0,0.007225509720747666
2025-08-08,0.049261255169179,0.0394290881022789,0,0.9999792709640856,2.0729035962890646e-05,2.0729035962890646e-05,1.0,0.02993359254724995
2025-08-11,0.046328051570805,0.039805026927335,0,0.9999741900361219,2.5809963927400657e-05,2.5809963927400657e-05,1.0,0.030056440609867546
2025-08-12,0.0601685214664529,0.0409105379025991,0,0.9999445079732472,5.549202675424607e-05,5.549202675424607e-05,1.0,0.04742184304690415
2025-08-13,0.0470507732895886,0.0362163564532674,0,0.9999970941588727,2.9058411634530543e-06,2.9058411634530543e-06,1.0,0.05035045918334646
2025-08-14,-0.0435532782130444,0.0386457771352256,0,0.999987893245889,1.2106754142694904e-05,1.2106754142694904e-05,1.0,0.031851064656596206
2025-08-15,-0.0361412971233784,0.0397281539453442,0,0.9999769442568883,2.3055743084618294e-05,2.3055743084618294e-05,1.0,0.01477055419808473
2025-08-18,-0.0054446685530984,0.0387017141433918,0,0.9999877336484531,1.2266351571307408e-05,1.2266351571307408e-05,1.0,0.004416010173304047
2025-08-19,-0.0519800209372567,0.0405794452815806,0,0.9998059409798588,0.0001940590201344498,0.0001940590201344498,0.9999029704899327,-0.018013698307437872
2025-08-20,0.0501584851476832,0.041117954338328,0,0.9967641598802066,0.003235840119832592,0.003235840119832592,0.9983820799400838,-0.017392155935818953
2025-08-21,-0.02991739881121,0.0412043138314339,0,0.9435960320819545,0.056403967918023774,0.056403967918023774,0.971798016040988,-0.014664980055452071
2025-08-22,0.1359158236938048,0.0495327466443157,1,0.02437675739100871,0.9756232426090324,0.9756232426090324,1.0,0.019746444107984575
2025-08-25,-0.0897231738187313,0.0541407357735401,1,1.850482771116885e-05,0.9999814951722824,0.9999814951722824,1.0,0.0028907430548579943
2025-08-26,0.0401401161930693,0.0544383903518302,1,3.1042250954690516e-06,0.9999968957749139,0.9999968957749139,1.0,0.021314770480923194
2025-08-27,-0.007494941903377,0.0545334573664447,1,2.287616545193326e-06,0.9999977123834487,0.9999977123834487,1.0,0.009784085070711154
2025-08-28,-0.0290641817710696,0.0551026429621109,1,1.187960014097517e-06,0.9999988120399856,0.9999988120399856,1.0,0.009954728478739234
2025-08-29,-0.0225947255377392,0.0529474840935743,1,6.009681436453682e-06,0.9999939903185397,0.9999939903185397,0.5000030048407301,-0.021747381367569568
2025-09-02,-0.0159708697552808,0.0525944856225325,1,8.34223971886623e-06,0.999991657760242,0.999991657760242,0.500004171119879,-0.006996920554879468
2025-09-03,0.047462428685754,0.0526654495088627,1,1.0112476645362034e-05,0.9999898875233563,0.9999898875233563,0.5000050562383218,-0.005532458056342529
2025-09-04,-0.0474624286857539,0.0539919522744777,1,2.003272602117637e-06,0.9999979967273759,0.9999979967273759,0.5000010016363121,-0.013525955412817908
2025-09-05,0.014446270071515,0.0531359423508921,1,7.13260282125995e-06,0.9999928673971393,0.9999928673971393,0.5000035663014304,-0.004823865044300988
2025-09-08,-0.00950494279805,0.0522100411241614,1,1.1831519617942563e-05,0.9999881684803614,0.9999881684803614,0.5000059157598193,-0.002205908496363149
2025-09-09,0.0004619816887397,0.051187414998718,1,2.8335555706667994e-05,0.9999716644443054,0.9999716644443054,1.0,0.001080661792440951
2025-09-10,0.0069045856642904,0.0492605741892439,1,0.00012120950341621484,0.9998787904966314,0.9998787904966314,0.5000606047516842,-0.00703090681185177
2025-09-11,0.0238718356898698,0.0483013349941195,1,0.00024624519023089465,0.9997537548098065,0.9997537548098065,1.0,0.00723594606327297
2025-09-12,0.0543343181059569,0.0489811006088225,1,0.0002135279378125535,0.999786472062155,0.999786472062155,1.0,0.01521355567016135
2025-09-15,-0.0389267053635683,0.0490973431621692,1,0.0006423207970074156,0.9993576792030405,0.9993576792030405,1.0,0.009329203157057691
2025-09-16,-0.0002940250507863,0.049073713011686,1,0.007187816233282571,0.9928121837667038,0.9928121837667038,1.0,0.00917800180915249
2025-09-17,0.0052801619997731,0.0474298549844501,1,0.06756079312521622,0.9324392068747316,0.9324392068747316,1.0,0.008853117076249032
2025-09-18,0.0159631669594066,0.0462963627867063,1,0.24695933335311482,0.7530406666468696,0.7530406666468696,1.0,0.00727138333015639
2025-09-19,-0.033971051674127,0.046455236320559,1,0.4927301141149808,0.5072698858849861,0.5072698858849861,0.7463650570575069,-0.01038969062586039
2025-09-22,-0.070334214961001,0.0372594805729178,0,0.9966836591405475,0.0033163408594663758,0.0033163408594663758,0.9983418295702668,-0.01667119254534693
2025-09-23,0.0038277217524021,0.0319273638533878,0,0.9999993321501918,6.678498396616991e-07,6.678498396616991e-07,0.9999996660750802,-0.015846843184709247
2025-09-24,0.0015905598362017,0.0302986861051123,0,0.99999994315033,5.6849670751545636e-08,5.6849670751545636e-08,0.9999999715751646,-0.016584763617423524
2025-09-25,-0.0616184138254043,0.0328370508257455,0,0.999999672523867,3.274761206483445e-07,3.274761206483445e-07,0.9999998362619397,-0.03210107977438571
2025-09-26,0.0293158627068937,0.0334348012834999,0,0.9999995628400985,4.371599482932536e-07,4.371599482932536e-07,0.9999997814200259,-0.019443696898181567
2025-09-29,0.0405330577092563,0.0346309132031377,0,0.9999990136964559,9.863034944479815e-07,9.863034944479815e-07,1.0,0.002729757635869892
2025-09-30,-0.0066424120865956,0.0344911935016454,0,0.9999992856089925,7.143909574146354e-07,7.143909574146354e-07,1.0,0.0006357308680703522
2025-10-01,0.0401235290967812,0.0339810751280787,0,0.9999993329063224,6.670937055479331e-07,6.670937055479331e-07,1.0,0.008342324720186253
2025-10-02,0.0374015180593274,0.0332439751441173,0,0.9999995806834674,4.193165671180822e-07,4.193165671180822e-07,1.0,0.028146311097132594
2025-10-03,0.006148433714871,0.0331404692253184,0,0.9999996800212841,3.199787700707367e-07,3.199787700707367e-07,1.0,0.02351282529872805
2025-10-06,0.0436901064545218,0.0342652098367891,0,0.9999991783834012,8.216166461654925e-07,8.216166461654925e-07,1.0,0.024144235047781147
2025-10-07,-0.0542534909608882,0.0367322299329344,0,0.9999962378717837,3.7621282652020863e-06,3.7621282652020863e-06,1.0,0.014622019272922632
2025-10-08,0.0079329531430016,0.0367399588066964,0,0.9999970396422149,2.9603577633166995e-06,2.9603577633166995e-06,1.0,0.008183904082166713
2025-10-09,-0.0406146237117055,0.0375583690112636,0,0.99999410705581,5.8929441958495565e-06,5.8929441958495565e-06,0.9999970535279021,-0.007419324272039868
2025-10-10,-0.0828914391851575,0.0394019228749751,0,0.9999634510405906,3.654895936282008e-05,3.654895936282008e-05,0.9999817255203186,-0.025227298852045565
2025-10-13,0.0635032014039167,0.0417424529208654,0,0.9998889031486391,0.00011109685133000433,0.00011109685133000433,0.999944451574335,-0.02126467986216659
2025-10-14,-0.0347806280029495,0.0423429675753041,0,0.9998378264611187,0.00016217353893812744,0.00016217353893812744,0.999918913230531,-0.01737010727057885
2025-10-15,-0.0303796125238877,0.0426595213115426,0,0.9998015324746525,0.0001984675253949213,0.0001984675253949213,0.9999007662373025,-0.025032620403956714
2025-10-16,-0.0306472834669172,0.0426540008420953,0,0.9998068705754973,0.00019312942449634546,0.00019312942449634546,0.9999034352877518,-0.023039152354999048
2025-10-17,-0.0103128873965834,0.0422394969393122,0,0.9998772390961266,0.00012276090387214586,0.00012276090387214586,0.999938619548064,-0.00852344199728423
2025-10-20,0.0406284332905017,0.0408039177846765,0,0.9999501133805406,4.988661944015314e-05,4.988661944015314e-05,0.9999750566902799,-0.013098395619967229
2025-10-21,0.0046342782979838,0.0408102458524599,0,0.9999539329994244,4.606700055666944e-05,4.606700055666944e-05,0.9999769664997217,-0.0052154143597805715
2025-10-22,-0.0515019104345985,0.0422763457547319,0,0.9998465718351205,0.000153428164841102,0.000153428164841102,0.9999232859175795,-0.009439873941922732
2025-10-23,0.0148406623507481,0.0402464075280729,0,0.9999682657019339,3.173429808281642e-05,3.173429808281642e-05,0.9999841328509587,-0.00034228477838967145
2025-10-24,0.0176574554971214,0.0398720253690298,0,0.9999742893827848,2.571061717057442e-05,2.571061717057442e-05,1.0,0.005251783800351288
2025-10-27,0.0664090666796458,0.0416779995646315,0,0.9998314128519821,0.00016858714802611067,0.00016858714802611067,1.0,0.01040791047818011
2025-10-28,-0.0372195621877261,0.0424892394945853,0,0.9991649502482864,0.0008350497517396527,0.0008350497517396527,1.0,0.0020371423810381277
2025-10-29,-0.0356051479118034,0.0419574117585536,0,0.9950288394876966,0.004971160512293796,0.004971160512293796,1.0,0.005216494885597148
2025-10-30,-0.0589534424427998,0.042330332580524,0,0.9531348077350575,0.04686519226488778,0.04686519226488778,0.9765674038675561,-0.009542326073112433
2025-10-31,0.0535186517384841,0.0445533745339928,0,0.7036105011575738,0.29638949884243426,0.29638949884243426,0.8518052505787829,-0.0023700868248398912
2025-11-03,-0.0804685628052237,0.0456498839572658,1,0.20958921101388733,0.7904107889860702,0.7904107889860702,0.6047946055069648,-0.03174561272181379
2025-11-04,-0.1095116672580418,0.0497107714606274,1,0.002381001699131209,0.9976189983008897,0.9976189983008897,0.5011905008495552,-0.046204033735876934
2025-11-05,0.071515739661481,0.053273691608279,1,2.043719080371788e-05,0.9999795628092438,0.9999795628092438,0.5000102185953781,-0.02477985622122005
2025-11-06,-0.04229290926487,0.0533199360458109,1,3.600491235528584e-06,0.9999963995087472,0.9999963995087472,0.5000018002456263,-0.021447749585634092
2025-11-07,0.0465018540430811,0.0523094291038687,1,1.3405828938901974e-05,0.9999865941710376,0.9999865941710376,0.5000067029144812,-0.02285110912471469
2025-11-10,0.0297181549015496,0.0504200125070269,1,4.8136904315829896e-05,0.9999518630957381,0.9999518630957381,0.5000240684521309,-0.0008137655833600273
2025-11-11,-0.0373839939659674,0.0504938888748811,1,3.0538829148929614e-05,0.9999694611708253,0.9999694611708253,1.0,0.013611769075054852
2025-11-12,-0.007724984454296,0.05024115553547,1,4.6853476442678306e-05,0.9999531465235925,0.9999531465235925,0.5000234267382038,-0.002236375748100547
2025-11-13,-0.0744361329545701,0.0522045248628564,1,4.516311890426187e-06,0.9999954836881338,0.9999954836881338,0.5000022581559331,-0.008665020486040568
2025-11-14,-0.0104976817237154,0.052204599631036,1,1.1594520262868249e-05,0.9999884054797402,0.9999884054797402,0.50000579726013,-0.02006492763939987
2025-11-17,-0.0422477249106579,0.0512542249245832,1,1.5562958801402793e-05,0.9999844370411487,0.9999844370411487,0.5000077814794257,-0.034458103601841365
2025-11-18,0.0380175840842884,0.0524283777645865,1,1.2149589559940892e-05,0.9999878504104586,0.9999878504104586,0.5000060747947708,-0.019377787991790206
2025-11-19,-0.0589304407969809,0.0527447118608642,1,4.018911619480469e-06,0.9999959810884361,0.9999959810884361,0.500002009455782,-0.02961887926032719
2025-11-20,-0.0380343636162855,0.0526084277605844,1,6.259384590589269e-06,0.999993740615459,0.999993740615459,0.5000031296922705,-0.022338525392670266
2025-11-21,-0.0337243583463453,0.0521567255935919,1,9.150179782484675e-06,0.9999908498201913,0.9999908498201913,0.5000045750899044,-0.026983860717196252
2025-11-24,0.0811569110439015,0.0535008484123055,1,4.820401928029664e-06,0.9999951795980672,0.9999951795980672,0.5000024102009664,-0.0023029335262843677
2025-11-25,-0.014356532032128,0.0532973735431025,1,5.133660650457261e-06,0.9999948663392966,0.9999948663392966,0.5000025668303517,-0.012777756749567649
2025-11-26,0.0342027777620524,0.054236320983601,1,3.5219811018932774e-06,0.9999964780188924,0.9999964780188924,1.0,0.005848886962239011
2025-11-28,0.0021810758479755,0.053205047589368,1,6.2813015338271555e-06,0.9999937186984794,0.9999937186984794,1.0,0.013891974855091211
2025-12-01,-0.0998083098224252,0.0546523306793163,1,3.731350343574758e-07,0.9999996268649752,0.9999996268649752,1.0,0.0006751845598752332
2025-12-02,0.0804500051589701,0.0566720542915336,1,5.826649193301298e-07,0.9999994173351175,0.9999994173351175,1.0,0.0005338033828889532
2025-12-03,0.0523588800949209,0.0530437653397146,1,8.054524284261185e-06,0.9999919454757362,0.9999919454757362,1.0,0.013876885808298734
2025-12-04,0.0021057554485762,0.0502343252863147,1,5.0759662267826706e-05,0.9999492403377577,0.9999492403377577,1.0,0.007457481345603494
2025-12-05,-0.0394731665954138,0.0501269210187874,1,3.96893613750385e-05,0.9999603106386059,0.9999603106386059,0.500019844680697,-0.0008733671430743662
2025-12-08,0.0373674111468374,0.0496774034696994,1,8.014712676103234e-05,0.9999198528732488,0.9999198528732488,1.0,0.02656177705077815
2025-12-09,0.0593342669968018,0.0511838529944068,1,2.8745094044099206e-05,0.9999712549059825,0.9999712549059825,1.0,0.02233862941834449
2025-12-10,0.0087025594991632,0.0506109834704701,1,4.044289535157874e-05,0.9999595571046894,0.9999595571046894,1.0,0.01360736529919295
2025-12-11,-0.0405922820474357,0.0513631241489952,1,1.5684460267076518e-05,0.9999843155397844,0.9999843155397844,1.0,0.00506775779999057
2025-12-12,-0.0465980926440596,0.0496692494061015,1,4.516027167931723e-05,0.9999548397283736,0.9999548397283736,1.0,0.0036427725902614103
2025-12-15,-0.0506827823918779,0.0508544802481534,1,1.9598316809722903e-05,0.9999804016831928,0.9999804016831928,0.5000097991584036,-0.013967266117481647
2025-12-16,0.0072072312838411,0.050063794078486,1,5.920103640728827e-05,0.999940798963589,0.999940798963589,0.5000296005182054,-0.02439267326007379
2025-12-17,-0.0440438608944187,0.0500642952021104,1,4.172673341739969e-05,0.9999582732666273,0.9999582732666273,0.5000208633666863,-0.034941957338790165
2025-12-18,-0.0151231472601596,0.0485177279825037,1,0.00015135169847578308,0.9998486483014742,0.9998486483014742,0.5000756758492628,-0.029848130381334947
2025-12-19,0.0751957886525677,0.0507531542783592,1,5.223902569550799e-05,0.9999477609742731,0.9999477609742731,0.5000261195128635,-0.00548935412200949
2025-12-22,-0.0070922217136532,0.0500896601258231,1,0.0005105838634160409,0.999489416136616,0.999489416136616,1.0,0.0032287580136354478
2025-12-23,-0.0026725836153822,0.0466968751198444,1,0.009032427267303793,0.9909675727327186,0.9909675727327186,1.0,0.0012527950337907884
2025-12-24,-0.0112133939774205,0.0466515195830898,1,0.02371911210829621,0.9762808878917473,0.9762808878917473,1.0,0.007818888417190428
