Date,EWU_ret,EWU_vol,regime,prob_regime_0,prob_regime_1,p_high_vol,risk_scale,momentum
2024-08-20,-0.0084619820571005,0.0105406838337578,0,1.0,1.926573285041706e-41,1.926573285041706e-41,1.0,
2024-08-21,0.0100915146332381,0.0106156256405346,0,0.9999999107514026,8.924857106157908e-08,8.924857106157908e-08,0.9999999553757144,
2024-08-22,-0.0019014347582227,0.0106230782266312,0,0.9999998404951057,1.595048806914666e-07,1.595048806914666e-07,0.9999999202475597,
2024-08-23,0.0167165302432622,0.0107881604175129,0,0.9999996616907655,3.383092120428182e-07,3.383092120428182e-07,0.9999998308453939,
2024-08-26,-0.0005348968295107,0.01072738387778,0,0.9999998099252888,1.9007475030140993e-07,1.9007475030140993e-07,1.0,0.0031819462463332803
2024-08-27,0.0061341606865184,0.010746647343789,0,0.9999998704157718,1.2958423995483684e-07,1.2958423995483684e-07,1.0,0.006101174795057061
2024-08-28,-0.0061341606865185,0.0107138013365319,0,0.9999995295324849,4.704674943630327e-07,4.704674943630327e-07,1.0,0.0028560397311057405
2024-08-29,0.0050700588565195,0.0098364848979097,0,0.999999993150368,6.8496563455644365e-09,6.8496563455644365e-09,1.0,0.00425033845405418
2024-08-30,-0.0010653432893358,0.0097000759003352,0,0.9999999924491476,7.550898208901601e-09,7.550898208901601e-09,1.0,0.0006939637475345802
2024-09-03,-0.0193709741782486,0.0082945385260068,0,0.9999999582362316,4.176375483531813e-08,4.176375483531813e-08,0.9999999791181227,-0.0030732517222129994
2024-09-04,0.0018998864793738,0.0083002034745855,0,0.9999999998477733,1.5220233550647663e-10,1.5220233550647663e-10,0.9999999999238989,-0.003920106563641919
2024-09-05,0.0,0.0083295482635123,0,0.9999999998030944,1.969454629485684e-10,1.969454629485684e-10,0.9999999999015272,-0.0026932744263382198
2024-09-06,-0.010631203236672,0.0084815683751033,0,0.9999999975035507,2.4964859229591695e-09,2.4964859229591695e-09,0.999999998751757,-0.00583352684497652
2024-09-09,0.0065555415581206,0.0084981757031561,0,0.9999999998093472,1.9060601620751292e-10,1.9060601620751292e-10,0.999999999904697,-0.0043093498754852395
2024-09-10,-0.0060076020250809,0.0086695988177213,0,0.9999999988248192,1.1751959967385863e-09,1.1751959967385863e-09,0.999999999412402,-0.0016366754448517
2024-09-11,0.0032814577291135,0.0082564685079467,0,0.9999999998751719,1.2483795135100038e-10,1.2483795135100038e-10,0.999999999937581,-0.0013603611949037596
2024-09-12,0.0043584468745433,0.0082661315759165,0,0.9999999998797193,1.20291155029989e-10,1.20291155029989e-10,0.9999999999398544,-0.0004886718199951
2024-09-13,0.0029855058022037,0.0080433377124424,0,0.9999999999187139,8.12762758299096e-11,8.12762758299096e-11,1.0,0.0022346699877800404
2024-09-16,0.0107817723657134,0.0083593013830232,0,0.9999999998434532,1.5655048803876227e-10,1.5655048803876227e-10,1.0,0.0030799161492986006
2024-09-17,-0.0072650197997546,0.008383591728999,0,0.9999999991865707,8.134401223416838e-10,8.134401223416838e-10,1.0,0.0028284325943638603
2024-09-18,-0.0010807779018194,0.0081351963630523,0,0.9999999998510702,1.4894959007313783e-10,1.4894959007313783e-10,1.0,0.0019559854681772803
2024-09-19,0.0134267029873665,0.0083687957149126,0,0.9999999997995701,2.0038652658260033e-10,2.0038652658260033e-10,1.0,0.0037696366907419205
2024-09-20,-0.0120758583400108,0.0088414455627476,0,0.9999999908947075,9.105259864179764e-09,9.105259864179764e-09,1.0,0.0007573638622990205
2024-09-23,0.0091374061179678,0.0082454727339219,0,0.9999999998875637,1.1246099970071562e-10,1.1246099970071562e-10,1.0,0.0004284906127498999
2024-09-24,0.0040047155671837,0.0082930936455367,0,0.9999999998702833,1.2973184616723694e-10,1.2973184616723694e-10,1.0,0.00268243768613756
2024-09-25,-0.0058791651305149,0.0082757231924245,0,0.9999999995317239,4.682597251633398e-10,4.682597251633398e-10,1.0,0.00172276024039846
2024-09-26,0.0093370934128368,0.0084331426935711,0,0.9999999998283329,1.7165193069674838e-10,1.7165193069674838e-10,1.0,0.0009048383254925202
2024-09-27,0.0002655495032302,0.008360421503331,0,0.9999999997955911,2.04441861082335e-10,2.04441861082335e-10,1.0,0.0033731198941407206
2024-09-30,-0.0069260095064978,0.008506070375396,0,0.9999999990112656,9.887324764621626e-10,9.887324764621626e-10,1.0,0.0001604367692476006
2024-10-01,-0.001872945104668,0.0072303434525199,0,0.9999999999686224,3.133282736053043e-11,3.133282736053043e-11,0.9999999999843336,-0.0010150953651227395
2024-10-02,-0.0026815492478848,0.0072633199335528,0,0.9999999999624833,3.7535348055238575e-11,3.7535348055238575e-11,0.9999999999812323,-0.0003755721885967195
2024-10-03,-0.0110707706862108,0.007710377808211,0,0.9999999994170139,5.829681470792801e-10,5.829681470792801e-10,0.9999999997085159,-0.004457145008406239
2024-10-04,0.0037941127054788,0.0073358313510397,0,0.9999999999791953,2.0756766338813708e-11,2.0756766338813708e-11,0.9999999999896216,-0.0037514323679565197
2024-10-07,-0.0051526649267047,0.0073071548612614,0,0.9999999999363354,6.369043554906936e-11,6.369043554906936e-11,0.9999999999681548,-0.0033967634519979
2024-10-08,-0.0092871613530677,0.007485298541951,0,0.9999999997676241,2.32335974325437e-10,2.32335974325437e-10,0.999999999883832,-0.00487960670167784
2024-10-09,0.0049274160361899,0.0075332808312512,0,0.9999999999722604,2.7692410862385502e-11,2.7692410862385502e-11,0.9999999999861537,-0.0033578136448629003
2024-10-10,-0.0010927742902755,0.0074650746805822,0,0.999999999958618,4.143293764314919e-11,4.143293764314919e-11,0.9999999999792835,-0.0013622143656758397
2024-10-11,-0.0008205036398068,0.0074256895314883,0,0.9999999999627107,3.731739639171649e-11,3.731739639171649e-11,0.9999999999813414,-0.00228513763473296
2024-10-14,0.0070883980496468,0.007172583808181,0,0.9999999999854481,1.451001811893132e-11,1.451001811893132e-11,1.0,0.00016307496053734032
2024-10-15,-0.0081833772242584,0.0072198694196804,0,0.9999999998885869,1.1145284153814982e-10,1.1145284153814982e-10,1.0,0.0003838317862992002
2024-10-16,0.0081833772242584,0.0074868785108132,0,0.9999999999752163,2.4779832371651788e-11,2.4779832371651788e-11,1.0,0.0010350240239129006
2024-10-17,0.0018998864793738,0.006790398396671,0,0.9999999999896545,1.0363853827459647e-11,1.0363853827459647e-11,1.0,0.0016335561778427605
2024-10-18,0.0035186563273792,0.0063081332964981,0,0.9999999999949978,5.031107427206562e-12,5.031107427206562e-12,1.0,0.0025013881712799605
2024-10-21,-0.0095018604843905,0.006257501011798,0,0.9999999999560032,4.3994325825158974e-11,4.3994325825158974e-11,0.9999999999780028,-0.0008166635355274995
2024-10-22,-0.0027315782184698,0.0061559690478469,0,0.9999999999912461,8.71460849874153e-12,8.71460849874153e-12,1.0,0.00027369626563022054
2024-10-23,-0.0093431973988072,0.0063373705844786,0,0.9999999999540705,4.5944493753215926e-11,4.5944493753215926e-11,0.9999999999770277,-0.0032316186589828994
2024-10-24,0.0046824549160039,0.0059953617271657,0,0.9999999999965894,3.42445331207956e-12,3.42445331207956e-12,0.9999999999982878,-0.0026751049716568797
2024-10-25,-0.0071703923629437,0.0060957861801883,0,0.9999999999797637,2.0271864721948887e-11,2.0271864721948887e-11,0.9999999999898641,-0.004812914709721459
2024-10-28,0.009914713984556,0.0065391896086763,0,0.9999999999937472,6.299399147274684e-12,6.299399147274684e-12,0.9999999999968503,-0.000929599815932159
2024-10-29,-0.0085317375259877,0.0067392972742081,0,0.9999999999396323,6.040090473424975e-11,6.040090473424975e-11,0.9999999999697995,-0.0020896316774357392
2024-10-30,-0.0086051548981203,0.0069181451538738,0,0.9999999999211013,7.885086225053207e-11,7.885086225053207e-11,0.9999999999605746,-0.0019420231772983593
2024-10-31,-0.0089612691657571,0.0067853583214193,0,0.9999999999279225,7.206738894504213e-11,7.206738894504213e-11,0.9999999999639664,-0.0046707679936505596
2024-11-01,0.0056101685121978,0.0068752735131047,0,0.999999999990564,9.452563848730878e-12,9.452563848730878e-12,0.9999999999952738,-0.0021146558186222594
2024-11-04,0.0016768974981437,0.0068631966787204,0,0.9999999999882903,1.1703675748473331e-11,1.1703675748473331e-11,0.9999999999941482,-0.0037622191159047197
2024-11-05,0.0061246775466771,0.0067883074945814,0,0.9999999999917009,8.27529714500656e-12,8.27529714500656e-12,0.9999999999958624,-0.0008309361013717594
2024-11-06,-0.0106025546083911,0.0070114362217248,0,0.9999999998417479,1.5825301413793647e-10,1.5825301413793647e-10,0.9999999999208735,-0.0012304160434259193
2024-11-07,0.0081015933238806,0.0073231492879604,0,0.9999999999813554,1.8695344838122107e-11,1.8695344838122107e-11,1.0,0.0021821564545016206
2024-11-08,-0.0171184129336478,0.0081733212366374,0,0.9999999875807363,1.2419286991307527e-08,1.2419286991307527e-08,0.9999999937903565,-0.0023635598346674995
2024-11-11,-0.001132697130276,0.0079107161093313,0,0.9999999999048441,9.514509678240668e-11,9.514509678240668e-11,0.9999999999524274,-0.0029254787603514394
2024-11-12,-0.0188794300302504,0.0086682999266528,0,0.9999999218790693,7.812094955854254e-08,7.812094955854254e-08,0.9999999609395251,-0.00792630027573694
2024-11-13,-0.0008667259148135,0.0083018489818355,0,0.9999999997933173,2.0671173059546567e-10,2.0671173059546567e-10,0.9999999998966441,-0.005979134537021419
2024-11-14,-0.001156608986443,0.0082328920402321,0,0.9999999998149178,1.8508685980594196e-10,1.8508685980594196e-10,0.9999999999074566,-0.00783077499908614
2024-11-15,-0.0020274370868768,0.0080850316044917,0,0.9999999998461817,1.5384953512980636e-10,1.5384953512980636e-10,0.9999999999230753,-0.0048125798297319385
2024-11-18,0.0103834854262016,0.0085223410133286,0,0.9999999997786517,2.2132840363384251e-10,2.2132840363384251e-10,0.9999999998893359,-0.002509343318436419
2024-11-19,-0.00287353559189,0.0085225753908494,0,0.9999999995432063,4.5677686643344526e-10,4.5677686643344526e-10,1.0,0.0006918355692356608
2024-11-20,0.0,0.0083849227677376,0,0.9999999997774012,2.225978560361015e-10,2.225978560361015e-10,1.0,0.0008651807521983608
2024-11-21,0.0057390694476859,0.0084329090335721,0,0.9999999998337898,1.6623672193777513e-10,1.6623672193777513e-10,1.0,0.0022443164390241405
2024-11-22,0.0062747970059966,0.008535900837043,0,0.9999999997914983,2.0850343726497432e-10,2.0850343726497432e-10,1.0,0.0039047632575988206
2024-11-25,0.0048221427595318,0.0082535825581709,0,0.9999999998851763,1.1486525864135051e-10,1.1486525864135051e-10,1.0,0.0027924947242648607
2024-11-26,-0.0045377952910003,0.0081243753843482,0,0.9999999997421583,2.578782043567317e-10,2.578782043567317e-10,1.0,0.002459642784442801
2024-11-27,0.0110249038540043,0.0083897103828193,0,0.9999999998298108,1.702357096321164e-10,1.702357096321164e-10,1.0,0.0046646235552436615
2024-11-29,0.0064451839190137,0.0082706365273237,0,0.99999999988529,1.1474453012192689e-10,1.1474453012192689e-10,1.0,0.004805846449509221
2024-12-02,-0.0016772530420368,0.0081868181158941,0,0.9999999998193516,1.8063884082750126e-10,1.8063884082750126e-10,1.0,0.0032154364399025414
2024-12-03,0.0039094867708555,0.0082262133986616,0,0.9999999998872227,1.1280076060679813e-10,1.1280076060679813e-10,1.0,0.0030329052421672813
2024-12-04,0.0,0.0081031182228368,0,0.9999999998785825,1.2142042196760133e-10,1.2142042196760133e-10,1.0,0.0039404643003673415
2024-12-05,0.0069434921567468,0.0078648938290733,0,0.9999999999505462,4.9490479598357155e-11,4.9490479598357155e-11,1.0,0.003124181960915841
2024-12-06,-0.0063861267985904,0.0078112701808296,0,0.9999999997965006,2.0353069298845165e-10,2.0353069298845165e-10,1.0,0.0005579198173950211
2024-12-09,0.0047240938065603,0.0067557274717129,0,0.9999999999918145,8.241001371541612e-12,8.241001371541612e-12,1.0,0.0018381891871144412
2024-12-10,-0.0089112461010814,0.0071021991487742,0,0.9999999998876774,1.1232364275916124e-10,1.1232364275916124e-10,0.9999999999438383,-0.000725957387272939
2024-12-11,0.0061350377745173,0.0055055382412608,0,0.99999999999784,2.1883594314159794e-12,2.1883594314159794e-12,1.0,0.0005010501676305211
2024-12-12,-0.0106204469561262,0.0061568274816973,0,0.9999999999453166,5.473434404218437e-11,5.473434404218437e-11,0.9999999999726328,-0.003011737654944079
2024-12-13,-0.002250557008198,0.006185626623955,0,0.9999999999917009,8.3111464829696e-12,8.3111464829696e-12,0.9999999999958444,-0.002184623696865599
2024-12-16,-0.002255404765638,0.0061923955725921,0,0.9999999999915872,8.376758267641655e-12,8.376758267641655e-12,0.9999999999958116,-0.0035805234113052585
2024-12-17,-0.0027123462425888,0.0058703013385324,0,0.9999999999934062,6.61866964808221e-12,6.61866964808221e-12,0.9999999999966906,-0.002340743439606739
2024-12-18,-0.0224990273686418,0.0078153349973669,0,0.9999999311426132,6.885742864494995e-08,6.885742864494995e-08,0.9999999655712857,-0.008067556468238559
2024-12-19,-0.0050363212066173,0.0078862601552145,0,0.9999999998237854,1.762288321363374e-10,1.762288321363374e-10,0.9999999999118856,-0.00695073131833678
2024-12-20,0.0005937849973019,0.00775333134506,0,0.9999999999432703,5.674402459349835e-11,5.674402459349835e-11,0.999999999971628,-0.006381862917236798
2024-12-23,0.0047379812924444,0.00768684828863,0,0.9999999999631655,3.6873217577298326e-11,3.6873217577298326e-11,0.9999999999815634,-0.004983185705620319
2024-12-24,0.0064782712626984,0.0077600511052739,0,0.9999999999594138,4.0541530651302777e-11,4.0541530651302777e-11,0.9999999999797292,-0.003145062204562879
2024-12-26,0.000880094417824,0.0077169537351565,0,0.9999999999486135,5.140532449064895e-11,5.140532449064895e-11,1.0,0.0015307621527302806
2024-12-27,-0.0041139840585277,0.0072530686216043,0,0.9999999999524789,4.752567307735802e-11,4.752567307735802e-11,1.0,0.0017152295823482002
2024-12-30,-0.0032443816219949,0.0070300266381752,0,0.9999999999713509,2.869243729644807e-11,2.869243729644807e-11,1.0,0.0009475962584888406
2024-12-31,0.0014760345652529,0.007067364545335,0,0.9999999999838565,1.6094544537222868e-11,1.6094544537222868e-11,1.0,0.0002952069130505406
2025-01-02,-0.002362631807046,0.006947814183047,0,0.9999999999780584,2.1940357195162234e-11,2.1940357195162234e-11,0.9999999999890299,-0.0014729737008983394
2025-01-03,0.0044254969337126,0.0070814081185888,0,0.999999999986585,1.337532587301315e-11,1.337532587301315e-11,0.9999999999933123,-0.0007638931977206195
2025-01-06,0.0046989027823954,0.006953851549152,0,0.9999999999890861,1.0915984129781634e-11,1.0915984129781634e-11,1.0,0.0009986841704640007
2025-01-07,0.0008785479052343,0.0068918129532399,0,0.9999999999868123,1.3185333743705331e-11,1.3185333743705331e-11,1.0,0.0018232700759098406
2025-01-08,-0.0055774506876297,0.0067903860548593,0,0.999999999968054,3.200186151514608e-11,3.200186151514608e-11,1.0,0.0004125730253333208
2025-01-10,-0.0142308939712322,0.0071703895061142,0,0.9999999993380015,6.619571482415312e-10,6.619571482415312e-10,0.9999999996690214,-0.001961079407503919
2025-01-13,-0.0029904721674164,0.0068951416403114,0,0.99999999997749,2.2553602938852167e-11,2.2553602938852167e-11,0.9999999999887232,-0.0034442732277297195
2025-01-14,-0.0005992404292976,0.0066479094000913,0,0.999999999988745,1.1253365133507066e-11,1.1253365133507066e-11,0.9999999999943734,-0.004503901870068319
2025-01-15,0.0157577414412797,0.0077643873191883,0,0.9999999999231477,7.680073700529804e-11,7.680073700529804e-11,0.9999999999615996,-0.001528063162859239
2025-01-16,0.0111470407590475,0.008240001508287,0,0.9999999998765361,1.2342620259011494e-10,1.2342620259011494e-10,1.0,0.001816835126476201
2025-01-17,0.0029129448092511,0.008260611008174,0,0.9999999998709654,1.290622025914026e-10,1.290622025914026e-10,1.0,0.0052456028825728605
2025-01-21,0.0230027017576689,0.0080989032362713,0,0.9999999993268602,6.731576425061388e-10,6.731576425061388e-10,1.0,0.01044423766758992
2025-01-22,-0.0079908346053137,0.0082582605998531,0,0.9999999992602397,7.397527643232198e-10,7.397527643232198e-10,1.0,0.008965918832386701
2025-01-23,0.0074220928546347,0.0083467054793897,0,0.999999999864599,1.3538720549717134e-10,1.3538720549717134e-10,1.0,0.007298789115057701
2025-01-24,0.0002844677203331,0.0083330135113333,0,0.9999999998079829,1.920334983421942e-10,1.920334983421942e-10,1.0,0.0051262745073148205
2025-01-27,0.0068008197653692,0.0083426211550104,0,0.9999999998659632,1.340443147985103e-10,1.340443147985103e-10,1.0,0.005903849498538441
2025-01-28,-0.0022617673576344,0.0083928385720652,0,0.9999999996913402,3.087038020555741e-10,3.087038020555741e-10,1.0,0.0008509556754777804
2025-01-29,-0.0016997170912496,0.0083207818403316,0,0.9999999997581881,2.418509042846022e-10,2.418509042846022e-10,1.0,0.0021091791782906007
2025-01-30,0.0146358172137823,0.0086920816160357,0,0.9999999995103508,4.895968033135436e-10,4.895968033135436e-10,1.0,0.0035519240501201204
2025-01-31,-0.0050421386371767,0.0088642957605088,0,0.9999999984619308,1.538072973778986e-09,1.538072973778986e-09,1.0,0.002486602778618161
2025-02-03,-0.0093103229079479,0.0091932932927181,0,0.9999999901604042,9.839562434555742e-09,9.839562434555742e-09,0.9999999950802188,-0.0007356257560452593
2025-02-04,0.0073427784917391,0.0092548494094791,0,0.9999999987380761,1.2618837163814939e-09,1.2618837163814939e-09,1.0,0.0011852834138294406
2025-02-05,0.0139705722811131,0.0096089354732882,0,0.9999999948556706,5.144347909304673e-09,5.144347909304673e-09,1.0,0.004319341288301981
2025-02-06,0.00055474833515,0.0096124782124747,0,0.999999995184794,4.815166248279451e-09,4.815166248279451e-09,1.0,0.0015031275125755206
2025-02-07,-0.0047255310422902,0.0095756546104522,0,0.9999999903739081,9.626049636351341e-09,9.626049636351341e-09,1.0,0.0015664490315528204
2025-02-10,0.0077713775151155,0.0087505511591526,0,0.9999999996526867,3.4727971989202476e-10,3.4727971989202476e-10,1.0,0.0049827891161655005
2025-02-11,0.007985632448275,0.0086425416334318,0,0.9999999997312443,2.6871643106209665e-10,2.6871643106209665e-10,1.0,0.0051113599074726805
2025-02-12,0.0030125897170202,0.0085700579457919,0,0.9999999997430677,2.5688990119382423e-10,2.5688990119382423e-10,1.0,0.0029197633946541008
2025-02-13,0.0021851599638958,0.0081660891727097,0,0.9999999998885869,1.1138597579037185e-10,1.1138597579037185e-10,1.0,0.0032458457204032607
2025-02-14,-0.0027322782752968,0.0081073352081897,0,0.99999999981992,1.80111054927545e-10,1.80111054927545e-10,1.0,0.003644496273801941
2025-02-18,0.0081744325868624,0.0081823447432218,0,0.9999999999043894,9.566362811734102e-11,9.566362811734102e-11,1.0,0.0037251072881513206
2025-02-19,-0.0057151330806344,0.0070098177910663,0,0.99999999995498,4.505331406956525e-11,4.505331406956525e-11,1.0,0.0009849541823694406
2025-02-20,-0.002459299506228,0.0066955815536164,0,0.9999999999843112,1.5706871891666363e-11,1.5706871891666363e-11,0.9999999999921465,-0.00010942366228019942
2025-02-21,-0.0052118987926125,0.0067832720532042,0,0.9999999999706688,2.934576842794827e-11,2.934576842794827e-11,0.9999999999853271,-0.0015888354135818593
2025-02-24,0.0008246877944325,0.006778504788224,0,0.9999999999886313,1.131783778015232e-11,1.131783778015232e-11,0.9999999999943411,-0.0008774421996359993
2025-02-25,0.0090277167093448,0.0068840821183939,0,0.9999999999903366,9.672036866559799e-12,9.672036866559799e-12,0.999999999995164,-0.0007067853751395195
2025-02-26,0.0008166058320681,0.0068222377966844,0,0.9999999999879492,1.2031920181523536e-11,1.2031920181523536e-11,1.0,0.0005995624074009809
2025-02-27,-0.0013614885447128,0.006813074577776,0,0.9999999999844249,1.557927956128268e-11,1.557927956128268e-11,1.0,0.0008191245997040207
2025-02-28,0.0092215829685001,0.0063776947532641,0,0.9999999999949978,5.04041156759904e-12,5.04041156759904e-12,1.0,0.003705820951926541
2025-03-03,0.0102069821234735,0.0064384022109257,0,0.9999999999943157,5.6473309916578675e-12,5.6473309916578675e-12,1.0,0.005582279817734741
2025-03-04,0.0034680396297942,0.0058103109881846,0,0.9999999999969305,3.0887350455534502e-12,3.0887350455534502e-12,1.0,0.0044703444018246215
2025-03-05,0.0098052815646421,0.0059294227004948,0,0.9999999999968168,3.2279777838635505e-12,3.2279777838635505e-12,1.0,0.006268079548339421
2025-03-06,-0.0178267148073755,0.0070568139202885,0,0.9999999977491143,2.2508530579225536e-09,2.2508530579225536e-09,1.0,0.0029750342958068804
2025-03-07,0.0154505285105284,0.0076924471629092,0,0.9999999999355396,6.44233367406623e-11,6.44233367406623e-11,1.0,0.004220823404212541
2025-03-10,-0.020834192897023,0.009177344962286,0,0.9999993315155923,6.684843927105953e-07,6.684843927105953e-07,0.9999996657578036,-0.001987411599886759
2025-03-11,-0.0024321587785515,0.0090989359796627,0,0.9999999982456984,1.7542481051609515e-09,1.7542481051609515e-09,0.999999999122876,-0.003167451281555899
2025-03-12,0.0043198041357076,0.0089887677476302,0,0.9999999993359552,6.640200016825024e-10,6.640200016825024e-10,0.99999999966799,-0.004264546767342799
2025-03-13,0.0002693424501371,0.0089757069751894,0,0.9999999991172217,8.827755608002464e-10,8.827755608002464e-10,0.9999999995586122,-0.0006453353158402785
2025-03-14,0.0154999726580931,0.0095616517361999,0,0.9999999945162017,5.483824116016823e-09,5.483824116016823e-09,0.999999997258088,-0.0006354464863273391
2025-03-17,0.0068712375059206,0.00958297370385,0,0.9999999968533757,3.1466140008388792e-09,3.1466140008388792e-09,1.0,0.004905639594261381
2025-03-18,-0.0005269400434171,0.0094803689296805,0,0.9999999962527681,3.747245186686452e-09,3.747245186686452e-09,1.0,0.005286683341288261
2025-03-19,0.0010533936706403,0.0093299682285541,0,0.9999999979311269,2.068823581085716e-09,2.068823581085716e-09,1.0,0.0046334012482748006
2025-03-20,-0.0028996116391899,0.009341083263619,0,0.9999999964051085,3.594865491459859e-09,3.594865491459859e-09,1.0,0.0039996104304094015
2025-03-21,-0.0092827778696257,0.0095437733147168,0,0.9999999744833307,2.551661929443436e-08,2.551661929443436e-08,0.9999999872416904,-0.0009569396751343589
2025-03-24,0.0,0.0095490047699254,0,0.9999999957291266,4.270862002945183e-09,4.270862002945183e-09,0.9999999978645691,-0.002331187176318479
2025-03-25,0.0029267192946655,0.0093934769159035,0,0.9999999978914502,2.10859327906311e-09,2.10859327906311e-09,0.9999999989457034,-0.0016404553087019588
2025-03-26,-0.0034598388992574,0.0094520460762093,0,0.9999999946284106,5.371584552680695e-09,5.371584552680695e-09,0.9999999973142077,-0.002543101822681499
2025-03-27,0.0039910123085592,0.009456738812085,0,0.999999997636337,2.3636349199663735e-09,2.3636349199663735e-09,0.9999999988181825,-0.001164977033131679
2025-03-28,-0.0018604481904298,0.0092908189562931,0,0.999999997335749,2.664199266725603e-09,2.664199266725603e-09,1.0,0.000319488902707501
2025-03-31,-0.0031973390416956,0.0090521332079933,0,0.9999999982462668,1.7537231547635278e-09,1.7537231547635278e-09,0.9999999991231384,-0.00031997890563161896
2025-04-01,-0.0008011201278017,0.0090179775711691,0,0.999999998880071,1.119906472599116e-09,1.119906472599116e-09,0.9999999994400468,-0.001065546790125059
2025-04-02,0.0045304444394774,0.0087857453230171,0,0.9999999995928874,4.071387173270311e-10,4.071387173270311e-10,1.0,0.0005325098776219012
2025-04-03,-0.0088130357279737,0.0080453048139771,0,0.9999959474490914,4.052550927622291e-06,4.052550927622291e-06,0.9999979737245361,-0.002028299729684679
2025-04-04,-0.0740254045901461,0.0178852467334187,1,6.112797567430662e-38,1.0,1.0,0.5,-0.01646129100962794
2025-04-07,-0.0391744782953465,0.0191927779442558,1,3.9594913466154675e-30,1.0,1.0,0.5,-0.023656718860358122
2025-04-08,-0.0030084656464713,0.0191885979183676,1,6.28212555938214e-23,1.0,1.0,0.5,-0.024098187964092042
2025-04-09,0.0562373655380967,0.0235792288894521,1,2.083028014936327e-49,1.0,1.0,0.5,-0.013756803744368185
2025-04-10,-0.0126113070226554,0.0236672003642062,1,8.860083968453147e-42,1.0,1.0,0.5,-0.014516458003304523
2025-04-11,0.0256279402310845,0.0241959460693049,1,2.1137239538619066e-44,1.0,1.0,1.0,0.005414210960941598
2025-04-14,0.0161743989343186,0.0244818447137799,1,1.0675535258592908e-44,1.0,1.0,1.0,0.016483986406874616
2025-04-15,0.0137364428900982,0.0247473068150717,1,8.550591432625078e-46,1.0,1.0,1.0,0.01983296811418852
2025-04-16,-0.0027322782752968,0.0247392703573326,1,8.76822193091612e-46,1.0,1.0,1.0,0.00803903935150982
2025-04-17,0.0114256942883447,0.0249165259212438,1,1.7214820661058455e-46,1.0,1.0,1.0,0.01284643961370984
2025-04-21,-0.0040656506628751,0.0248548595904349,1,2.0037441903265378e-46,1.0,1.0,1.0,0.00690772143491792
2025-04-22,0.0204308526498586,0.0253118312367004,1,4.385406998219892e-49,1.0,1.0,1.0,0.00775901217802592
2025-04-23,-0.0007986685550402,0.0253033818286534,1,2.1015061472733457e-48,1.0,1.0,1.0,0.004851989888998241
2025-04-24,0.0090137768463399,0.0253703574226575,1,1.2779469617009067e-48,1.0,1.0,1.0,0.00720120091332558
2025-04-25,0.0013187569763601,0.0253580602096806,1,1.3742093964416785e-48,1.0,1.0,1.0,0.00517981345092866
2025-04-28,0.0065677196418829,0.0253890485735003,1,1.1276264787428243e-48,1.0,1.0,1.0,0.007306487511880261
2025-04-29,0.0041808612818637,0.0253816374137548,1,1.2114736877851766e-48,1.0,1.0,1.0,0.00405648923828128
2025-04-30,-0.0065402284359703,0.0254373652243202,1,1.8754017707689093e-49,1.0,1.0,1.0,0.00290817726209526
2025-05-01,-0.0057909439803638,0.0254639594104395,1,1.6094392700424604e-49,1.0,1.0,0.5,-5.276690324548007e-05
2025-05-02,0.0188289040525903,0.0256891665615444,1,8.612042088406517e-51,1.0,1.0,1.0,0.0034492625120005603
2025-05-05,0.0010356644481378,0.0185204851239289,1,1.9092920813748624e-20,1.0,1.0,1.0,0.00234285147325154
2025-05-06,-0.0018131172866058,0.0153992050275088,1,2.3888311873310422e-11,0.9999999999761258,0.9999999999761258,1.0,0.00114405575955764
2025-05-07,-0.003636333163439,0.0154220799656214,1,1.0805839480312396e-07,0.9999998919415761,0.9999998919415761,1.0,0.0017248348140639005
2025-05-08,-0.0083617586704445,0.0106735123138767,0,0.9952376411882836,0.004762358811666169,0.004762358811666169,1.0,0.00121067187604776
2025-05-09,0.0047120506850113,0.0099225192844443,0,0.9999996959366406,3.040634071949565e-07,3.040634071949565e-07,0.9999998479682963,-0.00161269879746804
2025-05-12,-0.001306694622831,0.0087262841046474,0,0.9999999994181508,5.818791065300164e-10,5.818791065300164e-10,0.9999999997090605,-0.0020811706116618
2025-05-13,0.0046960693192592,0.0082198298490476,0,0.9999999998926796,1.0732852867253056e-10,1.0732852867253056e-10,0.9999999999463358,-0.0007793332904888003
2025-05-14,-0.0044345107722553,0.0079765295143547,0,0.9999999998130988,1.8692374279157316e-10,1.8692374279157316e-10,0.9999999999065381,-0.0009389688122520602
2025-05-15,0.0142766685767873,0.0083290507273418,0,0.9999999997978648,2.0218072803091634e-10,2.0218072803091634e-10,1.0,0.0035887166371943004
2025-05-16,0.0025740379091793,0.0080887486321118,0,0.999999999908141,9.191101906948702e-11,9.191101906948702e-11,1.0,0.0031611140820279
2025-05-19,0.0109933182608813,0.0081417794377539,0,0.9999999999009788,9.902087012824373e-11,9.902087012824373e-11,1.0,0.005621116658770359
2025-05-20,0.007093958049178,0.0071504353600913,0,0.9999999999860165,1.401070552445325e-11,1.401070552445325e-11,1.0,0.006100694404754119
2025-05-21,-0.004554663820508,0.0072931388872432,0,0.9999999999447482,5.520369870733653e-11,5.520369870733653e-11,1.0,0.00607666379510358
2025-05-22,0.0025329629212357,0.0071279153577399,0,0.9999999999838565,1.613458499437563e-11,1.613458499437563e-11,1.0,0.003727922663993259
2025-05-23,0.0088150842212633,0.0072791310744718,0,0.9999999999823785,1.7662305682471167e-11,1.7662305682471167e-11,1.0,0.00497613192641006
2025-05-27,0.0047528638662416,0.0072368568214903,0,0.9999999999831743,1.685372271254803e-11,1.685372271254803e-11,1.0,0.0037280410474821203
2025-05-28,-0.0100327242955681,0.0077338855545683,0,0.9999999995519602,4.4798460097768215e-10,4.4798460097768215e-10,1.0,0.00030270457853290024
2025-05-29,0.003020489987876,0.0074898917245109,0,0.999999999971692,2.834073584976587e-11,2.834073584976587e-11,1.0,0.0018177353402097003
2025-05-30,0.0032617110935259,0.007253266264658,0,0.9999999999812417,1.8705529351890672e-11,1.8705529351890672e-11,1.0,0.00196348497466774
2025-06-02,0.0092259310485642,0.0063905287488127,0,0.9999999999948841,5.117287519701593e-12,5.117287519701593e-12,1.0,0.00204565434012792
2025-06-03,-0.0057248867056292,0.0066265987681178,0,0.9999999999733973,2.6602269919042417e-11,2.6602269919042417e-11,0.9999999999866989,-4.989577424624018e-05
2025-06-04,0.0032397629306832,0.0065775552475094,0,0.9999999999929514,7.0597330238611375e-12,7.0597330238611375e-12,1.0,0.00260460167100402
2025-06-05,0.0007462252733553,0.0064496540593389,0,0.9999999999924967,7.492873846210986e-12,7.492873846210986e-12,1.0,0.00214974872809988
2025-06-06,0.003226994087516,0.0059444064864694,0,0.9999999999964757,3.5346290619435305e-12,3.5346290619435305e-12,1.0,0.0021428053268978996
2025-06-09,-0.0002478458081307,0.0059663073853609,0,0.9999999999949978,5.036058857784121e-12,5.036058857784121e-12,1.0,0.0002480499555589198
2025-06-10,-0.0007439062029414,0.0059481733266653,0,0.9999999999947704,5.280326234666229e-12,5.280326234666229e-12,1.0,0.0012442460560964797
2025-06-11,0.0024776364585028,0.005928384567408,0,0.999999999996362,3.6792623318737985e-12,3.6792623318737985e-12,1.0,0.0010918207616603995
2025-06-12,0.0091145675867115,0.0058650574206325,0,0.9999999999970441,2.9665807249089036e-12,2.9665807249089036e-12,1.0,0.0027654892243316395
2025-06-13,-0.0088671510509753,0.0058482220433052,0,0.9999999999751026,2.4879558167331945e-11,2.4879558167331945e-11,1.0,0.0003466601966333794
2025-06-16,0.0002777797426713,0.0058598224736955,0,0.9999999999956799,4.2926156604710595e-12,4.2926156604710595e-12,1.0,0.0004517853067937794
2025-06-17,-0.0106572709900685,0.0060926559540026,0,0.9999999999481588,5.189222344566902e-11,5.189222344566902e-11,0.9999999999740539,-0.0015308876506316405
2025-06-18,0.0005100209102105,0.00591261749646,0,0.9999999999955662,4.380982868715931e-12,4.380982868715931e-12,0.9999999999978095,-0.0019244107602901003
2025-06-20,-0.0081925142772758,0.0061289058486393,0,0.9999999999729425,2.7048239304191887e-11,2.7048239304191887e-11,0.9999999999864759,-0.00538582713308756
2025-06-23,0.0069168250384777,0.006287912609544,0,0.9999999999955662,4.396934982697088e-12,4.396934982697088e-12,0.9999999999978015,-0.00222903191519696
2025-06-24,0.006108500934555,0.0061278933417051,0,0.9999999999962483,3.739342337288496e-12,3.739342337288496e-12,0.9999999999981304,-0.00106288767682022
2025-06-25,-0.0033042088469576,0.0060928393800392,0,0.9999999999910187,9.018295215982727e-12,9.018295215982727e-12,1.0,0.00040772475180195987
2025-06-26,0.0103838362337394,0.006030323124348,0,0.999999999996362,3.654563416340158e-12,3.654563416340158e-12,1.0,0.00238248781650774
2025-06-27,0.0007556406788846,0.0060123861463967,0,0.9999999999953388,4.678711332178142e-12,4.678711332178142e-12,1.0,0.00417211880773982
2025-06-30,0.0,0.0059898726776628,0,0.9999999999949978,4.9939487444018745e-12,4.9939487444018745e-12,1.0,0.0027887538000442797
2025-07-01,0.0032674705228958,0.0056872921496551,0,0.9999999999971578,2.828845419542888e-12,2.828845419542888e-12,1.0,0.00222054771771244
2025-07-02,-0.0060407526606716,0.0057057924585877,0,0.9999999999889724,1.1031939888630664e-11,1.1031939888630664e-11,1.0,0.0016732389549696397
2025-07-03,0.0052876755634323,0.005776457338461,0,0.9999999999972715,2.7517147133950697e-12,2.7517147133950697e-12,1.0,0.0006540068209082197
2025-07-07,-0.0100960266866908,0.0062467867710422,0,0.9999999999484999,5.1520001464776444e-11,5.1520001464776444e-11,0.9999999999742399,-0.0015163266522068605
2025-07-08,0.0093423820368995,0.0065546803641676,0,0.9999999999937472,6.272873463002658e-12,6.272873463002658e-12,1.0,0.0003521497551730396
2025-07-09,0.0055137123583411,0.0066545082678931,0,0.9999999999929514,7.0085806604513874e-12,7.0085806604513874e-12,1.0,0.0008013981222620996
2025-07-10,0.0064774533785425,0.0067724633852569,0,0.9999999999919282,8.056420740413097e-12,8.056420740413097e-12,1.0,0.0033050393301049196
2025-07-11,-0.0087294339824766,0.0070964988939121,0,0.9999999998939302,1.0606350167851531e-10,1.0606350167851531e-10,1.0,0.0005016174209231394
2025-07-14,0.0027517759450409,0.0068227642558435,0,0.9999999999898819,1.0117353935799392e-11,1.0117353935799392e-11,1.0,0.003071177947269479
2025-07-15,-0.0110525365865968,0.0069891581298676,0,0.9999999998245812,1.753942372482492e-10,1.753942372482492e-10,0.9999999999123028,-0.0010078057774297812
2025-07-16,0.0065457506341794,0.0071422548000082,0,0.9999999999861302,1.3869555659243703e-11,1.3869555659243703e-11,0.9999999999930652,-0.0008013981222621211
2025-07-17,-0.0005019558375484,0.0066683229213078,0,0.9999999999886313,1.1411838939706342e-11,1.1411838939706342e-11,0.9999999999942941,-0.002197279965480301
2025-07-18,-0.0007535530439518,0.006677166767142,0,0.9999999999880629,1.1930432027890538e-11,1.1930432027890538e-11,0.9999999999940348,-0.000602103777775341
2025-07-21,0.0052624994928108,0.006402628118766,0,0.9999999999948841,5.167036711784475e-12,5.167036711784475e-12,0.9999999999974165,-9.995906822136083e-05
2025-07-22,0.010442735132674,0.006607594388884,0,0.9999999999929514,7.0574175748228766e-12,7.0574175748228766e-12,1.0,0.0041990952756327995
2025-07-23,0.0115579725062408,0.0069094912727034,0,0.9999999999885176,1.1472247630954323e-11,1.1472247630954323e-11,1.0,0.00520153965004508
2025-07-24,-0.0031835483862328,0.0069048000212624,0,0.9999999999763531,2.3636879039408474e-11,2.3636879039408474e-11,1.0,0.0046652211403082
2025-07-25,-0.0031937157434485,0.00668682124406,0,0.9999999999824922,1.7559292284903893e-11,1.7559292284903893e-11,1.0,0.004177188600408859
2025-07-28,-0.0128778490479827,0.0073905360055107,0,0.9999999994088284,5.911377409869356e-10,5.911377409869356e-10,1.0,0.0005491188922501597
2025-07-29,0.0067072933327809,0.007517691680915,0,0.9999999999740794,2.593423620082158e-11,2.593423620082158e-11,0.9999999999870328,-0.0001979694677284604
2025-07-30,-0.0087032884244394,0.0077857085485411,0,0.9999999996578026,3.4220119560642634e-10,3.4220119560642634e-10,0.9999999998288994,-0.004250221653864501
2025-07-31,-0.0057607537422038,0.0077740674900251,0,0.999999999834813,1.652025148896359e-10,1.652025148896359e-10,0.9999999999173987,-0.0047656627250587
2025-08-01,0.0032600956253133,0.0077179583703155,0,0.9999999999578222,4.217414761441146e-11,4.217414761441146e-11,0.9999999999789129,-0.0034749004513063403
2025-08-04,0.0067374200144612,0.0074551302530756,0,0.9999999999768079,2.3234080936281667e-11,2.3234080936281667e-11,1.0,0.0004481533611824393
2025-08-05,0.0004973100021101,0.0071913933202128,0,0.9999999999783995,2.1588394893008282e-11,2.1588394893008282e-11,0.9999999999892057,-0.0007938433049517206
2025-08-06,0.0037215774472405,0.0071372485731191,0,0.9999999999848797,1.5118291317878272e-11,1.5118291317878272e-11,1.0,0.0016911298693842592
2025-08-07,0.002720470740943,0.0070190051608389,0,0.999999999986585,1.3469239874976236e-11,1.3469239874976236e-11,1.0,0.003387374766013619
2025-08-08,0.000987307905042,0.0066917832631831,0,0.9999999999901092,9.901950017127325e-12,9.901950017127325e-12,1.0,0.0029328172219593596
2025-08-11,0.0027104161467344,0.00669114113098,0,0.9999999999914735,8.4865341161239e-12,8.4865341161239e-12,1.0,0.0021274164484139995
2025-08-12,0.0095507096899165,0.0063549781605691,0,0.9999999999949978,4.969719714242833e-12,4.969719714242833e-12,1.0,0.00393809638597528
2025-08-13,0.0080107870094958,0.006420828039643,0,0.9999999999948841,5.149566796765829e-12,5.149566796765829e-12,1.0,0.004795938298426339
2025-08-14,0.003379127036463,0.0064043263529016,0,0.9999999999943157,5.666315609190449e-12,5.666315609190449e-12,1.0,0.004927669557530339
2025-08-15,-0.0055575220601973,0.0066021853499946,0,0.9999999999751026,2.4878468581019052e-11,2.4878468581019052e-11,1.0,0.003618703564482479
2025-08-18,0.0004844457272282,0.0065571054988145,0,0.9999999999912461,8.792122028123249e-12,8.792122028123249e-12,1.0,0.0031735094805812394
2025-08-19,0.0,0.0062209280604874,0,0.9999999999937472,6.3013966113592645e-12,6.3013966113592645e-12,1.0,0.0012633675425979395
2025-08-20,0.010360290008848,0.0061194127854695,0,0.999999999996021,3.991448988669016e-12,3.991448988669016e-12,1.0,0.0017332681424683794
2025-08-21,-0.0014392311687956,0.0060689839094374,0,0.9999999999935199,6.527267333658686e-12,6.527267333658686e-12,1.0,0.0007695965014166594
2025-08-22,0.0100312036632726,0.0062951108076878,0,0.9999999999952252,4.741422101424527e-12,4.741422101424527e-12,1.0,0.0038873416461106397
2025-08-25,-0.0069154677795397,0.0056772226451637,0,0.9999999999868123,1.3195664577229547e-11,1.3195664577229547e-11,1.0,0.00240735894475706
2025-08-26,-0.0011971898799678,0.0056098781948408,0,0.9999999999957936,4.2434520950788526e-12,4.2434520950788526e-12,1.0,0.0021679209687634994
2025-08-27,-0.001918546003765,0.0051363985373304,0,0.9999999999964757,3.532711125366526e-12,3.532711125366526e-12,0.9999999999982336,-0.00028784623375910053
2025-08-28,-0.0021626913023892,0.0049088644778568,0,0.9999999999967031,3.3324891581798727e-12,3.3324891581798727e-12,0.9999999999983338,-0.00043253826047782057
2025-08-29,-0.0026496048799776,0.0050160462557497,0,0.9999999999962483,3.761942783190023e-12,3.761942783190023e-12,0.9999999999981191,-0.002968699969127861
2025-09-02,-0.0135990459309103,0.00595100461422,0,0.9999999998821067,1.1789568170370331e-10,1.1789568170370331e-10,0.9999999999410522,-0.004305415599401981
2025-09-03,0.0068226867555593,0.0060975131476176,0,0.999999999996362,3.5936427730736313e-12,3.5936427730736313e-12,0.9999999999982032,-0.002701440272296561
2025-09-04,0.0050865929140822,0.0061351355762174,0,0.9999999999961346,3.872083677670927e-12,3.872083677670927e-12,0.999999999998064,-0.0013004124887271212
2025-09-05,0.003858189222699,0.0061548744966602,0,0.9999999999957936,4.180175245785501e-12,4.180175245785501e-12,0.9999999999979099,-9.623638370948119e-05
2025-09-08,0.003843360791192,0.0061805091439031,0,0.9999999999956799,4.297228170918727e-12,4.297228170918727e-12,1.0,0.001202356750524439
2025-09-09,0.0009585365902361,0.0061738914972518,0,0.9999999999946567,5.382168626284297e-12,5.382168626284297e-12,1.0,0.004113873254753719
2025-09-10,-0.0002394781567268,0.0058698693199305,0,0.9999999999953388,4.60993547548761e-12,4.60993547548761e-12,1.0,0.0027014402722964985
2025-09-11,0.0107232744972378,0.0060717045004039,0,0.9999999999961346,3.880956939827644e-12,3.880956939827644e-12,1.0,0.0038287765889276184
2025-09-12,-0.0059431833241399,0.0062345657995857,0,0.9999999999823785,1.7617732663811255e-11,1.7617732663811255e-11,1.0,0.0018685020795598385
2025-09-15,0.0035701099280175,0.0060982904736594,0,0.999999999996021,4.01215543928208e-12,4.01215543928208e-12,1.0,0.0018138519069249386
2025-09-16,-0.004763015515047,0.0062323122822783,0,0.9999999999862439,1.3709206189390822e-11,1.3709206189390822e-11,1.0,0.0006695414858683187
2025-09-17,-0.0023899957061007,0.0062696725487916,0,0.9999999999906777,9.296897667734483e-12,9.296897667734483e-12,1.0,0.00023943797599353892
2025-09-18,-0.0031157358837329,0.0058776111177809,0,0.9999999999928377,7.130896219587646e-12,7.130896219587646e-12,0.9999999999964346,-0.002528364100200601
2025-09-19,-0.0072271095435461,0.0060872242238742,0,0.9999999999796501,2.0378263707789535e-11,2.0378263707789535e-11,0.9999999999898108,-0.002785149344081841
2025-09-22,0.0060262749229495,0.0057857640182052,0,0.9999999999972715,2.7199337320860603e-12,2.7199337320860603e-12,0.99999999999864,-0.002293916345095441
2025-09-23,-0.0033702725098337,0.0056331483149105,0,0.9999999999938609,6.1102110878324e-12,6.1102110878324e-12,0.9999999999969449,-0.0020153677440527813
2025-09-24,-0.0028979270284985,0.0056588431074608,0,0.9999999999943157,5.738465388823778e-12,5.738465388823778e-12,0.9999999999971307,-0.0021169540085323414
2025-09-25,-0.0075251459560334,0.0058693658990104,0,0.9999999999821512,1.7905493348928892e-11,1.7905493348928892e-11,0.9999999999910473,-0.0029988360229924412
2025-09-26,0.013072133246994,0.0066172878663209,0,0.9999999999912461,8.754116028576292e-12,8.754116028576292e-12,1.0,0.0010610125351155787
2025-09-29,0.0012017004692627,0.0065917446226834,0,0.9999999999914735,8.511150726328429e-12,8.511150726328429e-12,1.0,9.609764437821874e-05
2025-09-30,0.0081341000613127,0.0059572636065439,0,0.9999999999968168,3.1534069200090263e-12,3.1534069200090263e-12,1.0,0.0023969721586074985
2025-10-01,0.0125489356724062,0.0063610241926934,0,0.9999999999939746,6.080627094781461e-12,6.080627094781461e-12,1.0,0.005486344698788439
2025-10-02,-0.005663117043776,0.0065015236320028,0,0.99999999997749,2.2466642462281884e-11,2.2466642462281884e-11,1.0,0.005858750481239919
2025-10-03,0.0089517529962858,0.0067140150899491,0,0.999999999992383,7.618495269676789e-12,7.618495269676789e-12,1.0,0.005034674431098279
2025-10-06,-0.001408065223738,0.0067117845990923,0,0.9999999999863576,1.36705540788403e-11,1.36705540788403e-11,1.0,0.004512721292498139
2025-10-07,-0.0030577487731488,0.0067738997299526,0,0.9999999999807869,1.926960696702959e-11,1.926960696702959e-11,1.0,0.002274351525605839
2025-10-08,0.0054035453538161,0.0068441079934115,0,0.999999999990905,9.095526487059396e-12,9.095526487059396e-12,1.0,0.0008452734618878188
2025-10-09,-0.0143955452894224,0.0072787749022725,0,0.9999999991658797,8.340938962869104e-10,8.340938962869104e-10,0.999999999582953,-0.0009012121872414615
2025-10-10,-0.0081145940509109,0.0073852687295202,0,0.9999999998564135,1.4354284303249028e-10,1.4354284303249028e-10,0.9999999999282285,-0.004314481596680801
2025-10-13,0.0062112041313762,0.0074801915546016,0,0.9999999999755573,2.440486436901944e-11,2.440486436901944e-11,0.9999999999877975,-0.002790627725657961
2025-10-14,0.0016656411002264,0.0074079006441769,0,0.9999999999726015,2.740164845204562e-11,2.740164845204562e-11,0.9999999999862992,-0.0018459497509829216
2025-10-15,-0.0009514683893972,0.0073883620565326,0,0.999999999964416,3.564054591186632e-11,3.564054591186632e-11,0.9999999999821798,-0.0031169524996255814
2025-10-16,-0.0007141727108291,0.0073497788331575,0,0.9999999999675993,3.2362891193922065e-11,3.2362891193922065e-11,0.9999999999838185,-0.0003806779839069213
2025-10-17,0.0019033899195347,0.0071317862746792,0,0.999999999982947,1.7094814548793206e-11,1.7094814548793206e-11,1.0,0.0016229188101821988
2025-10-20,0.0021370151367072,0.0070356214803834,0,0.9999999999855618,1.4460021744981609e-11,1.4460021744981609e-11,1.0,0.0008080810112483987
2025-10-21,-0.0047551808429178,0.0070839890090857,0,0.9999999999587317,4.127289620316097e-11,4.127289620316097e-11,0.9999999999793636,-0.0004760833773804414
2025-10-22,0.0106674427856958,0.007376120786752,0,0.99999999997749,2.2550225701913026e-11,2.2550225701913026e-11,1.0,0.0018476988576381585
2025-10-23,0.0044700166070071,0.0071064577275604,0,0.9999999999861302,1.3874078923685677e-11,1.3874078923685677e-11,1.0,0.0028845367212053984
2025-10-24,0.0042164674052563,0.0066314549309639,0,0.9999999999928377,7.149594533652879e-12,7.149594533652879e-12,1.0,0.003347152218349718
2025-10-27,0.0046642465196163,0.0066704688761066,0,0.9999999999926104,7.370805204923478e-12,7.370805204923478e-12,1.0,0.003852598494931538
2025-10-28,-0.0013970092012058,0.006517471854079,0,0.9999999999893134,1.0649405850416637e-11,1.0649405850416637e-11,1.0,0.004524232823273938
2025-10-29,-0.0020990437676123,0.0059650720041099,0,0.9999999999935199,6.5270715782952194e-12,6.5270715782952194e-12,1.0,0.0019709355126123185
2025-10-30,-0.001869674331327,0.0058211534854713,0,0.9999999999944293,5.5423566377925456e-12,5.5423566377925456e-12,1.0,0.0007029973249454986
2025-10-31,-0.001873176562486,0.0054955766907972,0,0.9999999999956799,4.323068208496406e-12,4.323068208496406e-12,0.9999999999978384,-0.0005149314686029614
2025-11-03,-0.0032863200982146,0.0055374269909492,0,0.9999999999944293,5.616974210405021e-12,5.616974210405021e-12,0.9999999999971916,-0.0021050447921691414
2025-11-04,-0.0082635470250521,0.0058018534149406,0,0.9999999999796501,2.0387678189905854e-11,2.0387678189905854e-11,0.9999999999898062,-0.0034783523569384017
2025-11-05,0.0101427925260962,0.0061350909314964,0,0.999999999996021,4.011567384447239e-12,4.011567384447239e-12,0.9999999999979943,-0.0010299850981967014
2025-11-06,0.0002346803772627,0.0051281997698836,0,0.9999999999973852,2.6240440758257186e-12,2.6240440758257186e-12,0.9999999999986879,-0.0006091141564787615
2025-11-07,0.0058486369780928,0.0048130585328756,0,0.9999999999984084,1.5487548344647623e-12,1.5487548344647623e-12,1.0,0.0009352485516369985
2025-11-10,0.0132084179417444,0.0054033199590373,0,0.9999999999972715,2.7236624811446796e-12,2.7236624811446796e-12,1.0,0.004234196159628799
2025-11-11,0.0048226852823361,0.0054482694193256,0,0.99999999999784,2.188784408256779e-12,2.188784408256779e-12,1.0,0.006851442621106439
2025-11-12,-0.0032125974619111,0.0055323888396995,0,0.9999999999944293,5.525082201489439e-12,5.525082201489439e-12,1.0,0.004180364623504978
2025-11-13,-0.0108607843688934,0.0061950491525924,0,0.9999999999388365,6.120331123611558e-11,6.120331123611558e-11,1.0,0.001961271674273758
2025-11-14,-0.0062930184554262,0.0064156799832089,0,0.9999999999766942,2.3315247415636395e-11,2.3315247415636395e-11,0.9999999999883424,-0.00046705941243004175
2025-11-17,-0.0077456698233245,0.0066842772828806,0,0.9999999999540705,4.590824536899588e-11,4.590824536899588e-11,0.9999999999770459,-0.004657876965443822
2025-11-18,-0.0059080704754703,0.0067352252606885,0,0.999999999968054,3.190674199100629e-11,3.190674199100629e-11,0.9999999999840467,-0.006804028117005101
2025-11-19,-0.010962903196884,0.0067149613735604,0,0.999999999883471,1.1653763099811524e-10,1.1653763099811524e-10,0.9999999999417312,-0.008354089263999682
2025-11-20,-0.0093897465031955,0.0068552796230444,0,0.9999999999107558,8.923082714915318e-11,8.923082714915318e-11,0.9999999999553846,-0.008059881690860101
2025-11-21,0.0172665917347981,0.0079601799667723,0,0.9999999998565272,1.4344423205652098e-10,1.4344423205652098e-10,0.9999999999282778,-0.0033479596528152417
2025-11-24,-0.0033341539472392,0.0078690312733951,0,0.9999999998764224,1.2352924832445792e-10,1.2352924832445792e-10,0.9999999999382354,-0.0024656564775981816
2025-11-25,0.0142116008079278,0.0085941400444651,0,0.9999999996323368,3.6770453548609824e-10,3.6770453548609824e-10,1.0,0.0015582777790814385
2025-11-26,0.0109929698870633,0.0089544267962088,0,0.9999999993433448,6.566803026282931e-10,6.566803026282931e-10,1.0,0.005949452395870899
2025-11-28,0.0037148616160446,0.0089739866016935,0,0.9999999993410711,6.589323569299797e-10,6.589323569299797e-10,1.0,0.008570374019718918
2025-12-01,-0.0051115455993936,0.0090473229686861,0,0.9999999975240144,2.475997129386338e-09,2.475997129386338e-09,1.0,0.004094746552880578
2025-12-02,0.0018617518816511,0.0090129751530137,0,0.9999999991708819,8.291257693457322e-10,8.291257693457322e-10,1.0,0.005133927718658638
2025-12-03,0.0104082799587682,0.009017817524093,0,0.9999999992552375,7.447324619807603e-10,7.447324619807603e-10,1.0,0.004373263548826718
2025-12-04,-0.0009208041551964,0.0087960083186628,0,0.9999999993474376,6.525232305243864e-10,6.525232305243864e-10,1.0,0.001990508740374778
2025-12-05,-0.0046167820839192,0.008882994189128,0,0.9999999985192289,1.4807534368213338e-09,1.4807534368213338e-09,1.0,0.0003241800003820178
2025-12-08,-0.0032444315867461,0.0088381397536758,0,0.9999999989694288,1.0306199023901548e-09,1.0306199023901548e-09,1.0,0.000697602802911518
2025-12-09,-0.0046533942111107,0.0083480523203607,0,0.9999999995742428,4.2574688689853727e-10,4.2574688689853727e-10,0.9999999997871265,-0.0006054264156408419
2025-12-10,0.0134354120369725,0.0088520820472693,0,0.9999999993710844,6.288693961955523e-10,6.288693961955523e-10,1.0,1.8388068845354155e-17
2025-12-11,0.0043624339454853,0.0088792286433309,0,0.9999999994973905,5.025841415593598e-10,5.025841415593598e-10,1.0,0.0010566476201363585
2025-12-12,-0.0085127910628936,0.0087402707711926,0,0.9999999974666025,2.5333538122166794e-09,2.5333538122166794e-09,1.0,0.0002774458243414785
2025-12-15,0.0108010614131995,0.0088982537603698,0,0.9999999994374775,5.625354286424862e-10,5.625354286424862e-10,1.0,0.003086544424330598
2025-12-16,-0.0044600111271247,0.0087548856998306,0,0.9999999989507842,1.0492198017364725e-09,1.0492198017364725e-09,1.0,0.0031252210411277987
2025-12-17,0.0049025215260091,0.0086193032831258,0,0.9999999997381792,2.6176797693638276e-10,2.6176797693638276e-10,1.0,0.001418642938935118
2025-12-18,0.0044150749557611,0.0080867774984016,0,0.9999999999179181,8.20301588305291e-11,8.20301588305291e-11,1.0,0.001429171140990278
2025-12-19,0.0094612414089016,0.0077045272842278,0,0.9999999999618012,3.8187497531470506e-11,3.8187497531470506e-11,1.0,0.005023977635349318
2025-12-22,0.0057254248868596,0.0070252908481279,0,0.9999999999882903,1.1744457306618875e-11,1.1744457306618875e-11,1.0,0.0040088503300813386
2025-12-23,0.0043294729976331,0.0068705285764346,0,0.9999999999901092,9.837050166748113e-12,9.837050166748113e-12,1.0,0.005766747155032898
2025-12-24,0.0022712316658472,0.0063786735562472,0,0.9999999998632347,1.367472805028366e-10,1.367472805028366e-10,1.0,0.0052404891830005185
