Date,VNQ_ret,VNQ_vol,regime,prob_regime_0,prob_regime_1,p_high_vol,risk_scale,momentum
2024-08-20,-0.0011952390648514,0.0109868448868258,0,1.0,1.1643516851664781e-26,1.1643516851664781e-26,1.0,
2024-08-21,0.0053131861443576,0.0103350065514602,0,0.9999999992855919,7.144046649531253e-10,7.144046649531253e-10,0.9999999996427977,
2024-08-22,0.0029154351507072,0.0102513210187855,0,0.9999999991590585,8.409372914155098e-10,8.409372914155098e-10,0.9999999995795313,
2024-08-23,0.021758705609725,0.0106261296093104,0,0.9999999995280859,4.718916471660865e-10,4.718916471660865e-10,0.9999999997640542,
2024-08-26,-0.0004222576173269,0.0106354117521009,0,0.9999999964621793,3.537859894640531e-09,3.537859894640531e-09,1.0,0.0056739660445223
2024-08-27,0.001476781875707,0.0105663815877296,0,0.9999999978226697,2.177311679436528e-09,2.177311679436528e-09,1.0,0.00620837023263398
2024-08-28,-0.0039072897448717,0.0105774553434868,0,0.9999999938621613,6.13786241010492e-09,6.13786241010492e-09,1.0,0.00436427505478812
2024-08-29,-0.0030731576560242,0.0104740210034564,0,0.9999999958896524,4.110382857463848e-09,4.110382857463848e-09,1.0,0.0031665564934418404
2024-08-30,0.0096119031898294,0.0106117212251119,0,0.9999999991750883,8.249032453898975e-10,8.249032453898975e-10,1.0,0.0007371960094627206
2024-09-03,-0.000525737484555,0.0077442277227635,0,0.9999999999929514,7.007901728305708e-12,7.007901728305708e-12,1.0,0.0007165000360171007
2024-09-04,0.0028357721535194,0.0067603364756354,0,0.9999999999995453,4.501132312949828e-13,4.501132312949828e-13,1.0,0.0009882980915795806
2024-09-05,-0.0032566122099782,0.0065359429888422,0,0.9999999999987494,1.2037826488318805e-12,1.2037826488318805e-12,1.0,0.0011184335985582807
2024-09-06,-0.0009474743990677,0.0063763962396682,0,0.9999999999995453,4.910625181306653e-13,4.910625181306653e-13,1.0,0.0015435702499495807
2024-09-09,0.0111020082314329,0.0066586549100446,0,0.9999999999998863,8.531839431366742e-14,8.531839431366742e-14,1.0,0.0018415912582702809
2024-09-10,0.0143738999072585,0.006713720726919,0,0.9999999999998863,6.318801562052519e-14,6.318801562052519e-14,1.0,0.004821518736632981
2024-09-11,-0.0019526008008725,0.0067202739985008,0,0.9999999999987494,1.2392691155817168e-12,1.2392691155817168e-12,1.0,0.003863844145754601
2024-09-12,0.0042087758392821,0.0067226675224677,0,0.9999999999996589,3.152142822205434e-13,3.152142822205434e-13,1.0,0.00535692175560666
2024-09-13,0.0103944242273209,0.0068328019859363,0,0.9999999999998863,1.3751787241653152e-13,1.3751787241653152e-13,1.0,0.00762530148088438
2024-09-16,0.0033399489436783,0.0067568226191045,0,0.9999999999995453,4.0271398276376923e-13,4.0271398276376923e-13,1.0,0.006072889623333461
2024-09-17,-0.0069963123148578,0.0071037996976863,0,0.9999999999899956,1.0032442917161403e-11,1.0032442917161403e-11,1.0,0.0017988471789102006
2024-09-18,-0.0012215728077166,0.0071046699013408,0,0.9999999999977263,2.2335025773456528e-12,2.2335025773456528e-12,1.0,0.0019450527775413812
2024-09-19,0.0002036305960528,0.0071184815918179,0,0.9999999999982947,1.6527675338713249e-12,1.6527675338713249e-12,1.0,0.0011440237288955209
2024-09-20,-0.0039801942049106,0.00728757031382,0,0.9999999999936335,6.3589146710027885e-12,6.3589146710027885e-12,0.9999999999968205,-0.0017308999575507793
2024-09-23,0.0098702954633343,0.0060219562268019,0,1.0,2.65702054360556e-14,2.65702054360556e-14,0.9999999999999867,-0.00042483065361957964
2024-09-24,0.0014166306082636,0.0059960974988673,0,0.9999999999998863,1.3224630516238071e-13,1.3224630516238071e-13,1.0,0.0012577579310047004
2024-09-25,-0.0066958422033704,0.00631433066435,0,0.9999999999979536,2.0430350517759706e-12,2.0430350517759706e-12,1.0,0.00016290405187394057
2024-09-26,-0.0091007477931627,0.0066563236700672,0,0.9999999999920419,7.988641786922073e-12,7.988641786922073e-12,0.9999999999960056,-0.0016979716259691593
2024-09-27,0.001273311843684,0.0065702282183239,0,0.9999999999995453,4.2907970983979186e-13,4.2907970983979186e-13,0.9999999999997855,-0.0006472704162502394
2024-09-30,0.0078318738306072,0.0064686492587054,0,0.9999999999998863,9.517165607684085e-14,9.517165607684085e-14,0.9999999999999525,-0.001054954742795659
2024-10-01,-0.0064878006235297,0.0067052411510329,0,0.9999999999959073,4.037415274344839e-12,4.037415274344839e-12,0.9999999999979813,-0.0026358409891543188
2024-10-02,-0.0035190407206417,0.0067793208937422,0,0.9999999999979536,2.0726576114041355e-12,2.0726576114041355e-12,0.9999999999989637,-0.0020004806926085792
2024-10-03,-0.0091656802268563,0.0070956486345428,0,0.9999999999813554,1.865021343615e-11,1.865021343615e-11,0.9999999999906749,-0.0020134671793472993
2024-10-04,-0.0048249203312702,0.0071952281743355,0,0.9999999999934062,6.604924707637591e-12,6.604924707637591e-12,0.9999999999966975,-0.0032331136143381395
2024-10-07,-0.0088710219961559,0.00703099238682,0,0.9999999999848797,1.509461162042078e-11,1.509461162042078e-11,0.9999999999924527,-0.00657369277969076
2024-10-08,0.0020134195984491,0.0061422929812639,0,0.9999999999998863,1.5432661208379277e-13,1.5432661208379277e-13,0.9999999999999228,-0.004873448735294999
2024-10-09,0.0010580684843209,0.0061575111651993,0,0.9999999999997726,1.9771841615976536e-13,1.9771841615976536e-13,0.9999999999999012,-0.003958026894302479
2024-10-10,-0.0089229355733706,0.006276039077433,0,0.9999999999962483,3.728021013023724e-12,3.728021013023724e-12,0.9999999999981359,-0.003909477963605339
2024-10-11,0.0112468375286467,0.0063641931202859,0,1.0,4.440682169993355e-14,4.440682169993355e-14,0.9999999999999778,-0.0006951263916219593
2024-10-14,0.0059958823206401,0.0064984754367275,0,0.9999999999998863,1.406800269887033e-13,1.406800269887033e-13,1.0,0.002278254471737241
2024-10-15,0.0119886090814455,0.0070110873124363,0,0.9999999999998863,1.6266911944216806e-13,1.6266911944216806e-13,1.0,0.004273292368336521
2024-10-16,0.0109246814243386,0.0074567013652128,0,0.9999999999995453,4.982592258552552e-13,4.982592258552552e-13,1.0,0.006246614956340061
2024-10-17,-0.0079238995895463,0.0076699076922991,0,0.999999999960778,3.919899044346796e-11,3.919899044346796e-11,1.0,0.0064464221531049205
2024-10-18,0.0074113552529689,0.0078035407743967,0,0.999999999998181,1.7704131734266903e-12,1.7704131734266903e-12,1.0,0.00567932569796936
2024-10-21,-0.0197822255727798,0.0086551636320904,0,0.999999987898491,1.2101537713036972e-08,1.2101537713036972e-08,1.0,0.00052370411928538
2024-10-22,0.001463335250607,0.0086559149401353,0,0.9999999999682814,3.168901073585581e-11,3.168901073585581e-11,0.9999999999841556,-0.00158135064688232
2024-10-23,0.0072848103325223,0.0087530700369263,0,0.9999999999853344,1.4710067367314262e-11,1.4710067367314262e-11,0.999999999992645,-0.0023093248652455802
2024-10-24,0.002175192789524,0.0085306091040156,0,0.9999999999788542,2.1119612919854493e-11,2.1119612919854493e-11,0.9999999999894402,-0.0002895063894315199
2024-10-25,-0.0094600031220463,0.0087840175310121,0,0.9999999994507789,5.492066192135638e-10,5.492066192135638e-10,0.9999999997253968,-0.00366377806443456
2024-10-28,0.0031286096271323,0.0086110891869475,0,0.9999999999789679,2.108241224083121e-11,2.108241224083121e-11,1.0,0.0009183889755478601
2024-10-29,-0.0072104654741662,0.0086380688015282,0,0.9999999997783107,2.2169347739970843e-10,2.2169347739970843e-10,0.9999999998891533,-0.00081637116940678
2024-10-30,0.0043952328851487,0.0086856629358055,0,0.9999999999801048,1.9898899242356467e-11,1.9898899242356467e-11,0.9999999999900506,-0.0013942866588815001
2024-10-31,-0.0170602305436422,0.0092671296897312,0,0.999999985198997,1.4801000540320581e-08,1.4801000540320581e-08,0.9999999925994998,-0.00524137132551474
2024-11-01,-0.0111077897400095,0.0095157440969801,0,0.9999999961688673,3.831176600547558e-09,3.831176600547558e-09,0.9999999980844116,-0.00557092864910738
2024-11-04,0.0108952593144672,0.0096870044298573,0,0.9999999999192823,8.071858013133801e-11,8.071858013133801e-11,0.9999999999596407,-0.004017598711640399
2024-11-05,0.013192102754101,0.0101263440916366,0,0.9999999998080966,1.9185579705876205e-10,1.9185579705876205e-10,1.0,6.29149340130402e-05
2024-11-06,-0.0215129606323122,0.0112540197572549,0,0.9999966554885527,3.344511493857972e-06,3.344511493857972e-06,0.999998327744253,-0.0051187237694791405
2024-11-07,0.0119264751916654,0.0114113159757948,0,0.9999999951129439,4.887083981485636e-09,4.887083981485636e-09,1.0,0.0006786173775823797
2024-11-08,0.0148149636467209,0.011615904808181,0,0.9999999931893626,6.810605116607781e-09,6.810605116607781e-09,1.0,0.0058631680549284595
2024-11-11,-0.0050187327992143,0.0116065687516421,0,0.9999999229717135,7.702828864110273e-08,7.702828864110273e-08,1.0,0.0026803696321921595
2024-11-12,-0.0139331591729285,0.011647689468769,0,0.9999992830344423,7.169655476000795e-07,7.169655476000795e-07,0.9999996415172262,-0.0027446827532137405
2024-11-13,0.0055119689501903,0.0114098897210147,0,0.9999999912033672,8.796584605830923e-09,8.796584605830923e-09,1.0,0.0026603031632867597
2024-11-14,-0.0090257193526815,0.0114449393226097,0,0.9999998697262611,1.3027376533586975e-07,1.3027376533586975e-07,0.9999999348631173,-0.0015301357455826201
2024-11-15,0.0005331806915122,0.0112619225697548,0,0.9999999874365814,1.256345529013138e-08,1.256345529013138e-08,0.9999999937182724,-0.00438649233662436
2024-11-18,0.0072233440634115,0.0106101176485218,0,0.9999999989349817,1.0649691515247849e-09,1.0649691515247849e-09,0.9999999994675155,-0.0019380769640991995
2024-11-19,0.0048569303090681,0.0106716277613316,0,0.9999999983361931,1.6638218981933529e-09,1.6638218981933529e-09,1.0,0.0018199409323001203
2024-11-20,-0.001264815218844,0.0105168827957827,0,0.999999996832571,3.1674531048573497e-09,3.1674531048573497e-09,1.0,0.0004645840984932601
2024-11-21,0.0073552324320018,0.0106580666192447,0,0.9999999988255013,1.1744431530004123e-09,1.1744431530004123e-09,1.0,0.0037407744554299196
2024-11-22,0.0075094422971903,0.0105898469333777,0,0.9999999990184278,9.815726148163193e-10,9.815726148163193e-10,1.0,0.00513602677656554
2024-11-25,0.0138274604018792,0.0110044646549244,0,0.9999999984571559,1.54282070807434e-09,1.54282070807434e-09,1.0,0.00645685004425908
2024-11-26,0.0039889223981226,0.0108596314441391,0,0.9999999970890485,2.9109098873862573e-09,2.9109098873862573e-09,1.0,0.0062832484620699795
2024-11-27,0.0064097452133712,0.010898583672439,0,0.9999999976771505,2.3228585358971876e-09,2.3228585358971876e-09,1.0,0.00781816054851302
2024-11-29,-0.0044722922889435,0.0101077677325742,0,0.9999999975136689,2.4863702920700764e-09,2.4863702920700764e-09,1.0,0.0054526556043239605
2024-12-02,-0.014675248690484,0.010380639137085,0,0.9999999368275232,6.317244301867453e-08,6.317244301867453e-08,1.0,0.0010157174067890995
2024-12-03,-0.0050785870339458,0.01026657964635,0,0.9999999959868546,4.013152988644239e-09,4.013152988644239e-09,0.9999999979934235,-0.0027654920803759004
2024-12-04,-0.0027051822780392,0.0098902989457502,0,0.999999998940325,1.0596744136995964e-09,1.0596744136995964e-09,0.9999999994701627,-0.00410431301560826
2024-12-05,-0.0023992448980585,0.0084953185118182,0,0.9999999999492957,5.071896416516148e-11,5.071896416516148e-11,0.9999999999746405,-0.0058661110378942
2024-12-06,-0.0014631823129902,0.0081310433835045,0,0.9999999999807869,1.923844862225679e-11,1.923844862225679e-11,0.9999999999903808,-0.0052642890427035405
2024-12-09,0.002819937289382,0.0074403819755945,0,0.999999999998181,1.8431564344878767e-12,1.8431564344878767e-12,0.9999999999990784,-0.00176525184673034
2024-12-10,-0.0146033675260635,0.0080632493057317,0,0.999999999346187,6.538658297858311e-10,6.538658297858311e-10,0.9999999996730671,-0.0036702079451538805
2024-12-11,-0.0023309577087621,0.0074374371987744,0,0.9999999999943157,5.692393960096305e-12,5.692393960096305e-12,0.9999999999971538,-0.00359536303129846
2024-12-12,-0.0015924102825715,0.0073343377132123,0,0.9999999999961346,3.874683574119681e-12,3.874683574119681e-12,0.9999999999980627,-0.00343399610820106
2024-12-13,-0.0028728296043761,0.007071381095182,0,0.9999999999969305,3.1255367376265685e-12,3.1255367376265685e-12,0.9999999999984373,-0.00371592556647824
2024-12-16,-0.0035225478527163,0.0071149145361986,0,0.999999999996021,4.016460883659754e-12,4.016460883659754e-12,0.9999999999979918,-0.0049844225948979
2024-12-17,-0.0048233245900534,0.0069662656453927,0,0.9999999990884589,9.115197572376231e-10,9.115197572376231e-10,0.9999999995442401,-0.0030284140076958796
2024-12-18,-0.0421345557569585,0.0114540533173991,0,0.9681227322348038,0.03187726776521687,0.03187726776521687,0.9840613661173916,-0.010989133617335159
2024-12-19,-0.0155866382824711,0.0117763458028659,0,0.9996781439213343,0.00032185607863835497,0.00032185607863835497,0.9998390719606809,-0.01378797921731508
2024-12-20,0.0167066880870845,0.0124118016897522,0,0.9999998410134039,1.5898664888865732e-07,1.5898664888865732e-07,0.9999999205066756,-0.00987207567902296
2024-12-23,0.0039031823618106,0.012271136808902,0,0.9999999152463523,8.4753634761752e-08,8.4753634761752e-08,0.9999999576231826,-0.00838692963611758
2024-12-24,0.0066206441512399,0.0118325803856944,0,0.9999999785951561,2.1404839321034494e-08,2.1404839321034494e-08,0.9999999892975804,-0.00609813588785892
2024-12-26,0.002680701166325,0.0117902699958352,0,0.9999999686534697,3.134647676233323e-08,3.134647676233323e-08,1.0,0.00286491549679778
2024-12-27,-0.0100898772872899,0.0116025488071678,0,0.9999997617932479,2.3820677557387977e-07,2.3820677557387977e-07,1.0,0.00396426769583402
2024-12-30,-0.0049700953593137,0.0116023857550588,0,0.999999924688953,7.531103311466403e-08,7.531103311466403e-08,0.9999999623444835,-0.00037108899344562003
2024-12-31,0.0086816344062591,0.0117314725434444,0,0.9999999863288168,1.367112811677678e-08,1.367112811677678e-08,1.0,0.0005846014154440801
2025-01-02,-0.0089081154061719,0.011787341713244,0,0.9999997307261673,2.6927384058240893e-07,2.6927384058240893e-07,0.9999998653630797,-0.00252115049603828
2025-01-03,0.0130529910202427,0.012378301809027,0,0.9999999471256175,5.287440667364155e-08,5.287440667364155e-08,0.9999999735627967,-0.00044669252525474
2025-01-06,-0.0129396543064443,0.0125723783937374,0,0.999995847599943,4.152400112170153e-06,4.152400112170153e-06,0.9999979237999439,-0.00101664792908562
2025-01-07,-0.0095585470243357,0.0126312048559407,0,0.9999978616450688,2.138354876426414e-06,2.138354876426414e-06,0.9999989308225619,-0.00193433826209002
2025-01-08,0.0026262757969567,0.0126257961012311,0,0.999998778090522,1.2219094557116983e-06,1.2219094557116983e-06,0.9999993890452721,-0.0031454099839505
2025-01-10,-0.0247068368316103,0.0132593248346112,0,0.9993875132536493,0.0006124867463943518,0.0006124867463943518,0.9996937566268028,-0.006305154269038179
2025-01-13,0.0121986823512327,0.0137718771982536,0,0.9999894897056082,1.0510294375628567e-05,1.0510294375628567e-05,0.9999947448528121,-0.006476016002840179
2025-01-14,0.0090810801459351,0.0140640697855163,0,0.9999940042382726,5.995761694740955e-06,5.995761694740955e-06,0.9999970021191527,-0.0020718691123643
2025-01-15,0.0057051326220474,0.0142055581054202,0,0.9999786971913982,2.130280865811542e-05,2.130280865811542e-05,1.0,0.00098086681691232
2025-01-16,0.0204963175368212,0.0151266067140879,0,0.9997948599077428,0.0002051400922145211,0.0002051400922145211,1.0,0.00455487516488522
2025-01-17,-0.0006689876643292,0.0151085016065268,0,0.9997193028046889,0.0002806971953635382,0.0002806971953635382,1.0,0.00936244499834144
2025-01-21,0.0185660922377042,0.0123352906736746,0,0.9999998736248097,1.2637513531347141e-07,1.2637513531347141e-07,1.0,0.01063592697563574
2025-01-22,-0.0175628668567252,0.0124875605420152,0,0.9999878398712484,1.216012880347523e-05,1.216012880347523e-05,1.0,0.00530713757510368
2025-01-23,0.0073278260176425,0.0120569348467721,0,0.9999999626862752,3.7313762064860584e-08,3.7313762064860584e-08,1.0,0.005631676254222701
2025-01-24,0.0034233039061102,0.012051490384022,0,0.9999999470752542,5.292476227356841e-08,5.292476227356841e-08,1.0,0.0022170735280805007
2025-01-27,0.0132510123091235,0.0123013212672808,0,0.9999999569951123,4.300486823973194e-08,4.300486823973194e-08,1.0,0.005001073522771041
2025-01-28,-0.0121493004381603,0.0126607743443107,0,0.9999957016288202,4.298371203368316e-06,4.298371203368316e-06,0.9999978508143983,-0.0011420050124018588
2025-01-29,-0.0133023962065097,0.012823438811572,0,0.9999919395614535,8.060438524049488e-06,8.060438524049488e-06,0.9999959697807379,-0.0002899108823587584
2025-01-30,0.0126416021246328,0.0130323217882462,0,0.9999997001082642,2.9989173900787267e-07,2.9989173900787267e-07,1.0,0.0007728443390393015
2025-01-31,-0.0022062728935899,0.0129375658847236,0,0.9999989905786016,1.0094213816823003e-06,1.0094213816823003e-06,0.9999994952893092,-0.0003530710209007183
2025-02-03,-0.0021005740688205,0.0127564849070333,0,0.9999993539297334,6.460702508592413e-07,6.460702508592413e-07,0.9999996769648746,-0.0034233882964895186
2025-02-04,0.0007743999292246,0.0124456009020277,0,0.9999998033073518,1.9669259956957476e-07,1.9669259956957476e-07,0.9999999016537002,-0.0008386482230125384
2025-02-05,0.0139463217060993,0.0123641956962,0,0.999999952231293,4.7768695399756115e-08,4.7768695399756115e-08,1.0,0.004611095359509261
2025-02-06,0.0025049085235269,0.0120670218265838,0,0.9999999378823096,6.211763838824283e-08,6.211763838824283e-08,1.0,0.0025837566392880812
2025-02-07,-0.0032686658259819,0.0121353775893509,0,0.999999816946814,1.8305313819263508e-07,1.8305313819263508e-07,1.0,0.002371278052809681
2025-02-10,-0.0004366824202843,0.0103916010181046,0,0.9999999979471568,2.052822418872231e-09,2.052822418872231e-09,1.0,0.002704056382516921
2025-02-11,0.0043578357431779,0.0101885435850139,0,0.9999999994157633,5.841841384847568e-10,5.841841384847568e-10,1.0,0.0034207435453075816
2025-02-12,-0.009283067152828,0.0104379169409172,0,0.9999999841294313,1.5870527512320422e-08,1.5870527512320422e-08,0.9999999920647362,-0.0012251342264778785
2025-02-13,0.0099352153311106,0.0105569739657001,0,0.999999999299007,7.010083320184055e-10,7.010083320184055e-10,1.0,0.0002609271350388614
2025-02-14,-0.0045733015011761,0.0097410500514761,0,0.9999999988451691,1.1548755198036879e-09,1.1548755198036879e-09,1.0,2.168404344971009e-17
2025-02-18,0.0044646683860691,0.0097607426034527,0,0.9999999997833129,2.1665452517792734e-10,2.1665452517792734e-10,1.0,0.0009802701612707015
2025-02-19,0.0007601840981222,0.008876470543848,0,0.999999999941565,5.842007688518607e-11,5.842007688518607e-11,1.0,0.00026073983225956157
2025-02-20,0.0047656271756472,0.0078384450560017,0,0.9999999999970441,2.9687485100373123e-12,2.9687485100373123e-12,1.0,0.003070478697954601
2025-02-21,-0.0098812739469733,0.0081097027272719,0,0.9999999998370868,1.629455816333454e-10,1.629455816333454e-10,0.9999999999185272,-0.0008928191576621787
2025-02-24,0.0039208121627644,0.0081193138426298,0,0.9999999999936335,6.312665154211106e-12,6.312665154211106e-12,1.0,0.0008060035751259213
2025-02-25,0.0122075909492286,0.0080374021144038,0,0.9999999999984084,1.5571238722073778e-12,1.5571238722073778e-12,1.0,0.002354588087757821
2025-02-26,-0.0041964665090022,0.0075527577765137,0,0.9999999999886313,1.1397827014144173e-11,1.1397827014144173e-11,1.0,0.0013632579663329408
2025-02-27,0.0039817084209851,0.0067724395716134,0,0.9999999999996589,3.653862381299607e-13,3.653862381299607e-13,1.0,0.001206474215400521
2025-02-28,0.0084488298076071,0.0064815970175808,0,0.9999999999998863,8.811004960567146e-14,8.811004960567146e-14,1.0,0.004872494966316601
2025-03-03,0.0046749089895101,0.0064455234121653,0,0.9999999999998863,1.6255493722368287e-13,1.6255493722368287e-13,1.0,0.005023314331665741
2025-03-04,-0.0116211447168578,0.0070877744094717,0,0.999999999960437,3.9537553880677823e-11,3.9537553880677823e-11,1.0,0.0002575671984484607
2025-03-05,0.0110911362549189,0.0073952568720056,0,0.9999999999995453,4.267042179131674e-13,4.267042179131674e-13,1.0,0.0033150877512326806
2025-03-06,-0.0260007424483699,0.0091990625851259,0,0.9999996340771519,3.6592289616760914e-07,3.6592289616760914e-07,0.9999998170385519,-0.002681402422638319
2025-03-07,0.0059688717844688,0.0092791323717747,0,0.9999999999416787,5.829891068632379e-11,5.829891068632379e-11,0.9999999999708505,-0.003177394027265979
2025-03-10,-0.0096766442640888,0.0095152241512992,0,0.9999999974287448,2.57127120749556e-09,2.57127120749556e-09,0.9999999987143644,-0.006047704677985759
2025-03-11,-0.0117589659235824,0.0098693755114677,0,0.999999990522042,9.477905947962675e-09,9.477905947962675e-09,0.999999995261047,-0.006075268919330678
2025-03-12,-0.0031000864882086,0.0098120957406429,0,0.9999999990244532,9.755167993592435e-10,9.755167993592435e-10,0.9999999995122416,-0.008913513467956179
2025-03-13,-0.0199356672224392,0.0105473364947006,0,0.9999995220905481,4.779094979676006e-07,4.779094979676006e-07,0.999999761045251,-0.007700498422770039
2025-03-14,0.0198247813271215,0.0113167104051061,0,0.999999997180339,2.8196070228657138e-09,2.8196070228657138e-09,0.9999999985901965,-0.0049293165142394995
2025-03-17,0.016934578881985,0.011965758311717,0,0.9999999843521438,1.5647876085171885e-08,1.5647876085171885e-08,1.0,0.00039292811497526126
2025-03-18,-0.005247527421193,0.0119739686958097,0,0.9999998152648175,1.8473517658995596e-07,1.8473517658995596e-07,1.0,0.0016952158154531411
2025-03-19,0.0012049132482265,0.0119767313108535,0,0.999999939702322,6.029762979923965e-08,6.029762979923965e-08,1.0,0.002556215762740161
2025-03-20,-0.0006570454243806,0.0119143827255597,0,0.9999999301053346,6.989463042372754e-08,6.989463042372754e-08,1.0,0.006411940122351881
2025-03-21,-0.0111265254065213,0.0119680707703864,0,0.9999993145006632,6.854993431178442e-07,6.854993431178442e-07,1.0,0.00022167877562332162
2025-03-24,0.0152809731421758,0.0124609997953966,0,0.9999999404311684,5.9568818899063776e-08,5.9568818899063776e-08,0.9999999702155906,-0.00010904237233851818
2025-03-25,-0.0112838881766262,0.0123379269859873,0,0.9999983886230461,1.6113769042577026e-06,1.6113769042577026e-06,0.9999991943115478,-0.001316314523425159
2025-03-26,0.0038938494547956,0.0123726019105075,0,0.9999998902051235,1.0979487402778881e-07,1.0979487402778881e-07,0.999999945102563,-0.0007785272821113391
2025-03-27,-0.0025569917713472,0.012321567377208,0,0.999999751074287,2.4892569210193786e-07,2.4892569210193786e-07,0.999999875537154,-0.001158516551504659
2025-03-28,-0.0013368576834485,0.0121072467890272,0,0.9999998775260868,1.2247396580320592e-07,1.2247396580320592e-07,1.0,0.0007994169931099009
2025-03-31,0.0092094719110479,0.0122756061918835,0,0.9999999496403701,5.0359644528066526e-08,5.0359644528066526e-08,0.9999999748201778,-0.00041488325311567903
2025-04-01,0.0004418473729314,0.0120487057476184,0,0.9999998372959585,1.6270402777505946e-07,1.6270402777505946e-07,1.0,0.001930263856795841
2025-04-02,0.0060534903597954,0.0118346753971535,0,0.9998471755791545,0.00015282442087982418,0.00015282442087982418,1.0,0.002362192037795801
2025-04-03,-0.0347230155211152,0.0129089078280154,1,0.01029962426515196,0.9897003757348094,0.9897003757348094,0.5051498121325952,-0.0040710127121577995
2025-04-04,-0.0443692050542766,0.0159083013026606,1,4.124631790702254e-09,0.9999999958753278,0.9999999958753278,0.5000000020623361,-0.012677482186323419
2025-04-07,-0.0265974371441062,0.0166505190233399,1,1.1804130876485879e-08,0.9999999881958958,0.9999999881958958,0.5000000059020522,-0.01983886399735424
2025-04-08,-0.0271991020005157,0.0173250429961721,1,2.0738702297705918e-09,0.9999999979261247,0.9999999979261247,0.5000000010369376,-0.02536705387204366
2025-04-09,0.0579448581215421,0.0224410816125709,1,3.341142884254137e-19,1.0,1.0,0.5,-0.014988780319694316
2025-04-10,-0.0230913595332832,0.0225792230739617,1,1.009830417517638e-14,1.0,1.0,0.5,-0.012662449122127922
2025-04-11,0.0121504850529322,0.0222358434699741,1,2.0036619855235922e-13,0.9999999999997726,0.9999999999997726,0.5000000000001137,-0.0013585111006861612
2025-04-14,0.0204753910778591,0.0224183881596568,1,4.0233210433705324e-14,1.0,1.0,1.0,0.008056054543706899
2025-04-15,0.0030413251682068,0.0224527347334557,1,1.5994431167673922e-13,0.9999999999998863,0.9999999999998863,1.0,0.014104139977451396
2025-04-16,-0.0007010731382603,0.0224394979548749,1,1.6592925658662503e-13,0.9999999999998863,0.9999999999998863,1.0,0.0023749537254909195
2025-04-17,0.0148494469362412,0.0227811806696582,1,2.610219869613017e-14,1.0,1.0,1.0,0.009963115019395799
2025-04-21,-0.0210631610457544,0.023097264473984,1,3.5244708201390274e-15,1.0,1.0,1.0,0.003320385799658479
2025-04-22,0.019219084964202,0.0232727580540478,1,2.8010434461042053e-15,1.0,1.0,1.0,0.00306912457692706
2025-04-23,0.0018440760815523,0.0231904939138578,1,1.6489894577738018e-14,1.0,1.0,1.0,0.0028296747595961597
2025-04-24,0.0036783417682934,0.0231878441875271,1,1.5955571558583586e-14,1.0,1.0,1.0,0.0037055577409069
2025-04-25,-0.001722549441557,0.0231868514918419,1,1.6699296989802825e-14,1.0,1.0,1.0,0.0003911584653472599
2025-04-28,0.0061869643104085,0.0232521990390001,1,1.17523833965868e-14,1.0,1.0,1.0,0.00584118353657984
2025-04-29,0.0053539138765156,0.0231770535173223,1,1.552257419411797e-14,1.0,1.0,1.0,0.0030681493190425598
2025-04-30,0.0035158306961878,0.0232001711585552,1,1.5422425329536935e-14,1.0,1.0,1.0,0.0034025002419696597
2025-05-01,0.003277689872333,0.0231624037273528,1,1.7479154686306248e-14,1.0,1.0,1.0,0.0033223698627775798
2025-05-02,0.0122246853088194,0.0219546366435365,1,4.887013850066434e-13,0.9999999999995453,0.9999999999995453,1.0,0.00611181681285286
2025-05-05,-0.002231870750489,0.0192293016893496,1,1.839305048912906e-09,0.9999999981606607,0.9999999981606607,1.0,0.004428049800673359
2025-05-06,-0.0077384662085054,0.0181295033282416,1,2.8188241641716262e-06,0.9999971811757798,0.9999971811757798,1.0,0.0018095737836691596
2025-05-07,0.0011251829830055,0.016606316453935,1,0.020396501454359756,0.9796034985456223,0.9796034985456223,1.0,0.0013314442410327
2025-05-08,-0.0039438690833004,0.011184004060829,0,0.9998424641999132,0.000157535800118836,0.000157535800118836,0.9999212320999407,-0.0001128675500939801
2025-05-09,0.0066393300853707,0.0094733194741804,0,0.9999999998306066,1.6934391461953122e-10,1.6934391461953122e-10,0.9999999999153281,-0.00122993859478372
2025-05-12,0.0049228287158462,0.0092741312383009,0,0.9999999999325837,6.738907742581254e-11,6.738907742581254e-11,1.0,0.00020100129848332014
2025-05-13,-0.0128050014881898,0.0090408619816183,0,0.9999999975639184,2.436101026613586e-09,2.436101026613586e-09,0.9999999987819495,-0.0008123057574535599
2025-05-14,-0.0098835890190808,0.0094009971360253,0,0.9999999978462029,2.153743191989548e-09,2.153743191989548e-09,0.9999999989231284,-0.0030140601578708195
2025-05-15,0.0181021621331802,0.010120177001965,0,0.9999999998598241,1.402273664475786e-10,1.402273664475786e-10,1.0,0.0013951460854253004
2025-05-16,0.0123685287513299,0.0099694713491382,0,0.9999999998624389,1.3753085157966607e-10,1.3753085157966607e-10,1.0,0.0025409858186171406
2025-05-19,0.0002214483513364,0.0083948548419478,0,0.9999999999766942,2.3263209048862302e-11,2.3263209048862302e-11,1.0,0.00160070974571518
2025-05-20,-0.005885276605873,0.0076923292277937,0,0.9999999999762395,2.3764435805287337e-11,2.3764435805287337e-11,1.0,0.00298465472217854
2025-05-21,-0.0269783076379923,0.0100230223603027,0,0.9999975541094626,2.4458905513990235e-06,2.4458905513990235e-06,0.9999987770547243,-0.0004342890016037604
2025-05-22,-0.0045871144596749,0.0100476944618448,0,0.9999999977241032,2.2759439436105678e-09,2.2759439436105678e-09,0.9999999988620281,-0.00497214432017478
2025-05-23,0.0010338061824223,0.0100430528345845,0,0.9999999992794528,7.20506619298213e-10,7.20506619298213e-10,0.9999999996397466,-0.0072390888339563
2025-05-27,0.0173026806669933,0.0106876716271675,0,0.9999999994050768,5.949171592377791e-10,5.949171592377791e-10,0.9999999997025415,-0.0038228423708249206
2025-05-28,-0.0010161520830731,0.0106333773670083,0,0.9999999960741661,3.9258625704396585e-09,3.9258625704396585e-09,0.9999999980370687,-0.00284901746626494
2025-05-29,0.0089969032518741,0.0107905462940365,0,0.9999999986530383,1.3469369893615662e-09,1.3469369893615662e-09,1.0,0.00434602471170834
2025-05-30,0.0,0.0107719290785485,0,0.9999999955294925,4.470544552152315e-09,4.470544552152315e-09,1.0,0.00526344760364332
2025-06-02,0.0013426031064314,0.0104116717280813,0,0.9999999984332817,1.566694797451975e-09,1.566694797451975e-09,1.0,0.005325206988445141
2025-06-03,-0.0020146252004174,0.010409499317381,0,0.9999999971184934,2.881519600727114e-09,2.881519600727114e-09,1.0,0.001461745814963
2025-06-04,0.0027969275583173,0.0102703757335669,0,0.9999999991050572,8.949619598350195e-10,8.949619598350195e-10,1.0,0.00222436174324108
2025-06-05,-0.0007823023578998,0.0102720158242192,0,0.9999999983259613,1.6740743910745904e-09,1.6740743910745904e-09,1.0,0.00026852062128630025
2025-06-06,0.0047961949373041,0.0102682584613043,0,0.9999999993416395,6.58357956087451e-10,6.58357956087451e-10,1.0,0.0012277596087471201
2025-06-09,0.0013343046433313,0.0101756364892645,0,0.9999999990794777,9.205561891599598e-10,9.205561891599598e-10,1.0,0.0012260999161271004
2025-06-10,0.0085201152648607,0.0102897645274957,0,0.9999999995695816,4.304358631557433e-10,4.304358631557433e-10,1.0,0.00333304800918272
2025-06-11,-0.0054135570700954,0.0099069482527604,0,0.9999999980034318,1.9965909897206083e-09,1.9965909897206083e-09,1.0,0.0016909510835001799
2025-06-12,0.0048625293375556,0.0095972129030361,0,0.9999999998592557,1.407986625696425e-10,1.407986625696425e-10,1.0,0.0028199174225912596
2025-06-13,-0.0097485563211191,0.0091077361544533,0,0.9999999988568788,1.143067541533188e-09,1.143067541533188e-09,0.9999999994284663,-8.903282909338006e-05
2025-06-16,0.000778907252997,0.008661054024885,0,0.9999999999633928,3.6631141736304734e-11,3.6631141736304734e-11,0.9999999999816844,-0.00020011230716024007
2025-06-17,-0.0035658572287512,0.0086921956236765,0,0.9999999998999556,1.0002420709606129e-10,1.0002420709606129e-10,0.9999999999499879,-0.00261730680588262
2025-06-18,0.0034545345850997,0.008633321033952,0,0.9999999999790816,2.0876574801453415e-11,2.0876574801453415e-11,0.9999999999895617,-0.0008436884748436
2025-06-20,-0.0006675846093456,0.005854489119966,0,0.9999999999998863,1.6545060280954375e-13,1.6545060280954375e-13,0.9999999999999173,-0.0019497112642238399
2025-06-23,0.0149165269255792,0.0064079763463981,0,1.0,3.0312267136638094e-14,3.0312267136638094e-14,1.0,0.0029833053851158198
2025-06-24,0.0026286526765188,0.0064007020150173,0,0.9999999999997726,2.264555791730804e-13,2.264555791730804e-13,1.0,0.00335325446982018
2025-06-25,-0.0243589547306504,0.0079065385097217,0,0.9999999811229829,1.8877065844580835e-08,1.8877065844580835e-08,0.9999999905614672,-0.0008053650305596599
2025-06-26,-0.0009286282041484,0.0079057708051687,0,0.9999999999893134,1.0703957648243152e-11,1.0703957648243152e-11,0.9999999999946481,-0.00168199758840928
2025-06-27,0.0024892723774797,0.007661178153639,0,0.9999999999968168,3.1265100663658397e-12,3.1265100663658397e-12,0.9999999999984368,-0.00105062619104422
2025-06-30,0.0064207408032132,0.0077935909723818,0,0.9999999999979536,2.030837862305044e-12,2.030837862305044e-12,0.9999999999989846,-0.0027497834155174204
2025-07-01,0.0072719688116677,0.0079449220483332,0,0.9999999999974989,2.4633168101589866e-12,2.4633168101589866e-12,0.9999999999987683,-0.00182112018848764
2025-07-02,0.00233812403999,0.0079279893820665,0,0.9999999999943157,5.653535996511249e-12,5.653535996511249e-12,1.0,0.0035182955656404397
2025-07-03,0.0011114985423427,0.0079152327502197,0,0.9999999999929514,7.04400341018654e-12,7.04400341018654e-12,1.0,0.00392632091493866
2025-07-07,-0.0085903861220389,0.0081839746791455,0,0.9999999998699423,1.3008140914433726e-10,1.3008140914433726e-10,1.0,0.0017103892150349398
2025-07-08,-0.0014576839006725,0.0081257269045745,0,0.9999999999810143,1.9003851052850207e-11,1.9003851052850207e-11,1.0,0.0001347042742577998
2025-07-09,0.0007851439254043,0.0081221561211894,0,0.9999999999884039,1.1640924902640784e-11,1.1640924902640784e-11,0.9999999999941795,-0.00116266070299488
2025-07-10,0.0062591440154952,0.0080129479485447,0,0.9999999999965894,3.357176878806395e-12,3.357176878806395e-12,0.9999999999983213,-0.00037845670789384
2025-07-11,0.000111364129296,0.0079136798305902,0,0.9999999999913598,8.66550127261472e-12,8.66550127261472e-12,0.9999999999956672,-0.0005784835905031801
2025-07-14,0.0064408306534593,0.0079702307823279,0,0.9999999999970441,2.970178699679736e-12,2.970178699679736e-12,1.0,0.0024277597645964598
2025-07-15,-0.0148315895282816,0.0083776287277136,0,0.999999998720341,1.27965569680478e-09,1.27965569680478e-09,0.9999999993601721,-0.0002470213609253601
2025-07-16,0.0093929108719944,0.0086355952297264,0,0.9999999999914735,8.473968674229092e-12,8.473968674229092e-12,1.0,0.00147453202839266
2025-07-17,-0.0011135161264682,0.0085927123670513,0,0.999999999953161,4.6839699722577786e-11,4.6839699722577786e-11,0.9999999999765801,-2.0166160408230382e-17
2025-07-18,0.0021147512395718,0.0085743554855123,0,0.9999999999765805,2.3473590504234656e-11,2.3473590504234656e-11,1.0,0.00040067742205513986
2025-07-21,0.0041052873248243,0.0086060228495661,0,0.9999999999824922,1.7557530334478466e-11,1.7557530334478466e-11,0.9999999999912212,-6.643124367186025e-05
2025-07-22,0.0170175698712077,0.0087986524824917,0,0.9999999999940883,5.949956276546082e-12,5.949956276546082e-12,1.0,0.0063034006362260005
2025-07-23,0.0019575482654184,0.0087928314754469,0,0.9999999999612328,3.877348288828773e-11,3.877348288828773e-11,1.0,0.0048163281149107996
2025-07-24,-0.0034827583430586,0.0066150719259208,0,0.9999999999985221,1.4898582341364127e-12,1.4898582341364127e-12,1.0,0.0043424796715927205
2025-07-25,0.0001089723384202,0.0065960044529319,0,0.9999999999994316,5.895481557224044e-13,5.895481557224044e-13,1.0,0.0039413238913624
2025-07-28,-0.0161550563026624,0.007731456515689,0,0.9999999994016662,5.983573228180461e-10,5.983573228180461e-10,0.9999999997008213,-0.00011074483413494041
2025-07-29,0.0159370149982674,0.0083512390696941,0,0.9999999999977263,2.237346749856346e-12,2.237346749856346e-12,0.9999999999988813,-0.0003268558087230006
2025-07-30,-0.0142765035597929,0.0089325644668345,0,0.999999996886686,3.1133057933419056e-09,3.1133057933419056e-09,0.9999999984433471,-0.003573666173765261
2025-07-31,-0.0141467364834441,0.0094865899284746,0,0.9999999911080977,8.891924567099863e-09,8.891924567099863e-09,0.9999999955540377,-0.005706461801842361
2025-08-01,-0.0024710983481623,0.0094896627996791,0,0.9999999995760618,4.239070800120169e-10,4.239070800120169e-10,0.9999999997880464,-0.006222475939158861
2025-08-04,0.0101820075969465,0.0095871596516797,0,0.9999999999312195,6.882926473340661e-11,6.882926473340661e-11,0.9999999999655853,-0.0009550631592370809
2025-08-05,0.0045537230220795,0.0096225331038611,0,0.9999999998436806,1.563058497822656e-10,1.563058497822656e-10,0.9999999999218471,-0.0032317215544746605
2025-08-06,-0.0077873662383747,0.0098042100648651,0,0.9999999971468014,2.8532102649960504e-09,2.8532102649960504e-09,0.9999999985733949,-0.0019338940901910205
2025-08-07,0.0028996009487078,0.0097233046286734,0,0.999999999744432,2.5558422987762606e-10,2.5558422987762606e-10,1.0,0.0014753733962393598
2025-08-08,-0.0082747656421377,0.0098987518133388,0,0.9999999960629111,3.937135785834387e-09,3.937135785834387e-09,1.0,0.0003146399374442797
2025-08-11,-0.0066467664394178,0.0098558155413911,0,0.9999999976012077,2.39881173421439e-09,2.39881173421439e-09,0.9999999988005941,-0.0030511148698285804
2025-08-12,0.0056357204210802,0.0094011635903564,0,0.9999999999195097,8.047631352952846e-11,8.047631352952846e-11,0.9999999999597619,-0.0028347153900284408
2025-08-13,0.0092858116604753,0.0093955470879206,0,0.9999999999512283,4.881741290013491e-11,4.881741290013491e-11,1.0,0.000579920189741559
2025-08-14,-0.0071525400254195,0.0095283762048526,0,0.9999999986348485,1.3651442715721224e-09,1.3651442715721224e-09,0.9999999993174279,-0.0014305080050839008
2025-08-15,0.0057037905114052,0.0096102830974819,0,0.9999999998719886,1.28019755634846e-10,1.28019755634846e-10,1.0,0.001365203225624679
2025-08-18,-0.0085116320288882,0.0097295943369902,0,0.9999999970615363,2.938461663477867e-09,2.938461663477867e-09,1.0,0.000992230107730599
2025-08-19,0.0170620399015494,0.0097338800974462,0,0.999999999943384,5.663259143501056e-11,5.663259143501056e-11,1.0,0.0032774940038244387
2025-08-20,0.0028707015056706,0.0097495205108033,0,0.9999999997276063,2.7236129155754055e-10,2.7236129155754055e-10,1.0,0.0019944719728634992
2025-08-21,-0.0029813142103529,0.0097427201432985,0,0.9999999991841833,8.158459548093079e-10,8.158459548093079e-10,1.0,0.002828717135876819
2025-08-22,0.0191670661237674,0.0107107667457583,0,0.9999999994003019,5.997386859651901e-10,5.997386859651901e-10,1.0,0.005521372258349259
2025-08-25,-0.005766148026147,0.0101085479517487,0,0.999999996663405,3.3366212680488522e-09,3.3366212680488522e-09,1.0,0.006070469058897498
2025-08-26,-0.0026220982422276,0.0094743425575089,0,0.9999999995764028,4.2363440754295606e-10,4.2363440754295606e-10,1.0,0.0021336414301420994
2025-08-27,0.006216272625339,0.0089620264458586,0,0.9999999999724878,2.7481089168103813e-11,2.7481089168103813e-11,1.0,0.0028027556540757793
2025-08-28,-0.002612678579937,0.0082914899620483,0,0.9999999999650981,3.486587367105538e-11,3.486587367105538e-11,1.0,0.0028764827801589597
2025-08-29,0.0054353844587563,0.0082838059121988,0,0.9999999999930651,6.937756533090516e-12,6.937756533090516e-12,1.0,0.00013014644715673984
2025-09-02,-0.0167262863920992,0.0090097524680486,0,0.9999999919406264,8.059316773160303e-09,8.059316773160303e-09,0.9999999959703416,-0.0020618812260337002
2025-09-03,0.0005510636211022,0.0089589865600383,0,0.9999999999272404,7.272915552136965e-11,7.272915552136965e-11,0.9999999999636354,-0.00142724885336774
2025-09-04,0.0074644040424452,0.0088843011925335,0,0.9999999999807869,1.9254247288313448e-11,1.9254247288313448e-11,0.9999999999903728,-0.0011776225699465003
2025-09-05,0.0112012647686985,0.0091647740609016,0,0.9999999999769216,2.306256947616741e-11,2.306256947616741e-11,1.0,0.0015851660997805998
2025-09-08,-0.005856904372773,0.0090446951769639,0,0.9999999996388169,3.611445666106041e-10,3.611445666106041e-10,0.9999999998194278,-0.0006732916665252603
2025-09-09,-0.0022869436528744,0.0088869975824181,0,0.9999999998873363,1.1261501945041217e-10,1.1261501945041217e-10,1.0,0.0022145768813196997
2025-09-10,-0.0016367756069311,0.0088707265158427,0,0.9999999999055262,9.443001723487525e-11,9.443001723487525e-11,1.0,0.0017770090357130397
2025-09-11,0.0180731112082069,0.0094766884362021,0,0.9999999999712372,2.8795342541098662e-11,2.8795342541098662e-11,1.0,0.003898750468865379
2025-09-12,-0.0046224246230671,0.0093660124735668,0,0.9999999994737436,5.262161613994332e-10,5.262161613994332e-10,1.0,0.0007340125905122595
2025-09-15,-0.0016174532205703,0.0093569527132053,0,0.9999999997339728,2.6605137170261706e-10,2.6605137170261706e-10,1.0,0.0015819028209527997
2025-09-16,-0.0053022283425703,0.0091998924392708,0,0.9999999995641247,4.3584710606978263e-10,4.3584710606978263e-10,1.0,0.0009788458830136196
2025-09-17,-0.0013027087007101,0.0084852025960018,0,0.9999999999611191,3.8908401687841475e-11,3.8908401687841475e-11,1.0,0.0010456592642578194
2025-09-18,0.0021703235717507,0.0084780064929651,0,0.999999999981128,1.88765966112518e-11,1.88765966112518e-11,0.9999999999905618,-0.0021348982630334202
2025-09-19,-0.0065253225625389,0.0085984214715665,0,0.999999999829015,1.709622527526195e-10,1.709622527526195e-10,0.9999999999145188,-0.002515477850927781
2025-09-22,0.0002181840237829,0.0074156151031064,0,0.9999999999969305,3.0224751564504977e-12,3.0224751564504977e-12,0.9999999999984888,-0.0021483504020571404
2025-09-23,0.0054395236677151,0.0074023967202508,0,0.9999999999989768,1.0381922394426233e-12,1.0381922394426233e-12,0.9999999999994809,-6.054184931159057e-17
2025-09-24,-0.0098845780104486,0.0077235636316595,0,0.999999999923034,7.702057645827615e-11,7.702057645827615e-11,0.9999999999614897,-0.0017163738619477605
2025-09-25,-0.0029912408948579,0.0076019534667138,0,0.9999999999906777,9.313844463761503e-12,9.313844463761503e-12,0.9999999999953431,-0.002748686755269481
2025-09-26,0.0098261622597166,0.0079254573202845,0,0.9999999999984084,1.628848880807239e-12,1.628848880807239e-12,1.0,0.0005216102091816193
2025-09-29,0.0003296614200745,0.0078255214290202,0,0.9999999999930651,6.882637310796028e-12,6.882637310796028e-12,1.0,0.0005439056884399394
2025-09-30,0.004055369713036,0.0068281565650777,0,0.9999999999995453,4.040017454594075e-13,4.040017454594075e-13,1.0,0.0002670748975041193
2025-10-01,0.0015302084023445,0.0068292963564838,0,0.9999999999993179,6.844376408945855e-13,6.844376408945855e-13,1.0,0.0025500321800627393
2025-10-02,-0.0052561943964368,0.0067793082541701,0,0.9999999999967031,3.297439885492969e-12,3.297439885492969e-12,1.0,0.0020970414797469596
2025-10-03,0.0037259859940922,0.0063370218212519,0,0.9999999999998863,1.5786658079044213e-13,1.5786658079044213e-13,1.0,0.0008770062266220798
2025-10-06,-0.0094516821809115,0.0065562175524692,0,0.9999999999926104,7.38925634927305e-12,7.38925634927305e-12,0.9999999999963054,-0.0010792624935751203
2025-10-07,-0.0036505058733781,0.006585261496853,0,0.9999999999985221,1.4693709672725556e-12,1.4693709672725556e-12,0.9999999999992653,-0.0026204376108579404
2025-10-08,-0.0052225376926133,0.0066705809206709,0,0.9999999999973852,2.6487254701364458e-12,2.6487254701364458e-12,0.9999999999986756,-0.0039709868298495
2025-10-09,-0.0054740790312193,0.0051114657688081,0,0.9999999999998863,1.5355187740180704e-13,1.5355187740180704e-13,0.9999999999999232,-0.004014563756806
2025-10-10,-0.0128524840576537,0.0056608565853532,0,0.9999999999954525,4.539560224823082e-12,4.539560224823082e-12,0.9999999999977303,-0.007330257767155179
2025-10-13,0.0063342630780985,0.005968295358216,0,1.0,4.432732659249112e-14,4.432732659249112e-14,0.9999999999999778,-0.004173068715353181
2025-10-14,0.0102080840198726,0.006464594556567,0,0.9999999999998863,6.421182201465269e-14,6.421182201465269e-14,0.9999999999999679,-0.0014013507367030408
2025-10-15,0.0144047699648132,0.0073161009065441,0,0.9999999999997726,2.406473342100667e-13,2.406473342100667e-13,1.0,0.0025241107947822595
2025-10-16,-0.0035265794375782,0.0073317561586208,0,0.9999999999938609,6.185779140391186e-12,6.185779140391186e-12,1.0,0.0029136107135104795
2025-10-17,0.0064924348048064,0.0073407462106853,0,0.9999999999992042,7.578209487018286e-13,7.578209487018286e-13,1.0,0.0067825944860025
2025-10-20,0.0100403854485262,0.0076626344949662,0,0.9999999999990905,8.840930015815003e-13,8.840930015815003e-13,1.0,0.00752381896008804
2025-10-21,-0.0028272686907195,0.0076165628208485,0,0.9999999999907914,9.217466281457583e-12,9.217466281457583e-12,1.0,0.00491674841796962
2025-10-22,0.0042379946171499,0.0072703668781275,0,0.9999999999989768,9.798294476899103e-13,9.798294476899103e-13,1.0,0.00288339334843696
2025-10-23,-0.000650812003407,0.0072214719752824,0,0.9999999999974989,2.4746001683364613e-12,2.4746001683364613e-12,1.0,0.0034585468352712006
2025-10-24,0.0029253659350689,0.006942762264119,0,0.9999999999993179,6.425238484618567e-13,6.425238484618567e-13,1.0,0.0027451330613237
2025-10-27,0.002809024606849,0.0069566334055683,0,0.9999999999993179,6.771672229635592e-13,6.771672229635592e-13,1.0,0.00129886089298826
2025-10-28,-0.019830666059867,0.0083047960581733,0,0.9999999934510697,6.5489721090447475e-09,6.5489721090447475e-09,0.999999996725514,-0.00210181858084124
2025-10-29,-0.0260884943097536,0.0100887783966618,0,0.9999980689002997,1.9310996742035203e-06,1.9310996742035203e-06,0.9999990344501629,-0.00816711636622194
2025-10-30,0.0047329804553118,0.0101496342955801,0,0.9999999994877271,5.122448322303725e-10,5.122448322303725e-10,0.9999999997438775,-0.007090357874478181
2025-10-31,0.0025823863783278,0.0101237100894461,0,0.9999999993360689,6.639625144739028e-10,6.639625144739028e-10,0.9999999996680187,-0.0071589537858264
2025-11-03,-0.0014587638794111,0.0099385701093261,0,0.9999999990870947,9.128865225993201e-10,9.128865225993201e-10,0.9999999995435567,-0.008012511483078421
2025-11-04,0.0016829405823482,0.0099307605007003,0,0.9999999994998916,5.001557738776686e-10,5.001557738776686e-10,0.999999999749922,-0.0037097901546353806
2025-11-05,0.0008964633007516,0.0098741074880479,0,0.9999999994935251,5.065071318109127e-10,5.065071318109127e-10,1.0,0.00168720136746566
2025-11-06,-0.0048279128287867,0.0098572195752902,0,0.9999999984307806,1.5691891519988348e-09,1.5691891519988348e-09,0.9999999992154054,-0.00022497728935404003
2025-11-07,0.015412504799085,0.0099785921054179,0,0.9999999998873363,1.1268346215362316e-10,1.1268346215362316e-10,1.0,0.0023410463947974
2025-11-10,-0.0005543489326716,0.0099098768774372,0,0.9999999992817266,7.182438216093745e-10,7.182438216093745e-10,1.0,0.0025219293841453
2025-11-11,0.0111375890626095,0.009958219682755,0,0.9999999998503881,1.4964141167125563e-10,1.4964141167125563e-10,1.0,0.00441285908019756
2025-11-12,-0.0074848925414458,0.0095895472176259,0,0.9999999983131147,1.686848408280558e-09,1.686848408280558e-09,1.0,0.00273658791175808
2025-11-13,-0.0123397065867042,0.0099456088799415,0,0.9999999869231716,1.307683261404216e-08,1.307683261404216e-08,1.0,0.0012342291601745807
2025-11-14,0.0021229806737895,0.0098276161339335,0,0.999999999631882,3.6808343960929174e-10,3.6808343960929174e-10,0.9999999998159583,-0.0014236756648845195
2025-11-17,-0.0082941264746622,0.0096086073371616,0,0.9999999978406322,2.15935074083552e-09,2.15935074083552e-09,0.9999999989203247,-0.0029716311732826397
2025-11-18,0.0040435621876524,0.0096920667142153,0,0.9999999998019575,1.9799841537149993e-10,1.9799841537149993e-10,0.9999999999010007,-0.00439043654827406
2025-11-19,-0.0078775296684369,0.0096966436203682,0,0.9999999976694198,2.3306172877603176e-09,2.3306172877603176e-09,0.9999999988346914,-0.004468963973672279
2025-11-20,-0.0041891547416907,0.0097019899478295,0,0.9999999990259312,9.740208423826058e-10,9.740208423826058e-10,0.9999999995129896,-0.0028388536046695797
2025-11-21,0.016094047983378,0.0104854925624923,0,0.999999999622446,3.7756027676986136e-10,3.7756027676986136e-10,0.9999999998112199,-4.464014275187972e-05
2025-11-24,0.0026758119601317,0.0104826053716876,0,0.9999999985187742,1.4812254874673812e-09,1.4812254874673812e-09,1.0,0.0021493475442069003
2025-11-25,0.0091993643588061,0.009810527345586,0,0.9999999998706244,1.2936858806600077e-10,1.2936858806600077e-10,1.0,0.0031805079784376403
2025-11-26,0.0044033741843114,0.0077074895381203,0,0.9999999999976126,2.394987603421154e-12,2.394987603421154e-12,1.0,0.0056366887489873
2025-11-28,0.0032897472934622,0.0076813328785994,0,0.9999999999971578,2.7902968998108767e-12,2.7902968998108767e-12,1.0,0.00713246915601788
2025-12-01,-0.0115620759637711,0.008193602497205,0,0.9999999996824727,3.175530851727477e-10,3.175530851727477e-10,1.0,0.0016012443665880602
2025-12-02,-0.0035503621115868,0.0082347560488297,0,0.9999999999613465,3.868836840355357e-11,3.868836840355357e-11,1.0,0.00035600955224436017
2025-12-03,0.0025530614800784,0.0082435511655725,0,0.9999999999894271,1.0615883755413002e-11,1.0615883755413002e-11,0.999999999994692,-0.0009732510235011798
2025-12-04,-0.0024419082835203,0.0082700803892965,0,0.9999999999679403,3.2064124171018034e-11,3.2064124171018034e-11,0.9999999999839679,-0.00234230751706752
2025-12-05,-0.0011120883337726,0.0081880076791512,0,0.9999999999799911,2.0031505502487452e-11,2.0031505502487452e-11,0.9999999999899842,-0.00322267464251448
2025-12-08,-0.0077064397258721,0.0075935987725993,0,0.9999999999682814,3.1752580897066346e-11,3.1752580897066346e-11,0.9999999999841237,-0.00245154739493468
2025-12-09,-0.0038194106191699,0.0076280453820082,0,0.9999999999879492,1.204946896358777e-11,1.204946896358777e-11,0.9999999999939753,-0.0025053570964513002
2025-12-10,0.0035951224547309,0.0071832491966866,0,0.9999999999990905,9.24478981898481e-13,9.24478981898481e-13,0.9999999999995377,-0.0022969449015208003
2025-12-11,0.0043641412821596,0.007119014632418,0,0.9999999999993179,6.966233172749013e-13,6.966233172749013e-13,0.9999999999996516,-0.0009357349883848204
2025-12-12,-0.0012290198136832,0.0065603286184887,0,0.9999999999992042,7.559928594325588e-13,7.559928594325588e-13,0.9999999999996221,-0.0009591212843669402
2025-12-15,0.0031254089945612,0.006580974035268,0,0.9999999999996589,2.937851739005303e-13,2.937851739005303e-13,1.0,0.0012072484597197197
2025-12-16,-0.0073826400463616,0.0065228429969306,0,0.9999999999962483,3.7034277866969094e-12,3.7034277866969094e-12,1.0,0.00049460257428138
2025-12-17,0.0036981329294656,0.006512366315507,0,0.9999999999997726,2.2689497714322848e-13,2.2689497714322848e-13,1.0,0.0005152046692283198
2025-12-18,-0.0052711527514255,0.0063686847963002,0,0.9999999999985221,1.5055517105110993e-12,1.5055517105110993e-12,0.9999999999992473,-0.0014118541374887003
2025-12-19,-0.0038305987808631,0.0063560624898907,0,0.9999999999989768,9.895887567711695e-13,9.895887567711695e-13,0.9999999999995053,-0.0019321699309246799
2025-12-22,0.0051242129017688,0.0053034239040937,0,1.0,1.4828039352536033e-14,1.4828039352536033e-14,0.9999999999999926,-0.0015324091494831602
2025-12-23,-0.0006801673453067,0.0052574103550398,0,1.0,5.285084310440148e-14,5.285084310440148e-14,0.9999999999999736,-0.00019191460927218032
2025-12-24,0.0065559387412644,0.0050300612049662,0,0.9999999999998863,1.4880408027845914e-13,1.4880408027845914e-13,1.0,0.0003796465530875797
