Date,XLU_ret,XLU_vol,regime,prob_regime_0,prob_regime_1,p_high_vol,risk_scale,momentum
2024-08-20,-0.0021377718395748,0.0090797875340952,0,1.0,3.3397279482053564e-31,3.3397279482053564e-31,1.0,
2024-08-21,0.0070637039337686,0.0089324686295741,0,0.9999185616264123,8.143837356848615e-05,8.143837356848615e-05,0.9999592808132158,
2024-08-22,-0.0011960312753753,0.0085965165915672,0,0.9999406408711772,5.935912885392684e-05,5.935912885392684e-05,0.999970320435573,
2024-08-23,0.0027881656114132,0.0084595544259832,0,0.9999454125297393,5.458747022685609e-05,5.458747022685609e-05,0.9999727062648865,
2024-08-26,0.0064760660996788,0.0084908345381076,0,0.9999354352460749,6.456475388386587e-05,6.456475388386587e-05,1.0,0.0025988265059821
2024-08-27,-0.007935549117551,0.0088142013534974,0,0.9999169774611434,8.302253882321602e-05,8.302253882321602e-05,1.0,0.0014392710503868598
2024-08-28,0.0,0.0084691240783372,0,0.999946625232143,5.337476786135077e-05,5.337476786135077e-05,1.0,2.6530263633139928e-05
2024-08-29,0.0054295003154961,0.0076386979972755,0,0.9999600681413888,3.993185855889368e-05,3.993185855889368e-05,1.0,0.00135163658180742
2024-08-30,0.0074993838947752,0.0077724821585152,0,0.9999355534017096,6.444659830313892e-05,6.444659830313892e-05,1.0,0.00229388023847982
2024-09-03,-0.0014428272382288,0.0041797331147399,0,0.9996732749392006,0.0003267250607581942,0.0003267250607581942,1.0,0.0007101015708983
2024-09-04,0.0084962025276326,0.0041862851826198,0,0.9996426836037716,0.00035731639625039897,0.00035731639625039897,1.0,0.00399645189993502
2024-09-05,-0.002476003091401,0.0042744719488841,0,0.9996160878636781,0.0003839121363560098,0.0003839121363560098,1.0,0.00350125128165482
2024-09-06,-0.009570707290723,0.0050245404636007,0,0.9997220541398771,0.00027794586013136894,0.00027794586013136894,1.0,0.0005012097604109999
2024-09-09,0.0100923495862518,0.0053550601481215,0,0.9999026133665971,9.738663345020382e-05,9.738663345020382e-05,1.0,0.0010198028987063196
2024-09-10,0.0046840235879714,0.0053867673919786,0,0.9999335837834613,6.641621649429817e-05,6.641621649429817e-05,1.0,0.0022451730639463595
2024-09-11,0.0031102971780633,0.005324562455784,0,0.9999331495665342,6.685043345141907e-05,6.685043345141907e-05,1.0,0.0011679919940324995
2024-09-12,0.0021972930046789,0.0052856995968066,0,0.9999303221740666,6.96778258845475e-05,6.96778258845475e-05,1.0,0.0021026512132484797
2024-09-13,0.013975555216415,0.0058676839467314,0,0.9999316237214307,6.837627855828619e-05,6.837627855828619e-05,1.0,0.006811903714676079
2024-09-16,0.0076105350623653,0.0059535596384024,0,0.9999529395895003,4.7060410515710306e-05,4.7060410515710306e-05,1.0,0.00631554080989878
2024-09-17,-0.000758532965414,0.0059520788551398,0,0.9999520866565339,4.791334349416919e-05,4.791334349416919e-05,1.0,0.0052270294992217
2024-09-18,-0.0076161291362808,0.006301978756756,0,0.9999343138470014,6.568615295955336e-05,6.568615295955336e-05,1.0,0.00308174423635288
2024-09-19,-0.0058788415573781,0.0064626474426395,0,0.9998923059157818,0.0001076940841770034,0.0001076940841770034,1.0,0.0014665173239414798
2024-09-20,0.026061085661644,0.0083899419799388,0,0.999306292410916,0.0006937075890932372,0.0006937075890932372,1.0,0.00388362341298728
2024-09-23,0.0098705704133801,0.0085228526907243,0,0.999831597796803,0.0001684022032202927,0.0001684022032202927,1.0,0.00433563048319024
2024-09-24,-0.0071210854635303,0.0088097098417213,0,0.999905873641766,9.412635818654425e-05,9.412635818654425e-05,1.0,0.00306311998356698
2024-09-25,0.0052520161539863,0.0084491482601798,0,0.9999365268319922,6.347316797485476e-05,6.347316797485476e-05,1.0,0.0056367490416204
2024-09-26,-0.0068832321247655,0.0087333712666769,0,0.9999187076127618,8.129238721870796e-05,8.129238721870796e-05,1.0,0.005435870928142921
2024-09-27,0.0098720881510036,0.0088507370309578,0,0.9998911098672001,0.00010889013280339302,0.00010889013280339302,1.0,0.002198071426014839
2024-09-30,0.0044663557620571,0.0088017235186191,0,0.9999183046718051,8.169532815688125e-05,8.169532815688125e-05,1.0,0.001117228495750239
2024-10-01,0.0080146206071928,0.0087933729476698,0,0.9999098507442546,9.01492557342647e-05,9.01492557342647e-05,1.0,0.004144369709894858
2024-10-02,0.0004909632361917,0.0087441811252187,0,0.9999269520196948,7.304798028422278e-05,7.304798028422278e-05,1.0,0.003192159126335939
2024-10-03,-0.0003683455604767,0.0086837831069174,0,0.999883921310245,0.00011607868974012853,0.00011607868974012853,1.0,0.004495136439193699
2024-10-04,-0.0015975391770675,0.0082293097132508,0,0.9994253316633401,0.0005746683366765373,0.0005746683366765373,1.0,0.002201210973579479
2024-10-07,-0.0232670168807027,0.0100586230562369,0,0.9936425042931655,0.006357495706836422,0.006357495706836422,0.9968212521465818,-0.00334546355497248
2024-10-08,0.0005034581486775,0.0100456534533344,0,0.992787344748038,0.007212655251912922,0.007212655251912922,0.9963936723740435,-0.0048476960466755405
2024-10-09,-0.0085924484616955,0.0103086314186517,0,0.988885522581241,0.011114477418744655,0.011114477418744655,0.9944427612906277,-0.006664378386252981
2024-10-10,-0.0030503960086833,0.0103515955223587,0,0.9830145171330215,0.016985482866991523,0.016985482866991523,0.9915072585665042,-0.0072007884758943
2024-10-11,0.0087447920735637,0.0100700659447995,0,0.9730262650050951,0.026973734994867972,0.026973734994867972,0.986513132502566,-0.00513232222576806
2024-10-14,0.0125393607607997,0.0103034349256155,0,0.9576142174359085,0.042385782564120046,0.042385782564120046,1.0,0.00202895330253242
2024-10-15,0.004475894464913,0.0103219674861536,0,0.9474446824300765,0.05255531756987133,0.05255531756987133,1.0,0.00282344056577952
2024-10-16,0.0196543529308593,0.0108694327591277,0,0.9320949770720844,0.06790502292792286,0.06790502292792286,1.0,0.00847280084429048
2024-10-17,-0.0089193605812938,0.0110154204879257,0,0.9484119973755043,0.051588002624525904,0.051588002624525904,1.0,0.007299007929768381
2024-10-18,0.0057516270089767,0.0095712609507532,0,0.9811567678255269,0.01884323217448001,0.01884323217448001,1.0,0.006700374916850981
2024-10-21,-0.0039124480310058,0.0094314037070118,0,0.9899767648497694,0.010023235150226165,0.010023235150226165,1.0,0.00341001315848988
2024-10-22,-0.0035589783306859,0.0093067030043495,0,0.990081008524502,0.009918991475508286,0.009918991475508286,1.0,0.0018030385993700999
2024-10-23,0.009543864615294,0.0094586123012723,0,0.98050532841385,0.019494671586107844,0.019494671586107844,0.990252664206946,-0.0002190590637429598
2024-10-24,-0.0064751779239048,0.0094406922854027,0,0.9498302782853945,0.05016972171457626,0.05016972171457626,1.0,0.0002697774677348403
2024-10-25,-0.0149411505890392,0.0098641744283446,0,0.8110732906882587,0.18892670931174635,0.18892670931174635,0.9055366453441268,-0.0038687780518683393
2024-10-28,0.0078072658927267,0.0099719343610401,0,0.5887143877200054,0.41128561228002647,0.41128561228002647,0.7943571938599867,-0.0015248352671218394
2024-10-29,-0.0215869272976494,0.0108959563939864,1,0.16290521619911497,0.8370947838009111,0.8370947838009111,0.5814526080995445,-0.0051304250605145405
2024-10-30,-0.0023993330312372,0.010889588453773,1,0.07799528251826171,0.9220047174817546,0.9220047174817546,0.5389976412591226,-0.00751906458982078
2024-10-31,0.0103147944975375,0.0112045722442246,1,0.013680612305503997,0.9863193876944454,0.9863193876944454,0.5068403061527773,-0.00416107010553232
2024-11-01,-0.0225269828480559,0.0122014313930978,1,0.0003340889884311342,0.999665911011597,0.999665911011597,0.5001670444942015,-0.00567823655733566
2024-11-04,-0.011974756165617,0.0114002281717072,1,0.0001831740120915692,0.999816825987914,0.999816825987914,0.500091587006043,-0.009634640969004401
2024-11-05,0.0149141900903506,0.0119700357200167,1,1.5819879380293497e-05,0.9999841801206576,0.9999841801206576,0.5000079099396713,-0.0023344174914044
2024-11-06,-0.0103908298570915,0.0120389249901417,1,4.109955272094708e-05,0.9999589004472984,0.9999589004472984,0.5000205497763508,-0.00393271685657526
2024-11-07,0.0018037731619218,0.0120400888047873,1,3.788664672538707e-05,0.9999621133532749,0.9999621133532749,0.5000189433233626,-0.0056349211236984
2024-11-08,0.0189971443399203,0.0126592854371523,1,1.0666308207399395e-06,0.9999989333691706,0.9999989333691706,1.0,0.0026699043138968407
2024-11-11,0.0027746590455751,0.0123325104334468,1,1.784549395460274e-05,0.9999821545060997,0.9999821545060997,1.0,0.00561978735613526
2024-11-12,-0.0115271152300297,0.0125083567558943,1,1.805430565791974e-05,0.9999819456942982,0.9999819456942982,1.0,0.00033152629205920084
2024-11-13,-0.0017853719805955,0.0114925417836157,1,0.00016435067210601755,0.9998356493279383,0.9998356493279383,1.0,0.002052617867358401
2024-11-14,-0.0034519338325243,0.0113940231248751,1,0.00019192833250957384,0.9998080716674514,0.9998080716674514,1.0,0.0010014764684691806
2024-11-15,0.0148734388898554,0.011897610595928,1,1.818423429010833e-05,0.9999818157656709,0.9999818157656709,1.0,0.00017673537845620048
2024-11-18,0.0086688841611394,0.0121039081298308,1,1.8966519796824992e-05,0.9999810334801537,0.9999810334801537,1.0,0.0013555804015690607
2024-11-19,0.0063594919441962,0.0121983502648119,1,2.0166425863118458e-05,0.9999798335741892,0.9999798335741892,1.0,0.004932901836414241
2024-11-20,0.0004972374516444,0.0119699445765916,1,4.5074877353718406e-05,0.9999549251226626,0.9999549251226626,1.0,0.0053894237228622206
2024-11-21,0.0172438480919552,0.012559664364994,1,2.0349026018744122e-06,0.9999979650973742,0.9999979650973742,1.0,0.00952858010775812
2024-11-22,-0.0053876115570446,0.0121284281561867,1,4.06726393913349e-05,0.9999593273606394,0.9999593273606394,1.0,0.00547637001837812
2024-11-25,0.0018401469234714,0.0120162606361085,1,8.674948361296306e-05,0.9999132505163623,0.9999132505163623,1.0,0.00411062257084452
2024-11-26,0.0158057646134842,0.0113095233240778,1,0.0006060462811331091,0.9993939537188989,0.9993939537188989,1.0,0.00599987710470212
2024-11-27,0.0,0.0112704632891343,1,0.00696974884995432,0.9930302511500038,0.9930302511500038,1.0,0.00590042961437324
2024-11-29,0.0003616687300849,0.0111191024098948,1,0.023445952739742978,0.9765540472602791,0.9765540472602791,1.0,0.00252399374199918
2024-12-02,-0.0216975762842144,0.01102452542723,1,0.05708027819686772,0.9429197218031501,0.9429197218031501,0.528540139098425,-0.0007379992034347804
2024-12-03,-0.0086634779693811,0.0108283688186876,1,0.2638766649769468,0.7361233350230948,0.7361233350230948,0.6319383324884527,-0.0028387241820052806
2024-12-04,-0.0001243234137504,0.0104026962893857,0,0.543585869197521,0.45641413080250404,0.45641413080250404,0.771792934598748,-0.006024741787452201
2024-12-05,0.0031032617277729,0.010034966498885,0,0.7252483478618637,0.27475165213812575,0.27475165213812575,0.8626241739309372,-0.005404089441897621
2024-12-06,-0.0124704558056086,0.0105432408610956,0,0.8030701369104336,0.19692986308951743,0.19692986308951743,0.9015350684552412,-0.007970514349036322
2024-12-09,-0.0126281350660741,0.0101073010069177,0,0.8915254317895065,0.10847456821043848,0.10847456821043848,0.9457627158947808,-0.006156626105408261
2024-12-10,-0.0072699373066333,0.0101951134215417,0,0.9498575604118192,0.05014243958817985,0.05014243958817985,0.9749287802059101,-0.0058779179728587014
2024-12-11,-0.0062922984302266,0.00997027849309,0,0.9808083734480657,0.019191626551943078,0.019191626551943078,0.9904041867240285,-0.007111512976153941
2024-12-12,-0.0005154591992997,0.0099660456011881,0,0.992811065830649,0.007188934169315774,0.007188934169315774,0.9964055329153421,-0.007835257161568462
2024-12-13,0.0006443844050746,0.0099439812500001,0,0.9971329111522569,0.0028670888477979324,0.0028670888477979324,0.998566455576101,-0.0052122891194318205
2024-12-16,-0.0080176676244056,0.009410800255322,0,0.9986607616415776,0.0013392383583895955,0.0013392383583895955,0.9993303808208052,-0.00429019563109812
2024-12-17,-0.0041635062700585,0.0091191679318808,0,0.9984714015126442,0.0015285984874094628,0.0015285984874094628,0.9992357007562953,-0.0036689094237831606
2024-12-18,-0.0238812719928366,0.0101022456812946,0,0.9944436681635666,0.005556331836441939,0.005556331836441939,0.9972218340817791,-0.007186704136305161
2024-12-19,0.0045297319587177,0.010227385935934,0,0.9950290798381557,0.0049709201618259,0.0049709201618259,0.997514539919087,-0.006177665904701681
2024-12-20,0.0158252158014465,0.0100806955700857,0,0.9949642532884077,0.005035746711616628,0.005035746711616628,0.9974821266441917,-0.0031414996254273014
2024-12-23,0.0033977791452027,0.0101827201035375,0,0.9970264326795528,0.0029735673204705046,0.0029735673204705046,0.9985132163397648,-0.0008584102715056407
2024-12-24,0.0055068259235498,0.0103069064255316,0,0.9982170107538492,0.0017829892461812423,0.0017829892461812423,1.0,0.0010756561672160192
2024-12-26,-0.0023562531013495,0.0093328666835009,0,0.9995796069267892,0.0004203930731804213,0.0004203930731804213,1.0,0.0053806599455134396
2024-12-27,-0.0028876198464047,0.0092942914046053,0,0.9998306915462973,0.00016930845368212335,0.00016930845368212335,1.0,0.0038971895844889595
2024-12-30,-0.0042150496321622,0.0092405479270976,0,0.9998857696242143,0.00011423037578675325,0.00011423037578675325,0.9999428848121066,-0.00011086350223278082
2024-12-31,-0.0009243730880559,0.0082766814858435,0,0.9999458688814143,5.413111862722889e-05,5.413111862722889e-05,0.9999729344406865,-0.0009752939488845008
2025-01-02,0.0076335704541154,0.008496345013013,0,0.9999249232563336,7.507674371194119e-05,7.507674371194119e-05,0.999962461628144,-0.000549945042771381
2025-01-03,0.0105642823389983,0.0089609020958138,0,0.9998609542475934,0.00013904575242937818,0.00013904575242937818,1.0,0.002034162045298179
2025-01-06,-0.0112200016088513,0.0091259076828347,0,0.9998445495798564,0.0001554504201274986,0.0001554504201274986,1.0,0.00036768569280885914
2025-01-07,-0.0024957857741951,0.0088160152899762,0,0.9998894031752305,0.00011059682477381929,0.00011059682477381929,1.0,0.0007115384644022791
2025-01-08,-0.0002631259094328,0.0084529932884329,0,0.9996916072306099,0.0003083927694351304,0.0003083927694351304,1.0,0.000843787900126899
2025-01-10,-0.0056732395254139,0.0084012228832609,0,0.9972500331907437,0.0027499668092721514,0.0027499668092721514,0.9986250165953638,-0.0018175740957789607
2025-01-13,-0.0117116983799772,0.0086562740633408,0,0.9731318882327773,0.026868111767228083,0.026868111767228083,0.986565944116386,-0.006272770239574061
2025-01-14,0.013033904952491,0.0092482682514942,0,0.8357504811945523,0.1642495188054366,0.1642495188054366,0.9178752405972816,-0.0014219889273056011
2025-01-15,0.0145605532866845,0.0098680612345541,0,0.44798979076106693,0.552010209238889,0.552010209238889,1.0,0.0019892788848703187
2025-01-16,0.024949854139485,0.0111524246116664,1,0.01985383831866888,0.9801461616813566,0.9801461616813566,1.0,0.0070318748946538775
2025-01-17,0.0013960542624763,0.0110725558068531,1,0.011947816681320058,0.9880521833186803,0.9880521833186803,1.0,0.00844573365223192
2025-01-21,0.0152311880093614,0.0096646679339514,1,0.008148002769788096,0.9918519972302645,0.9918519972302645,1.0,0.013834310930099639
2025-01-22,-0.0218486111713565,0.0112256487919564,1,0.001618299381564332,0.998381700618464,0.998381700618464,1.0,0.006857807705330139
2025-01-23,0.004713102278114,0.0107942191072704,1,0.0012095739818945056,0.9987904260181003,0.9987904260181003,1.0,0.004888317503616039
2025-01-24,0.0101150899004444,0.01094768720511,1,0.00046815385571205505,0.9995318461442533,0.9995318461442533,1.0,0.0019213646558079195
2025-01-27,-0.0234196000052493,0.0123140730036193,1,1.2856742800160536e-05,0.9999871432571564,0.9999871432571564,0.5000064283714218,-0.0030417661977372003
2025-01-28,-0.0138754818457273,0.0127298296437561,1,7.210361762679661e-06,0.9999927896382874,0.9999927896382874,0.5000036051808563,-0.00886310016875494
2025-01-29,0.0020869225283599,0.0127152624925514,1,7.297938783956811e-06,0.9999927020611767,0.9999927020611767,0.5000036489694116,-0.0040759934288116615
2025-01-30,0.0206353333291827,0.0134312845936793,1,7.914935395719808e-08,0.9999999208506583,0.9999999208506583,0.5000000395746709,-0.0008915472185979211
2025-01-31,-0.0058891782426074,0.0135273802457573,1,1.1574802579535073e-06,0.9999988425197321,0.9999988425197321,0.5000005787401339,-0.004092400847208281
2025-02-03,0.0053784808650861,0.0134822396215979,1,7.278544901998381e-07,0.9999992721455249,0.9999992721455249,1.0,0.0016672153268587988
2025-02-04,-0.0088512121371358,0.0134800777913335,1,1.304896727049383e-06,0.9999986951033281,0.9999986951033281,1.0,0.0026720692685770985
2025-02-05,0.0099998896617786,0.0133566296990782,1,6.146411753596179e-07,0.9999993853587809,0.9999993853587809,1.0,0.004254662695260839
2025-02-06,-0.0011486775246426,0.0133393160446852,1,1.7087897414036502e-06,0.9999982912102998,0.9999982912102998,0.5000008543948501,-0.00010213947550422129
2025-02-07,-0.0020456024839108,0.013357454171635,1,1.68668293943211e-06,0.999998313317009,0.999998313317009,1.0,0.0006665756762350986
2025-02-10,0.0108192568674766,0.0134079712675738,1,4.769226133901541e-07,0.9999995230773493,0.9999995230773493,1.0,0.0017547308767131987
2025-02-11,0.0050510763264898,0.0130101716035745,1,2.7793072248765234e-06,0.9999972206927592,0.9999972206927592,1.0,0.0045351885694383184
2025-02-12,-0.0017648572124923,0.0128317487479742,1,1.1252668376289532e-05,0.9999887473315876,0.9999887473315876,1.0,0.0021822391945841386
2025-02-13,0.002268643476265,0.0125040246897647,1,0.0003435666671216687,0.9996564333328923,0.9996564333328923,1.0,0.0028657033947656592
2025-02-14,-0.0041633010725539,0.0112893252532717,1,0.01318671905804863,0.9868132809420007,0.9868132809420007,1.0,0.002442163677037039
2025-02-18,0.0093118908318886,0.0114695165691051,1,0.046164578318316676,0.9538354216816677,0.9538354216816677,1.0,0.002140690469919438
2025-02-19,0.0052466912963943,0.0110085741234363,1,0.28822966696417984,0.71177033303581,0.71177033303581,1.0,0.0021798134639003383
2025-02-20,-0.0001246693635649,0.0097223325962756,0,0.8116044149113859,0.18839558508865728,0.18839558508865728,1.0,0.002507851033685818
2025-02-21,0.0002492254250013,0.0096890348032301,0,0.9533461210131887,0.046653878986843894,0.046653878986843894,1.0,0.0021039674234330785
2025-02-24,-0.0049956606465905,0.0095281726518397,0,0.9905278694455265,0.009472130554460785,0.009472130554460785,1.0,0.0019374955086257583
2025-02-25,-0.0050206438796101,0.0078671995743911,0,0.9991553180412743,0.0008446819587490411,0.0008446819587490411,0.9995776590206255,-0.0009290114336739817
2025-02-26,0.0041438586761025,0.0070435638961866,0,0.9998077064627247,0.00019229353730252301,0.00019229353730252301,0.9999038532313487,-0.0011495779577323417
2025-02-27,-0.022430180561915,0.0089216092742337,0,0.9991083732334342,0.0008916267665182605,0.0008916267665182605,0.9995541866167409,-0.0056106801974023625
2025-02-28,0.0151354221227991,0.0083452704879987,0,0.999091849079383,0.0009081509206196515,0.0009081509206196515,0.9995459245396902,-0.0026334408578428023
2025-03-03,0.0013877220766791,0.0082068466674388,0,0.9974212467091854,0.0025787532907606643,0.0025787532907606643,0.9987106233546197,-0.0013567643131888827
2025-03-04,-0.0163950286998618,0.0089912978311768,0,0.9746405480455693,0.025359451954384275,0.025359451954384275,0.9873202740228079,-0.0036316412772392226
2025-03-05,-0.0070725622723989,0.0089092970511322,0,0.9107505588297442,0.08924944117020553,0.08924944117020553,0.9553752794148973,-0.005874925466939502
2025-03-06,-0.0209958082566755,0.0097228131238263,1,0.4762066723051776,0.5237933276948209,0.5237933276948209,0.7381033361525895,-0.0055880510058916024
2025-03-07,0.0184114317166969,0.010707388334929,1,0.10682798678552186,0.8931720132144582,0.8931720132144582,0.5534139933927709,-0.004932849087112044
2025-03-10,0.0109374931498693,0.0110076228124388,1,0.045360591156543235,0.9546394088434659,0.9546394088434659,0.522680295578267,-0.003022894872474003
2025-03-11,-0.0093859847850873,0.0108889495925362,1,0.028848299830365385,0.9711517001696455,0.9711517001696455,0.5144241499151773,-0.0016210860895191034
2025-03-12,-0.003105224271181,0.0108023828332279,1,0.018021686306666458,0.9819783136932917,0.9819783136932917,0.5090108431533542,-0.0008276184892755233
2025-03-13,0.0024590634195522,0.010836482993328,1,0.007999291629488198,0.9920007083704749,0.9920007083704749,1.0,0.0038633558459700173
2025-03-14,0.0193311507589628,0.0117570425318045,1,0.00016387668348209669,0.99983612331652,0.99983612331652,1.0,0.004047299654423197
2025-03-17,0.0041752180193323,0.0117626871147953,1,8.75273202436019e-05,0.9999124726798004,0.9999124726798004,1.0,0.002694844628315797
2025-03-18,-0.0069687122748961,0.0116517696695673,1,0.00012169783836678087,0.9998783021616139,0.9998783021616139,1.0,0.003178299130354037
2025-03-19,0.0036805140641093,0.011614543517925,1,0.0001089680279434777,0.9998910319720079,0.9998910319720079,1.0,0.0045354467974120976
2025-03-20,0.0040455944106979,0.0116651804037728,1,9.618046895729981e-05,0.9999038195310892,0.9999038195310892,1.0,0.004852752995641236
2025-03-21,-0.0064552802977568,0.0117349923773749,1,0.00010503531947910384,0.9998949646805485,0.9998949646805485,0.5000525176597257,-0.00030453321570268353
2025-03-24,-0.0003199230776738,0.0116967885189524,1,9.752220112400386e-05,0.9999024777988201,0.9999024777988201,0.5000487611005899,-0.0012035614351039036
2025-03-25,-0.0161199698701363,0.0121653945571664,1,2.6569676776526448e-05,0.9999734303232624,0.9999734303232624,0.5000132848383688,-0.003033812954151944
2025-03-26,0.0066084248121295,0.0122354757687888,1,5.8563797885196384e-05,0.9999414362020673,0.9999414362020673,0.5000292818989663,-0.002448230804547904
2025-03-27,-0.0002583585210357,0.0111637803870379,1,0.0012052148420096847,0.9987947851580424,0.9987947851580424,0.5006026074209788,-0.0033090213908946236
2025-03-28,0.0073365365029717,0.0107335353356094,1,0.0030716347980959567,0.9969283652019308,0.9969283652019308,0.5015358173990345,-0.0005506580307489239
2025-03-31,0.0110947622343404,0.0110355220707264,1,0.005468914129834699,0.9945310858701665,0.9945310858701665,1.0,0.0017322790316539164
2025-04-01,0.0025333210023817,0.0103407209289947,1,0.015712180748586373,0.984287819251384,0.984287819251384,1.0,0.005462937206157517
2025-04-02,0.0046696154058452,0.010190722744414,1,0.02092886590046603,0.9790711340995167,0.9790711340995167,1.0,0.005075175324900656
2025-04-03,-0.0063155241108529,0.0089294131998212,1,0.021449764611672816,0.9785502353883353,0.9785502353883353,1.0,0.0038637422069372164
2025-04-04,-0.057232965958663,0.015417223748398,1,2.176573247005395e-11,0.9999999999782858,0.9999999999782858,0.5000000000108571,-0.009050158285389723
2025-04-07,-0.0154140940483202,0.0154275654686685,1,2.736343493793662e-09,0.9999999972636715,0.9999999972636715,0.5000000013681642,-0.014351929541921845
2025-04-08,-0.0040961363301408,0.0153535559664022,1,3.574050189658947e-09,0.9999999964259132,0.9999999964259132,0.5000000017870434,-0.015677821008426344
2025-04-09,0.0386470847034283,0.0178972580744854,1,3.863788683309289e-18,1.0,1.0,0.5,-0.008882327148909725
2025-04-10,-0.0075312752315828,0.0179517137208599,1,1.0023306601552246e-13,0.9999999999998863,0.9999999999998863,0.5000000000000568,-0.009125477373055704
2025-04-11,0.0121277005090591,0.0175924901788315,1,5.0428575017173935e-14,1.0,1.0,1.0,0.004746655920488715
2025-04-14,0.0177916336437488,0.0180720479205064,1,1.4239489336633217e-15,1.0,1.0,1.0,0.011387801458902514
2025-04-15,-0.0001287887490163,0.0180099721259916,1,4.389116047552764e-14,1.0,1.0,1.0,0.012181270975127416
2025-04-16,-0.0090521262204397,0.0180879664101695,1,5.6458338156731727e-14,1.0,1.0,1.0,0.0026414287903538157
2025-04-17,0.010210027122826,0.0182287119446551,1,3.36833821558739e-15,1.0,1.0,1.0,0.006189689261235575
2025-04-21,-0.0239438890990411,0.0189305638089984,1,7.601180027975876e-16,1.0,1.0,0.5,-0.0010246286603844649
2025-04-22,0.0268970254712781,0.0199674334065431,1,3.3544816851258543e-21,1.0,1.0,1.0,0.0007964497051213958
2025-04-23,0.0042218427382792,0.0196240708884836,1,6.392079733939604e-18,1.0,1.0,1.0,0.0016665760025804956
2025-04-24,0.0015307709763477,0.019579238902538,1,1.2077364987095675e-17,1.0,1.0,1.0,0.0037831554419379765
2025-04-25,-0.0030639884348935,0.0195961661065368,1,1.88218693599466e-17,1.0,1.0,1.0,0.0011283523303940758
2025-04-28,0.0061185184925756,0.0195757293698172,1,6.1186567661818925e-18,1.0,1.0,1.0,0.007140833848717417
2025-04-29,0.0077221237878913,0.0194935886014887,1,7.241006122197758e-18,1.0,1.0,1.0,0.003305853512040056
2025-04-30,-0.0050569435053124,0.0195213699589771,1,3.369931160006091e-17,1.0,1.0,1.0,0.0014500962633217358
2025-05-01,0.0029109033106096,0.0195027301263603,1,1.510620439524728e-17,1.0,1.0,1.0,0.0017261227301741157
2025-05-02,0.0078045175645578,0.0195246056497514,1,6.019273399962563e-18,1.0,1.0,1.0,0.0038998239300643755
2025-05-05,-0.0025107635277805,0.0140800527342641,1,2.1743273158032174e-07,0.999999782567239,0.999999782567239,1.0,0.0021739675259931555
2025-05-06,0.0121197166026391,0.0134919483361143,1,3.456401601134099e-07,0.999999654359786,0.999999654359786,1.0,0.003053486088942716
2025-05-07,0.0028523251393274,0.0133439112573582,1,5.7897042841177266e-05,0.9999421029571202,0.9999421029571202,1.0,0.004635339817870675
2025-05-08,-0.0080820432764019,0.0110296575080659,1,0.019962849117588836,0.9800371508824164,0.9800371508824164,1.0,0.0024367505004683756
2025-05-09,0.0017462800260784,0.0107711271586097,1,0.05541708375073791,0.9445829162492784,0.9445829162492784,1.0,0.0012251029927724956
2025-05-12,-0.0059999711501527,0.0107350761993127,1,0.09743243762449147,0.902567562375539,0.902567562375539,1.0,0.0005272614682980554
2025-05-13,-0.0013801865002502,0.0101075876733555,1,0.14197798689920557,0.8580220131008325,0.8580220131008325,0.5709889934495838,-0.0021727191522798043
2025-05-14,-0.0044038346833148,0.0101831078967665,1,0.1581944315610111,0.8418055684389941,0.8418055684389941,0.579097215780503,-0.003623951116808244
2025-05-15,0.0210875089413622,0.0108223236157309,1,0.16030861042213929,0.8396913895778148,0.8396913895778148,1.0,0.0022099593267445763
2025-05-16,0.0145863367058548,0.0110278765599171,1,0.2648951516060581,0.7351048483939712,0.7351048483939712,1.0,0.004777970662699856
2025-05-19,0.0042498296200011,0.0090616837235909,0,0.8900984826344726,0.1099015173655044,0.1099015173655044,1.0,0.006827930816730617
2025-05-20,0.0029037437566187,0.0073138294508305,0,0.9863805320208842,0.013619467979148474,0.013619467979148474,1.0,0.007684716868104397
2025-05-21,-0.0184116935988785,0.0087245803773686,0,0.9916784970577902,0.008321502942179997,0.008321502942179997,1.0,0.004883145084991657
2025-05-22,-0.0143780131173193,0.0094490304436255,0,0.9931508893039432,0.006849110696048561,0.006849110696048561,0.9965754446519757,-0.002209959326744643
2025-05-23,0.011913674815526,0.0096968670907129,0,0.9921263394008217,0.007873660599225191,0.007873660599225191,0.9960631697003874,-0.0027444917048104036
2025-05-27,0.0074971918165949,0.0097340893772811,0,0.9892943957544594,0.01070560424549904,0.01070560424549904,0.9946471978772504,-0.0020950192654916435
2025-05-28,-0.014056998692426,0.0102482436504846,0,0.9804068235961737,0.019593176403826,0.019593176403826,0.990203411798087,-0.005487167755300583
2025-05-29,0.0069298257769659,0.010240064771934,0,0.9710263477043029,0.028973652295746492,0.028973652295746492,0.9855131738521268,-0.00041886388013170315
2025-05-30,0.0101835869718385,0.0104251610760056,0,0.9579940206723627,0.04200597932763234,0.04200597932763234,1.0,0.0044934561376998566
2025-06-02,0.0031688526510782,0.0103341931339854,0,0.9488660366101399,0.05113396338991099,0.05113396338991099,1.0,0.002744491704810297
2025-06-03,0.0026734722864627,0.0102932129853781,0,0.9341350010233584,0.0658649989766916,0.0658649989766916,1.0,0.0017797477987838571
2025-06-04,-0.0176302848251243,0.0108517753777219,0,0.9089526079043392,0.09104739209564837,0.09104739209564837,1.0,0.001065090572244197
2025-06-05,-0.0016069510650641,0.0108417855207526,0,0.904174594418608,0.09582540558137989,0.09582540558137989,0.9520872972093101,-0.0006422647961618027
2025-06-06,0.0044437964105132,0.0107082962310304,0,0.9029663274899223,0.09703367251011295,0.09703367251011295,0.9514831637449435,-0.001790222908426863
2025-06-09,-0.0064252378655886,0.0108206061146385,0,0.9052420514177457,0.09475794858229764,0.09475794858229764,0.9526210257088512,-0.003709041011760223
2025-06-10,0.0023525129924795,0.0107267672378,0,0.9111213052592662,0.08887869474072452,0.08887869474072452,0.9555606526296377,-0.0037732328705568628
2025-06-11,0.0006181788409877,0.010715820919854,0,0.9197378506182762,0.08026214938177344,0.08026214938177344,0.9598689253091133,-0.00012354013733446338
2025-06-12,0.0120393913579137,0.0109255212575772,0,0.9300358083134319,0.06996419168659249,0.06996419168659249,1.0,0.002605728347261097
2025-06-13,-0.0057560249117345,0.0100175241088852,0,0.9757882832420199,0.024211716757978903,0.024211716757978903,1.0,0.0005657640828115569
2025-06-16,-0.0049248512954079,0.0094853215124887,0,0.9943490567427973,0.005650943257244178,0.005650943257244178,1.0,0.0008658413968476971
2025-06-17,-0.0083039072650392,0.0095548906693189,0,0.9983977236806421,0.0016022763193487394,0.0016022763193487394,0.9991988618403256,-0.0012654426546560428
2025-06-18,0.0026101903417238,0.0095482541825975,0,0.99953822300045,0.00046177699949694393,0.00046177699949694393,0.9997691115002516,-0.0008670403545088228
2025-06-20,0.0027271605275942,0.0086921836544247,0,0.9998870119469543,0.00011298805299103575,0.00011298805299103575,0.9999435059735045,-0.0027294865205727227
2025-06-23,0.0125974469985596,0.0084824684471963,0,0.9998960912015681,0.00010390879841344576,0.00010390879841344576,1.0,0.0009412078614860965
2025-06-24,0.0042989103093242,0.0081330021613339,0,0.9999449845557878,5.501544420812614e-05,5.501544420812614e-05,1.0,0.0027859601824325167
2025-06-25,-0.0134495269188826,0.0085460269489969,0,0.9998891885896165,0.00011081141037034241,0.00011081141037034241,1.0,0.0017568362516638368
2025-06-26,0.0082884980134795,0.0081129311064634,0,0.9999419529706989,5.8047029297177425e-05,5.8047029297177425e-05,1.0,0.0028924977860149766
2025-06-27,0.0019693842360221,0.0079886692657676,0,0.9999596350236365,4.0364976402904704e-05,4.0364976402904704e-05,1.0,0.002740942527700557
2025-06-30,0.0040493272111619,0.0077099572700583,0,0.9999634325798873,3.656742012151326e-05,3.656742012151326e-05,1.0,0.0010313185702210165
2025-07-01,0.003422920654626,0.0077153363406948,0,0.9999629001426477,3.709985732773437e-05,3.709985732773437e-05,1.0,0.0008561206392813762
2025-07-02,-0.0087026822460608,0.0079394562978162,0,0.9999454945646423,5.4505435363127453e-05,5.4505435363127453e-05,1.0,0.0018054895738457365
2025-07-03,0.0074815078610507,0.0069955518342716,0,0.9999633373425673,3.6662657428936766e-05,3.6662657428936766e-05,1.0,0.001644091543359976
2025-07-07,0.0020751005808784,0.0069748976430684,0,0.9999663935751901,3.360642485681052e-05,3.360642485681052e-05,1.0,0.0016652348123312357
2025-07-08,-0.0106651427244166,0.007395838415407,0,0.9999397163928326,6.028360714968122e-05,6.028360714968122e-05,0.9999698581964251,-0.0012776591747844638
2025-07-09,0.009322944608921,0.0074783093968767,0,0.9999556839128044,4.431608724068433e-05,4.431608724068433e-05,0.9999778419563796,-9.765438392546379e-05
2025-07-10,0.0081473894652046,0.0076398031342349,0,0.9999581643560042,4.183564400670406e-05,4.183564400670406e-05,1.0,0.0032723599583276163
2025-07-11,-0.0014544354866607,0.0076648725200274,0,0.9999639442168795,3.605578312720744e-05,3.605578312720744e-05,1.0,0.0014851712887853363
2025-07-14,0.003994525046936,0.0072720190286085,0,0.9999659337412473,3.406625872719947e-05,3.406625872719947e-05,1.0,0.0018690561819968564
2025-07-15,-0.0095892258740017,0.0075031414238608,0,0.9999460633579346,5.3936642066276496e-05,5.3936642066276496e-05,1.0,0.002084239552079836
2025-07-16,0.0004877360984922,0.0073864860072381,0,0.9999658472453399,3.415275468798458e-05,3.415275468798458e-05,1.0,0.00031719784999407623
2025-07-17,0.0041363211031102,0.0070823721251779,0,0.9999640548048391,3.59451951620059e-05,3.59451951620059e-05,0.9999820274024189,-0.00048501582242480387
2025-07-18,0.01661488573879,0.0078405560572963,0,0.9999062448243183,9.375517573055841e-05,9.375517573055841e-05,1.0,0.003128848422665336
2025-07-21,0.0032185644236525,0.0078427754972801,0,0.9999569047014697,4.309529853674777e-05,4.309529853674777e-05,1.0,0.0029736562980086363
2025-07-22,0.0121846094604997,0.0078147737349717,0,0.9999391093424693,6.089065751539574e-05,6.089065751539574e-05,1.0,0.007328423364908916
2025-07-23,-0.0075533871346794,0.0080987759014238,0,0.9999450869417557,5.491305821629946e-05,5.491305821629946e-05,1.0,0.005720198718274597
2025-07-24,-0.00130410264016,0.0073211275917197,0,0.9999650970876114,3.490291237377975e-05,3.490291237377975e-05,1.0,0.004632113969620556
2025-07-25,0.0026062321441015,0.0071857586390031,0,0.9999661175975402,3.38824024580261e-05,3.38824024580261e-05,1.0,0.001830383250682856
2025-07-28,-0.0107053081242484,0.0077290285470604,0,0.9999355452864704,6.445471355047912e-05,6.445471355047912e-05,0.9999677726432248,-0.000954391258897324
2025-07-29,0.0114150711476611,0.0080320437746526,0,0.9999346204762322,6.53795237731702e-05,6.53795237731702e-05,0.9999673102381135,-0.0011082989214650442
2025-07-30,0.0074208467855286,0.0081249068136885,0,0.999948399492575,5.1600507447426554e-05,5.1600507447426554e-05,1.0,0.001886547862576556
2025-07-31,0.0053839413474159,0.0077543658358998,0,0.9999603092832853,3.969071672628685e-05,3.969071672628685e-05,1.0,0.0032241566600917358
2025-08-01,0.0015163392489806,0.0076734890238931,0,0.9999567016440625,4.329835591835021e-05,4.329835591835021e-05,1.0,0.0030061780810675563
2025-08-04,0.0175604582167684,0.0083906817483583,0,0.9998372946314792,0.00016270536851856367,0.00016270536851856367,1.0,0.008659331349270915
2025-08-05,-0.0107075549541506,0.0083943581448879,0,0.999900046650665,9.99533492848768e-05,9.99533492848768e-05,1.0,0.0042348061289085755
2025-08-06,-0.0089530140327275,0.0086753159590611,0,0.9999053464609768,9.465353900540628e-05,9.465353900540628e-05,1.0,0.0009600339652573564
2025-08-07,0.0108034213803962,0.0087903781155494,0,0.9998859150366111,0.0001140849634114628,0.0001140849634114628,1.0,0.002043929971853416
2025-08-08,-0.0042842243288039,0.0088772462051784,0,0.9999168906783429,8.310932163083565e-05,8.310932163083565e-05,1.0,0.0008838172562965161
2025-08-11,-0.0031378580885941,0.0089448865747877,0,0.9999214501318338,7.854986821095739e-05,7.854986821095739e-05,0.9999607250658945,-0.003255846004775984
2025-08-12,0.0042975701509021,0.0085395165392781,0,0.9999390585249338,6.094147503625165e-05,6.094147503625165e-05,0.999969529262482,-0.0002548209837654438
2025-08-13,0.0021996918479844,0.0085263266038028,0,0.9999425029217401,5.7497078269757803e-05,5.7497078269757803e-05,1.0,0.0019757201923769362
2025-08-14,-0.0069629650587664,0.0087809237030446,0,0.9999245859242128,7.541407575842683e-05,7.541407575842683e-05,0.9999622929621208,-0.001577557095455584
2025-08-15,-0.0029156359031182,0.0081422712009234,0,0.9999524890387178,4.751096132086824e-05,4.751096132086824e-05,0.9999762445193396,-0.001303839410318444
2025-08-18,-0.0043308604401516,0.0082137679526918,0,0.9999506488539909,4.9351145979421e-05,4.9351145979421e-05,0.9999753244270103,-0.001542439880629944
2025-08-19,0.0096890888321973,0.0080478269604762,0,0.9999448326985481,5.5167301469057504e-05,5.5167301469057504e-05,0.9999724163492655,-0.0004641361443709042
2025-08-20,0.0010449503885142,0.0078155515902476,0,0.9999614653106533,3.853468932193295e-05,3.853468932193295e-05,0.999980732655339,-0.0006950844362649441
2025-08-21,-0.0068704595742354,0.0080000466585294,0,0.9999499202342115,5.007976577884851e-05,5.007976577884851e-05,0.9999749601171106,-0.0006765833393587441
2025-08-22,0.005360726073663,0.0080571276460489,0,0.9999529356369087,4.7064363066519905e-05,4.7064363066519905e-05,1.0,0.0009786890559974957
2025-08-25,-0.0113378891285512,0.008106139449498,0,0.9999273456136184,7.265438643147796e-05,7.265438643147796e-05,0.9999636728067842,-0.0004227166816824238
2025-08-26,0.002231035180707,0.0077280270824672,0,0.9999622137709918,3.778622900325222e-05,3.778622900325222e-05,0.9999811068854983,-0.0019143274119804835
2025-08-27,0.0002344084688547,0.0075494301030885,0,0.9999651431230357,3.485687696533183e-05,3.485687696533183e-05,0.9999825715615174,-0.0020764357959123835
2025-08-28,-0.0076510689585202,0.0076261698163703,0,0.9999525388165232,4.746118348595503e-05,4.746118348595503e-05,0.999976269408257,-0.0022325576727693437
2025-08-29,-0.003669773262683,0.007638199646757,0,0.9999605146552019,3.9485344823390184e-05,3.9485344823390184e-05,0.9999802573275883,-0.0040386575400385444
2025-09-02,-0.0033261452173122,0.006295521507172,0,0.9999557914873961,4.4208512547180677e-05,4.4208512547180677e-05,0.9999778957437264,-0.0024363087577907437
2025-09-03,-0.0025019585810302,0.005950214971653,0,0.9999488821576547,5.111784237636912e-05,5.111784237636912e-05,0.9999744410788118,-0.0033829075101381835
2025-09-04,-0.0011936257946473,0.0056860631457938,0,0.9999365970027874,6.340299723203931e-05,6.340299723203931e-05,0.999968298501384,-0.0036685143628385833
2025-09-05,-0.0031100371888575,0.0049551522492212,0,0.9998675643175912,0.00013243568235646148,0.00013243568235646148,0.9999337821588218,-0.0027603080089060434
2025-09-08,-0.0102354710839753,0.0052795145557487,0,0.9998258933907153,0.00017410660925959283,0.00017410660925959283,0.9999129466953702,-0.004073447573164504
2025-09-09,0.0068753978740967,0.0056393639154495,0,0.9999334068579228,6.659314208301314e-05,6.659314208301314e-05,0.9999667034289585,-0.002033138954882724
2025-09-10,0.0170433785397085,0.0069173240182345,0,0.9999224852200779,7.751477993420332e-05,7.751477993420332e-05,1.0,0.0018759284692650168
2025-09-11,0.0053038600236587,0.0070261881836243,0,0.9999643649300684,3.563506993026622e-05,3.563506993026622e-05,1.0,0.0031754256329262166
2025-09-12,0.0050418553965684,0.0069860999110933,0,0.9999667681884267,3.323181158669479e-05,3.323181158669479e-05,1.0,0.004805804150011396
2025-09-15,0.0023364954950416,0.0069779851934019,0,0.9999603063092419,3.969369078882785e-05,3.969369078882785e-05,1.0,0.007320197465814776
2025-09-16,-0.0183707612421133,0.0080633578019003,0,0.9998340586798011,0.00016594132021152674,0.00016594132021152674,1.0,0.002270965642572777
2025-09-17,0.0024927521237283,0.0077311793035191,0,0.9999558335013526,4.416649866747087e-05,4.416649866747087e-05,0.9999779167506663,-0.0006391596406232636
2025-09-18,0.0007111929361689,0.0077268575828487,0,0.999963788854082,3.6211145902280555e-05,3.6211145902280555e-05,0.9999818944270489,-0.0015576930581212233
2025-09-19,0.0063768023445261,0.0077676972681225,0,0.9999591288236537,4.0871176359524703e-05,4.0871176359524703e-05,0.9999795644118202,-0.0012907036685296837
2025-09-22,0.0096473596824754,0.0079900860233255,0,0.9999474121042529,5.258789569628388e-05,5.258789569628388e-05,1.0,0.0001714691689570766
2025-09-23,0.0051510453509083,0.007617481603297,0,0.9999621273287232,3.7872671243705326e-05,3.7872671243705326e-05,1.0,0.004875830487561397
2025-09-24,0.0070975586817401,0.0077466239599877,0,0.9999563147657085,4.368523430793948e-05,4.368523430793948e-05,1.0,0.005796791799163757
2025-09-25,-0.0096698096950336,0.0081007390844315,0,0.9999244224127077,7.557758731283014e-05,7.557758731283014e-05,1.0,0.0037205912729232566
2025-09-26,0.0161415313247066,0.0085859699867121,0,0.9998426334721713,0.00015736652786057408,0.00015736652786057408,1.0,0.005673537068959357
2025-09-29,0.0028757727094555,0.0084985475311525,0,0.9999357684913251,6.42315086997055e-05,6.42315086997055e-05,1.0,0.004319219674355376
2025-09-30,0.001721502345817,0.008408577549708,0,0.9999465538760904,5.344612394415822e-05,5.344612394415822e-05,1.0,0.0036333110733371165
2025-10-01,0.0095858521838684,0.0084878752849277,0,0.9999253877771334,7.461222284493033e-05,7.461222284493033e-05,1.0,0.004130969773762776
2025-10-02,-0.0018188395532996,0.0085044586119839,0,0.9999400495840338,5.9950415958072545e-05,5.9950415958072545e-05,1.0,0.005701163802109576
2025-10-03,0.011538651428208,0.0086025468762222,0,0.9999041496941654,9.585030579535623e-05,9.585030579535623e-05,1.0,0.004780587822809857
2025-10-06,0.0096260745967623,0.0080639536876244,0,0.9999395532938989,6.044670605569295e-05,6.044670605569295e-05,1.0,0.006130648200271217
2025-10-07,0.0045569226541046,0.0080444286566029,0,0.9999563214768041,4.3678523151518367e-05,4.3678523151518367e-05,1.0,0.006697732261928738
2025-10-08,0.006851667642003,0.0075039758169421,0,0.9999620884714661,3.791152852854865e-05,3.791152852854865e-05,1.0,0.006150895353555658
2025-10-09,-0.002536305029513,0.0076283267612183,0,0.9999629972460264,3.700275391871769e-05,3.700275391871769e-05,1.0,0.006007402258312976
2025-10-10,-0.0040936892177971,0.0078006841181799,0,0.999959111548508,4.0888451547505576e-05,4.0888451547505576e-05,1.0,0.002880934129111957
2025-10-13,0.007620628402667,0.0078658470862816,0,0.9999552699947295,4.4730005326861294e-05,4.4730005326861294e-05,1.0,0.002479844890292897
2025-10-14,0.0088723244416838,0.0060750790890401,0,0.9999543486525235,4.565134752347463e-05,4.565134752347463e-05,1.0,0.0033429252478087367
2025-10-15,0.013001366350741,0.0063289599910587,0,0.9999449006375806,5.509936247558782e-05,5.509936247558782e-05,1.0,0.004572864989556337
2025-10-16,-0.0109314936370697,0.0072311195372469,0,0.9999361103196079,6.388968040641575e-05,6.388968040641575e-05,1.0,0.002893827268044997
2025-10-17,-0.0034884900699928,0.0074357361193055,0,0.9999614557358621,3.8544264119956804e-05,3.8544264119956804e-05,1.0,0.003014867097605857
2025-10-20,-0.000327678606556,0.0073774891806197,0,0.9999648136885351,3.5186311485415746e-05,3.5186311485415746e-05,1.0,0.0014252056957612571
2025-10-21,-0.0102114087873881,0.0079813015862641,0,0.9999374085496016,6.259145041271405e-05,6.259145041271405e-05,0.9999687042747936,-0.002391540950053123
2025-10-22,-0.0023203623281565,0.0079934996999757,0,0.9999578681813714,4.2131818645132817e-05,4.2131818645132817e-05,0.9999789340906775,-0.005455886685832623
2025-10-23,-0.0007745670220974,0.0075231596191806,0,0.9999646157890164,3.5384210997181755e-05,3.5384210997181755e-05,0.9999823078945014,-0.003424501362838163
2025-10-24,0.0116663325680961,0.0071632293454623,0,0.9999537906594983,4.6209340504705965e-05,4.6209340504705965e-05,0.9999768953297477,-0.00039353683522038335
2025-10-27,0.0027318502869576,0.0071629790428186,0,0.9999606472599863,3.935273997167657e-05,3.935273997167657e-05,1.0,0.00021836894348233664
2025-10-28,-0.0166147867665611,0.008351314034255,0,0.9998574511098033,0.00014254889014096004,0.00014254889014096004,0.9999287255549295,-0.0010623066523522628
2025-10-29,-0.0003329147690901,0.0081470503714775,0,0.9999493309321367,5.066906782745408e-05,5.066906782745408e-05,0.9999746654660863,-0.0006648171405389829
2025-10-30,-0.0042264560082328,0.0082107768876544,0,0.9999510537286266,4.894627132026398e-05,4.894627132026398e-05,0.9999755268643399,-0.0013551949377660628
2025-10-31,-0.0069344313865207,0.0080028683003367,0,0.99994974232983,5.02576701464199e-05,5.02576701464199e-05,0.9999748711649268,-0.005075347728689422
2025-11-03,0.0005611075682418,0.0076857762014392,0,0.9999639646076979,3.603539227743528e-05,3.603539227743528e-05,0.9999819823038613,-0.005509496272432583
2025-11-04,-0.003595900608548,0.0076280068168158,0,0.9999622513238602,3.774867609512073e-05,3.774867609512073e-05,0.9999811256619524,-0.002905719040829963
2025-11-05,0.0002250419042971,0.0074213698591618,0,0.9999662676114593,3.3732388515002154e-05,3.3732388515002154e-05,0.9999831338057426,-0.0027941277061525227
2025-11-06,-0.004399085661626,0.0074521612175109,0,0.9999587426681747,4.125733183123689e-05,4.125733183123689e-05,0.9999793713340843,-0.0028286536368311633
2025-11-07,0.0138088318132128,0.0081281216892636,0,0.9999190902237716,8.090977625750575e-05,8.090977625750575e-05,1.0,0.0013199990031155368
2025-11-10,-0.0003344625260435,0.0079127611325162,0,0.9999592316019091,4.076839805072084e-05,4.076839805072084e-05,1.0,0.0011408849842584768
2025-11-11,0.0005574325337311,0.0075965037391985,0,0.9999654966460313,3.4503353991897743e-05,3.4503353991897743e-05,1.0,0.001971551612714297
2025-11-12,0.0023381029166973,0.006896914531081,0,0.9999648603841027,3.5139615910753114e-05,3.5139615910753114e-05,1.0,0.002394163815194337
2025-11-13,-0.0138859415559279,0.0071341803865921,0,0.9999138359962682,8.616400373396062e-05,8.616400373396062e-05,1.0,0.0004967926363339571
2025-11-14,0.0009017317532967,0.0071463077614811,0,0.9999642836185723,3.571638143197912e-05,3.571638143197912e-05,0.999982141809284,-0.002084627375649263
2025-11-17,0.0089726187475305,0.007523251946377,0,0.9999582322298932,4.1767770144865485e-05,4.1767770144865485e-05,0.9999791161149276,-0.00022321112093446303
2025-11-18,-0.0038035540461988,0.0072458352038554,0,0.999961894933575,3.810506640209602e-05,3.810506640209602e-05,0.9999809474667989,-0.001095408436920443
2025-11-19,-0.0084417182632526,0.0074412864886105,0,0.9999501707555405,4.9829244411745644e-05,4.9829244411745644e-05,0.9999750853777941,-0.003251372672910423
2025-11-20,-0.0050994676133529,0.0074946228347346,0,0.9999594060529488,4.05939470558611e-05,4.05939470558611e-05,0.9999797030264721,-0.0014940778843954227
2025-11-21,0.0014758777258269,0.0068889753004552,0,0.9999666654651014,3.333453485457785e-05,3.333453485457785e-05,0.9999833327325727,-0.0013792486898893828
2025-11-24,0.0112804928803571,0.0074292858214163,0,0.9999523983408299,4.76016591975729e-05,4.76016591975729e-05,0.9999761991704013,-0.000917673863324063
2025-11-25,-0.0038211662691527,0.0065465981797578,0,0.9999571487585457,4.2851241444625544e-05,4.2851241444625544e-05,0.9999785743792777,-0.0009211963079148427
2025-11-26,0.0131993094997862,0.0072519367524415,0,0.9999421294862271,5.78705137344435e-05,5.78705137344435e-05,1.0,0.003407009244692917
2025-11-28,0.0070867061585978,0.0073504826040514,0,0.99991898125046,8.101874953586521e-05,8.101874953586521e-05,1.0,0.005844243999083057
2025-12-01,-0.0236697146300823,0.009007646799332,0,0.9993447379201249,0.0006552620798543446,0.0006552620798543446,1.0,0.0008151255279012171
2025-12-02,-0.007143264458507,0.0091313261742115,0,0.9997917026772658,0.0002082973227520536,0.0002082973227520536,0.999895851338624,-0.002869625939871603
2025-12-03,-0.0031913149941843,0.0091250596154173,0,0.999883746683676,0.00011625331637507725,0.00011625331637507725,0.9999418733418124,-0.0027436556848779233
2025-12-04,-0.0020568628575581,0.0091271874068573,0,0.9998908510838053,0.00010914891616535199,0.00010914891616535199,0.9999454255419173,-0.005794890156346782
2025-12-05,-0.0094242903352681,0.0092987109708389,0,0.9998364885611806,0.00016351143880537404,0.00016351143880537404,0.9999182442805974,-0.009097089455119962
2025-12-08,-0.013485358869183,0.0089993420088948,0,0.9998242830920268,0.000175716908016634,0.000175716908016634,0.9999121415459917,-0.007060218302940102
2025-12-09,0.0007019251607926,0.0090149969551485,0,0.9999023582029571,9.764179703492087e-05,9.764179703492087e-05,0.9999511791014826,-0.005491180379080182
2025-12-10,-0.0004679553207854,0.0090003434222068,0,0.999909442734165,9.055726578874394e-05,9.055726578874394e-05,0.9999547213671056,-0.004946508444400402
2025-12-11,0.0072287246063919,0.0092008161680085,0,0.9998726622261502,0.00012733777387141006,0.00012733777387141006,0.9999363311130642,-0.0030893909516104016
2025-12-12,-0.0048911347548979,0.0088101618344586,0,0.999910378863091,8.962113687765922e-05,8.962113687765922e-05,0.9999551894315613,-0.0021827598355363626
2025-12-15,0.0090645662198655,0.0091221669143335,0,0.9998676556009238,0.0001323443991322982,0.0001323443991322982,1.0,0.0023272251822733375
2025-12-16,-0.0041734314649676,0.0088094306164187,0,0.9999160509292702,8.394907072946596e-05,8.394907072946596e-05,1.0,0.0013521538571212974
2025-12-17,-0.0065268737179218,0.0088599767178236,0,0.9999008061378275,9.919386220178285e-05,9.919386220178285e-05,1.0,0.00014037017769401755
2025-12-18,0.0097743602446149,0.0091084775673848,0,0.9998191426415974,0.00018085735838375497,0.00018085735838375497,1.0,0.0006494973053386176
2025-12-19,-0.012819187962415,0.0094396578872286,0,0.9997113533315912,0.00028864666840409324,0.00028864666840409324,0.999855676665798,-0.0009361133361648021
2025-12-22,0.0037036121173307,0.0094907803337281,0,0.9996981967921625,0.0003018032078165448,0.0003018032078165448,0.9998490983960917,-0.002008304156671762
2025-12-23,0.0035256285412142,0.0090919820879827,0,0.9993996048461637,0.000600395153844364,0.000600395153844364,0.9996998024230779,-0.00046849215543540217
2025-12-24,0.0044481506264888,0.0091860870739583,0,0.9970311246209548,0.002968875379021482,0.002968875379021482,1.0,0.0017265127134467179
