Date,DBC_ret,DBC_vol,regime,prob_regime_0,prob_regime_1,p_high_vol,risk_scale,momentum
2024-08-20,-0.0040825673215095,0.0099393072772878,0,1.0,1.5401923650199945e-15,1.0,0.5,
2024-08-21,-0.0050125247461826,0.0099790602202572,0,0.9999545244111874,4.5475588758203405e-05,0.9999545244111874,0.5000227377944063,
2024-08-22,-0.0009139614960435,0.0099470026509894,0,0.9999459552158723,5.404478407374027e-05,0.9999459552158723,0.5000270223920639,
2024-08-23,0.0176753984085487,0.0105707266318175,0,0.9999993281655845,6.718343682513109e-07,0.9999993281655845,0.5000003359172078,
2024-08-26,0.0102793767731659,0.0107511578420392,0,0.9999990177463182,9.822536718037443e-07,0.9999990177463182,1.0,0.0035891443235957997
2024-08-27,-0.0049030465003416,0.010791675237323,0,0.9999981038037974,1.8961962051543295e-06,0.9999981038037974,1.0,0.00342504848782938
2024-08-28,-0.0121377178355454,0.0098026803736822,0,0.9999534313392446,4.656866071597554e-05,0.9999534313392446,1.0,0.00200000986995682
2024-08-29,0.0112437760393095,0.0098122922387526,0,0.9999396144358745,6.0385564146344384e-05,0.9999396144358745,1.0,0.004431557377027421
2024-08-30,-0.0112437760393096,0.0091978702516013,0,0.9997088907982626,0.000291109201751742,0.9997088907982626,0.5001455546008686,-0.0013522775125442397
2024-09-03,-0.0201011106614429,0.0102825146050748,0,0.999996327267732,3.672732264295265e-06,0.999996327267732,0.500001836366134,-0.007428374999465999
2024-09-04,-0.00741089926885,0.0102498785574815,0,0.9999853162835596,1.4683716466227961e-05,0.9999853162835596,0.5000073418582203,-0.00792994555316768
2024-09-05,0.0023217510377831,0.0100248435700678,0,0.9999629843281554,3.7015671856672114e-05,0.9999629843281554,0.5000185078359223,-0.005038051778501979
2024-09-06,-0.0135420087275304,0.0101334595077716,0,0.9999869322239245,1.3067776021186311e-05,0.9999869322239245,0.5000065338880377,-0.009995208731869959
2024-09-09,0.0028168403752042,0.0100332279578009,0,0.9999620601817969,3.7939818179144095e-05,0.9999620601817969,0.5000189699091016,-0.0071830854489672
2024-09-10,-0.0146401346103123,0.0096763565121973,0,0.9999499199281818,5.008007178509586e-05,0.9999499199281818,0.5000250400359091,-0.006090890238741079
2024-09-11,0.0089983010194492,0.0099523486165502,0,0.9999699228502216,3.0077149818725412e-05,0.9999699228502216,0.5000150385748892,-0.0028090501810812394
2024-09-12,0.0191461024202631,0.0110147172741276,0,0.9999999371490296,6.285093670868742e-08,0.9999999371490296,1.0,0.0005558200954147608
2024-09-13,0.00184848408795,0.0108229017355255,0,0.9999985319577125,1.46804227040704e-06,0.9999985319577125,1.0,0.0036339186585108403
2024-09-16,0.0073596701945177,0.0109393678248268,0,0.9999994069027647,5.930972861670947e-07,0.9999994069027647,1.0,0.004542484622373541
2024-09-17,0.0068508484598791,0.011015582267855,0,0.9999995622831469,4.3771683994561504e-07,0.9999995622831469,1.0,0.00884068123641182
2024-09-18,-0.0063926685053294,0.0110696162384462,0,0.9999995438382615,4.561617643769791e-07,0.9999995438382615,1.0,0.005762487331456101
2024-09-19,0.0177076902457165,0.0117169308495192,0,0.9999999977430889,2.2569520276765066e-09,0.9999999977430889,1.0,0.005474804896546781
2024-09-20,0.0,0.0117118883761282,0,0.9999999799122181,2.008779514587177e-08,0.9999999799122181,1.0,0.005105108078956781
2024-09-23,0.0004499337159556,0.0110179132024231,0,0.999999365365144,6.346348728313397e-07,0.999999365365144,1.0,0.0037231607832443614
2024-09-24,0.0165070884340125,0.011406860445104,0,0.9999999849238749,1.507612060130875e-08,0.9999999849238749,1.0,0.00565440877807104
2024-09-25,-0.0084425225941874,0.0115178345038857,0,0.9999999547959543,4.52040125617171e-08,0.9999999547959543,1.0,0.005244437960299442
2024-09-26,-0.0089647293105031,0.0113616701824476,0,0.9999999046808671,9.531912707132592e-08,0.9999999046808671,0.5000000476595665,-9.004595094447877e-05
2024-09-27,0.0049404829748765,0.0111249061060659,0,0.9999996915697031,3.08430273710113e-07,0.9999996915697031,1.0,0.0008980506440308212
2024-09-30,-0.0022426063154466,0.010828020941508,0,0.9999984607708734,1.539229134997146e-06,0.9999984607708734,1.0,0.0003595426377503813
2024-10-01,0.0173607573339092,0.0103309306960104,0,0.9999982446399317,1.755360082197785e-06,0.9999982446399317,1.0,0.0005302764177297214
2024-10-02,0.0083499492193057,0.0101561674179446,0,0.9999860569890895,1.3943010886123361e-05,0.9999860569890895,1.0,0.003888770780428341
2024-10-03,0.0143386710494434,0.0104633986342823,0,0.999997610372033,2.389627958970406e-06,0.999997610372033,1.0,0.00854945085241764
2024-10-04,0.0025851258387731,0.0096617063693883,0,0.9998770551687608,0.00012294483125348143,0.9998770551687608,1.0,0.008078379425196961
2024-10-07,0.0136753878076569,0.0098692158403345,0,0.9999757752959766,2.422470406222538e-05,0.9999757752959766,1.0,0.011261978249817662
2024-10-08,-0.0236214632024258,0.0109533469089136,0,0.9999999355803787,6.441961350906649e-08,0.9999999355803787,1.0,0.0030655341425506618
2024-10-09,-0.0087299454244,0.0112844287762085,0,0.9999998584003251,1.4159970012537088e-07,0.9999998584003251,0.5000000707998374,-0.0003504447861904788
2024-10-10,0.0195362167163831,0.0113129503907121,0,0.9999999876021094,1.239791629462762e-08,0.9999999876021094,1.0,0.0006890643471974614
2024-10-11,0.0008595458056147,0.0113234220876846,0,0.9999998546285375,1.4537141524714363e-07,0.9999998546285375,1.0,0.00034394834056578137
2024-10-14,-0.015584741759201,0.0120613937145069,0,0.9999999988939408,1.1060046203084122e-09,0.9999999988939408,0.5000000005530296,-0.0055080775728057986
2024-10-15,-0.0193839830671373,0.0129523201126476,0,0.9999999999974989,2.506563507233787e-12,0.9999999999974989,0.5000000000012506,-0.004660581545748098
2024-10-16,-0.0026726404288158,0.0128647568446817,0,0.9999999999789679,2.1026138782461123e-11,0.9999999999789679,0.500000000010516,-0.0034491205466312585
2024-10-17,0.0013372593438294,0.0122753943950658,0,0.9999999992140829,7.858701311753078e-10,0.9999999992140829,0.5000000003929586,-0.007088912021141999
2024-10-18,-0.0053595215325903,0.0123455259564655,0,0.9999999994689688,5.31065573511705e-10,0.9999999994689688,0.5000000002655156,-0.008332725488783
2024-10-21,0.0031299159694836,0.012362378377724,0,0.9999999995759481,4.240181161364125e-10,0.9999999995759481,0.500000000212026,-0.004589793943046079
2024-10-22,0.0172608665372264,0.0124151657536805,0,0.9999999999579359,4.205272032454474e-11,0.9999999999579359,1.0,0.002739175977826661
2024-10-23,-0.0057206428731461,0.0123275276991801,0,0.9999999994156497,5.842995929789492e-10,0.9999999994156497,1.0,0.002129575488960601
2024-10-24,-0.0004413938381305,0.0121268107312225,0,0.9999999980062739,1.9937405265093457e-09,0.9999999980062739,1.0,0.001773844852568621
2024-10-25,0.0070391191264838,0.0121718720160685,0,0.9999999990403694,9.59625354466937e-10,0.9999999990403694,1.0,0.004253572984383442
2024-10-28,-0.0271066047357308,0.0137031634205873,0,1.0,2.320693114607557e-15,1.0,0.5,-0.0017937311566594387
2024-10-29,-0.0018034803594618,0.0130690819891226,0,0.9999999999946567,5.320173808887195e-12,0.9999999999946567,0.5000000000026716,-0.005606600535997078
2024-10-30,0.0125562181071894,0.0132618461077145,0,0.9999999999996589,3.752935752717685e-13,0.9999999999996589,0.5000000000001705,-0.0019512283399299786
2024-10-31,0.0066621936569708,0.0129036847111076,0,0.9999999999899956,9.989194950292478e-12,0.9999999999899956,0.5000000000050022,-0.000530510840909718
2024-11-01,-0.0106809563575554,0.0130343546921452,0,0.9999999999952252,4.774496991805087e-12,0.9999999999952252,0.5000000000023874,-0.004074525937717558
2024-11-04,0.0168593094463692,0.0132528837822532,0,0.9999999999997726,1.723958636540932e-13,0.9999999999997726,1.0,0.004718656898702442
2024-11-05,0.006140415314947,0.0123102920537216,0,0.9999999995408189,4.592306146826201e-10,0.9999999995408189,1.0,0.006307436033584202
2024-11-06,-0.0109915658900592,0.012401801890793,0,0.9999999997361328,2.6381869698147874e-10,0.9999999997361328,1.0,0.001597879234134482
2024-11-07,0.0101166947482829,0.0117667183644661,0,0.9999999933543222,6.645686699055692e-09,0.9999999933543222,1.0,0.0022887794523969015
2024-11-08,-0.0154358295390744,0.0121956138108278,0,0.999999999476131,5.23907746060683e-10,0.999999999476131,1.0,0.001337804816093102
2024-11-11,-0.0161294877395909,0.012228809448411,0,0.9999999996106226,3.8941587041273355e-10,0.9999999996106226,0.5000000001946887,-0.005259954621098918
2024-11-12,-0.0054346748344869,0.0115478359900013,0,0.9999999543051682,4.569488106232611e-08,0.9999999543051682,0.500000022847416,-0.007574972650985698
2024-11-13,-0.0031840151048178,0.0115522210621223,0,0.9999999526844487,4.731560175721218e-08,0.9999999526844487,0.5000000236577756,-0.006013462493937418
2024-11-14,-0.0009116514285751,0.0115386029454422,0,0.999999949188124,5.081192795960937e-08,0.999999949188124,0.500000025405938,-0.008219131729309017
2024-11-15,-0.0050285650116436,0.0115325167718231,0,0.9999999498279534,5.017201185754602e-08,0.9999999498279534,0.5000000250860233,-0.006137678823822858
2024-11-18,0.0226561234204203,0.0126834609407353,0,0.9999999999980673,1.9717190739862904e-12,0.9999999999980673,1.0,0.0016194434081793821
2024-11-19,0.0031313163280004,0.0120380174441388,0,0.9999999971187208,2.88126758022429e-09,0.9999999971187208,1.0,0.003332641640676842
2024-11-20,-0.0004467177799075,0.0119841678330134,0,0.9999999954831083,4.516841817105675e-09,0.9999999954831083,1.0,0.003880101105658902
2024-11-21,0.0071239240501993,0.012108903717717,0,0.9999999986238208,1.3761328768843782e-09,0.9999999986238208,1.0,0.005487216201413783
2024-11-22,0.0008868061126937,0.0119917406325974,0,0.9999999958195076,4.18046326405034e-09,0.9999999958195076,1.0,0.006670290426281242
2024-11-25,-0.014285916848537,0.0107787925861915,0,0.9999992150222522,7.849777001808762e-07,0.9999992150222522,0.5000003924888738,-0.0007181176275102182
2024-11-26,0.0,0.0107696581641087,0,0.9999980051979379,1.9948020911129565e-06,0.9999980051979379,0.5000009974010311,-0.001344380893110298
2024-11-27,-0.0054102655413299,0.0104268688213898,0,0.999991836506308,8.163493662330794e-06,0.999991836506308,0.5000040817468461,-0.002337090445394778
2024-11-29,0.0009036366379839,0.0102909644177527,0,0.9999690815842988,3.09184156986874e-05,0.9999690815842988,0.5000154592078506,-0.0035811479278378584
2024-12-02,-0.0072529109615078,0.0101489098516678,0,0.9994879103428739,0.000512089657178646,0.9994879103428739,0.5002560448285631,-0.0052090913426781574
2024-12-03,0.0113098084982065,0.0097058817429616,0,0.9897675094903131,0.010232490509659032,0.9897675094903131,0.5051162452548434,-8.994627332945814e-05
2024-12-04,-0.0054127997832541,0.0095946828955915,0,0.9059931220556021,0.09400687794444267,0.9059931220556021,0.5470034389721989,-0.0011725062299802781
2024-12-05,-0.0013577432139118,0.0093416098885496,0,0.6651801650373651,0.3348198349626217,0.6651801650373651,0.6674099174813175,-0.00036200176449665807
2024-12-06,-0.0077290844151117,0.0090507226306159,1,0.36939856898140344,0.6306014310185605,0.36939856898140344,0.8153007155092983,-0.002088545975115778
2024-12-09,0.0095390932375951,0.0088343019377199,1,0.14982148788975305,0.8501785121101921,0.14982148788975305,1.0,0.001269854864704802
2024-12-10,0.0022577965787715,0.0080857407736172,1,0.016896955453359164,0.9831030445465951,0.016896955453359164,0.9915515222733204,-0.0005405475191821979
2024-12-11,0.0125505900175985,0.0084341957855447,1,0.005488757604807875,0.9945112423951638,0.005488757604807875,1.0,0.003052130440988322
2024-12-12,-0.004016876165632,0.0084577926598989,1,0.0009842846624935132,0.9990157153374819,0.0009842846624935132,1.0,0.0025203038506442822
2024-12-13,-0.0004474101336289,0.008453121557555,1,0.00022622727843184265,0.9997737727215524,0.00022622727843184265,1.0,0.003976638706940842
2024-12-16,-0.0053835661224265,0.0084666948121003,1,0.00011180575012052959,0.9998881942499329,0.00011180575012052959,1.0,0.000992106834936522
2024-12-17,-0.0067705429971659,0.0069055183661141,1,2.2338576085637783e-05,0.999977661423908,2.2338576085637783e-05,0.9999888307119571,-0.0008135610802509581
2024-12-18,-0.0090992299269893,0.0071019891544017,1,2.365896257187558e-05,0.999976341037476,2.365896257187558e-05,0.9999881705187141,-0.005143525069168518
2024-12-19,0.0,0.0071050260754308,1,1.4806710227692525e-05,0.9999851932897436,1.4806710227692525e-05,0.9999925966448862,-0.004340149836042117
2024-12-20,0.0063782005529699,0.0070612542465921,1,1.7476323732678228e-05,0.9999825236762121,1.7476323732678228e-05,0.9999912618381337,-0.002975027698722358
2024-12-23,0.0007650662919139,0.0070594428500082,1,1.4312733219206377e-05,0.9999856872667542,1.4312733219206377e-05,0.9999928436333905,-0.0017453012158542777
2024-12-24,0.0057197436561034,0.0064987174756061,1,1.589551782479828e-05,0.9999841044821386,1.589551782479828e-05,1.0,0.0007527561147995824
2024-12-26,-0.0028558763726592,0.0065260383089819,1,1.4528188626878049e-05,0.9999854718113621,1.4528188626878049e-05,1.0,0.002001426825665602
2024-12-27,0.0047551481656571,0.0065041881595061,1,1.5299337062431325e-05,0.9999847006629875,1.5299337062431325e-05,1.0,0.0029524564587970225
2024-12-30,0.0089729755410866,0.0067944159604348,1,2.024942171630353e-05,0.9999797505783358,2.024942171630353e-05,1.0,0.0034714114564203626
2024-12-31,0.0051581950089664,0.0066039109711852,1,1.5644445555542136e-05,0.9999843555544234,1.5644445555542136e-05,1.0,0.004350037199830863
2025-01-02,0.0097743768150012,0.0064883141895837,1,2.2243315577414905e-05,0.9999777566844196,2.2243315577414905e-05,1.0,0.005160963831610422
2025-01-03,-0.0051079858968542,0.0064724507514068,1,1.668425210654355e-05,0.9999833157478716,1.668425210654355e-05,1.0,0.004710541926771423
2025-01-06,0.0018604946556233,0.006446642633042,1,1.4322401324710453e-05,0.9999856775986229,1.4322401324710453e-05,1.0,0.004131611224764662
2025-01-07,0.0046361033593835,0.0061180840381557,1,2.2246410334058568e-05,0.9999777535897053,2.2246410334058568e-05,1.0,0.0032642367884240424
2025-01-08,-0.0018518812003688,0.0058991658826035,1,0.00012814875117960774,0.9998718512488655,0.00012814875117960774,1.0,0.0018622215465570024
2025-01-10,0.0265219093875543,0.0081558826072208,1,0.00236663421654248,0.9976333657834935,0.00236663421654248,1.0,0.005211728061067623
2025-01-13,0.0071942105817754,0.0078949417736108,1,0.00024488761341058806,0.9997551123866136,0.00024488761341058806,1.0,0.007672167356793542
2025-01-14,-0.0004481139839456,0.0077839644336924,1,5.6940389343926233e-05,0.9999430596106916,5.6940389343926233e-05,1.0,0.007210445628879762
2025-01-15,0.0160075301782273,0.0083092063998703,1,0.00026465223630997515,0.9997353477637129,0.00026465223630997515,1.0,0.009484730992648523
2025-01-16,-0.0044208988900068,0.0082588233594019,1,8.437212320749336e-05,0.9999156278768098,8.437212320749336e-05,1.0,0.008970927454720922
2025-01-17,-0.0044405300565199,0.0081237354840783,1,5.0020702586270486e-05,0.9999499792973654,5.0020702586270486e-05,1.0,0.002778439565906082
2025-01-21,-0.0049073603324601,0.0078310194803856,1,3.245977845028011e-05,0.9999675402215241,3.245977845028011e-05,1.0,0.00035812538305898204
2025-01-22,-0.0008949126646071,0.0078557045965001,1,2.9309894421383566e-05,0.9999706901055906,2.9309894421383566e-05,1.0,0.000268765646926682
2025-01-23,-0.0035874152047638,0.0079878798032387,1,4.177647421495404e-05,0.9999582235258241,4.177647421495404e-05,0.9999791117628924,-0.003650223429671538
2025-01-24,0.0004491202693284,0.0079931397826841,1,0.0001106321329901823,0.9998893678669815,0.0001106321329901823,0.9999446839335049,-0.0026762195978044983
2025-01-27,-0.0153849353100037,0.0089666150948206,1,0.0010621078430908455,0.9989378921569143,0.0010621078430908455,0.9994689460784546,-0.004865100648501259
2025-01-28,0.0009116361929885,0.0088969540011184,1,0.0006457879924344129,0.9993542120075437,0.0006457879924344129,0.9996771060037828,-0.003701301343411538
2025-01-29,0.001820603613556,0.0088778140444529,1,0.0004386494127364002,0.9995613505872399,0.0004386494127364002,0.9997806752936318,-0.0031581980877789183
2025-01-30,0.0009090603394649,0.0087317854007754,1,0.00027111380805217434,0.9997288861919423,0.00027111380805217434,0.9998644430959739,-0.002258902978933178
2025-01-31,-0.0018190375595439,0.0087261460251396,1,0.0002254368818701395,0.9997745631181015,0.0002254368818701395,0.9998872815590649,-0.0027125345447076383
2025-02-03,0.0077080496388927,0.008633026903548,1,0.00022553349688615178,0.9997744665031237,0.00022553349688615178,1.0,0.0019060624450716417
2025-02-04,0.0027064482399043,0.0085056522234593,1,0.0001450767460032184,0.9998549232539963,0.0001450767460032184,1.0,0.0022650248544548016
2025-02-05,-0.0063263289980299,0.0086899157934292,1,0.00019316801672257522,0.9998068319833155,0.00019316801672257522,1.0,0.0006356383321376218
2025-02-06,0.0004531911767831,0.0086541191975501,1,0.00015787019250710832,0.9998421298074665,0.00015787019250710832,1.0,0.0005444644996012618
2025-02-07,0.0004529858875723,0.008629032416413,1,0.00012773317492771654,0.9998722668251048,0.00012773317492771654,1.0,0.0009988691890245017
2025-02-10,0.0143887846487023,0.0070292613926059,1,5.377891360090867e-05,0.9999462210864023,5.377891360090867e-05,1.0,0.002335016190986422
2025-02-11,0.0075606401187357,0.0070479746148229,1,2.1801964334354578e-05,0.9999781980356528,2.1801964334354578e-05,1.0,0.0033058545667527016
2025-02-12,-0.0111385173042747,0.0075179225396359,1,3.7812818231663126e-05,0.9999621871817824,3.7812818231663126e-05,1.0,0.0023434169055037415
2025-02-13,0.0049163096674835,0.0066338024332607,1,1.5756441315809034e-05,0.9999842435587305,1.5756441315809034e-05,1.0,0.0032360406036438206
2025-02-14,0.0004457170810847,0.0065726269287174,1,1.4668910538184536e-05,0.9999853310894613,1.4668910538184536e-05,1.0,0.0032345868423463014
2025-02-18,0.0145987433955098,0.0072803534953659,1,5.1445930589232185e-05,0.9999485540693783,5.1445930589232185e-05,1.0,0.003276578591707801
2025-02-19,0.0078741358854529,0.0073264735202694,1,2.4854422812175082e-05,0.9999751455771848,2.4854422812175082e-05,1.0,0.003339277745051241
2025-02-20,0.0013062918395759,0.0073082414070149,1,1.979772240912198e-05,0.9999802022775652,1.979772240912198e-05,1.0,0.005828239573821361
2025-02-21,-0.0140230627087158,0.0080216977163678,1,0.00010073387568125083,0.9998992661243568,0.00010073387568125083,1.0,0.0020403650985815007
2025-02-24,-0.0035366648967304,0.0080825205626524,1,4.853918290492711e-05,0.9999514608171425,4.853918290492711e-05,1.0,0.001243888703018481
2025-02-25,-0.0111334687047205,0.0076835179979232,1,4.96192783408896e-05,0.9999503807216193,4.96192783408896e-05,0.9999751903608296,-0.0039025537170275792
2025-02-26,-0.0085452053283335,0.0079687023282634,1,5.051218545725322e-05,0.9999494878145366,5.051218545725322e-05,0.9999747439072714,-0.0071864219597848585
2025-02-27,0.0013541397274321,0.0079651027240885,1,3.69742452967571e-05,0.9999630257546749,3.69742452967571e-05,0.9999815128773516,-0.007176852382213619
2025-02-28,-0.0076975786776792,0.0081665340727084,1,6.413187150709697e-05,0.9999358681284872,6.413187150709697e-05,0.9999679340642464,-0.0059117555760062985
2025-03-03,-0.006383935190049,0.0082823517877589,1,7.030942051110525e-05,0.9999296905794366,7.030942051110525e-05,0.9999648452897445,-0.006481209634670018
2025-03-04,0.0031970619149378,0.0081139100367562,1,4.7813816038453124e-05,0.9999521861839142,4.7813816038453124e-05,0.9999760930919808,-0.0036151035107383584
2025-03-05,-0.0027397253980056,0.0080928265991136,1,4.3354044312004815e-05,0.9999566459557274,4.3354044312004815e-05,0.9999783229778441,-0.0024540075246727786
2025-03-06,-0.0050424234723255,0.0080512405693703,1,4.906664786241649e-05,0.9999509333521021,4.906664786241649e-05,0.9999754666760687,-0.0037333201646242986
2025-03-07,0.0086937850633198,0.0083189437142554,1,0.00010138500320754586,0.9998986149968481,0.00010138500320754586,0.9999493074983963,-0.0004550474164244988
2025-03-10,-0.0063986137101262,0.0084278548916682,1,9.35618547610975e-05,0.99990643814523,9.35618547610975e-05,0.9999532190726195,-0.00045798312043993875
2025-03-11,0.0054869775171376,0.0078058726155664,1,3.545966457304824e-05,0.9999645403354612,3.545966457304824e-05,1.0,2.1163626406917045e-17
2025-03-12,0.0,0.0075451176996225,1,2.015012067576149e-05,0.9999798498792815,2.015012067576149e-05,1.0,0.0005479450796011412
2025-03-13,-0.0036546076842616,0.0072171747084876,1,1.6806398149599412e-05,0.9999831936018228,1.6806398149599412e-05,1.0,0.0008255082372139212
2025-03-14,0.0054768702707273,0.0072426655913664,1,1.8482797852192232e-05,0.9999815172021104,1.8482797852192232e-05,1.0,0.00018212527869542126
2025-03-17,0.0068044185763663,0.0074477969548086,1,2.2971991060602936e-05,0.9999770280089637,2.2971991060602936e-05,1.0,0.0028227317359939214
2025-03-18,-0.0022630585188161,0.0065191525295754,1,1.4549153998297044e-05,0.9999854508459951,1.4549153998297044e-05,1.0,0.0012727245288031812
2025-03-19,0.0063233828865564,0.0064093204490859,1,1.6885392500813886e-05,0.9999831146075132,1.6885392500813886e-05,1.0,0.0025374011061144613
2025-03-20,0.0017993988324773,0.0064221813089357,1,1.4569500591114036e-05,0.9999854304994169,1.4569500591114036e-05,1.0,0.003628202409462241
2025-03-21,-0.0058597232002176,0.0058235233070323,1,2.6728774092457844e-05,0.9999732712259561,2.6728774092457844e-05,1.0,0.0013608837152732614
2025-03-24,0.0036100793024305,0.0058918460054076,1,2.1911577668805075e-05,0.9999780884223365,2.1911577668805075e-05,1.0,0.0007220158604861013
2025-03-25,0.0013503935551978,0.0053843248469422,1,4.082608939664993e-05,0.9999591739105801,4.082608939664993e-05,1.0,0.0014447062752888813
2025-03-26,-0.0013503935551978,0.0050276717589425,1,8.633998713831026e-05,0.999913660012855,8.633998713831026e-05,0.9999568300064308,-9.004901306195866e-05
2025-03-27,0.0026990545754127,0.0050537581126254,1,0.00015099947645152027,0.9998490005235975,0.00015099947645152027,1.0,8.988213552512132e-05
2025-03-28,-0.0031495913008877,0.0047741595774266,1,0.0006169369139120271,0.9993830630860843,0.0006169369139120271,1.0,0.0006319085153911014
2025-03-31,0.013873545216521,0.0053648055300615,1,0.0020956235367060633,0.9979043764633191,0.0020956235367060633,1.0,0.0026846016982092014
2025-04-01,0.0004443307214695,0.0053527291977846,1,0.009331759043913855,0.9906682409560809,0.009331759043913855,1.0,0.0025033891314635414
2025-04-02,0.0062001626723716,0.0053704138646438,1,0.09560308718301445,0.9043969128169588,0.09560308718301445,1.0,0.004013500376977421
2025-04-03,-0.0410059205080974,0.010919337790105,0,0.9999995743000678,4.2569992136488426e-07,0.9999995743000678,0.5000002128499661,-0.0047274946397245984
2025-04-04,-0.0370151865831892,0.0134776236971748,0,1.0,4.810298528612417e-16,1.0,0.5,-0.011500613696184898
2025-04-07,-0.0158772007761233,0.0137911762880186,0,1.0,1.1990204669215082e-14,1.0,0.5,-0.017450762894713756
2025-04-08,-0.0225610476218474,0.014319520061743,0,1.0,6.004564938516671e-17,1.0,0.5,-0.022051838563377134
2025-04-09,0.0355700858788554,0.016854226846297,0,1.0,1.9269619674130853e-30,1.0,0.5,-0.016177853922080376
2025-04-10,-0.0125243016897911,0.0170041934089341,0,1.0,2.168161095409727e-27,1.0,0.5,-0.010481530158419117
2025-04-11,0.0144372923849651,0.017350285844881,0,1.0,7.803224194089339e-30,1.0,0.5,-0.00019103436478825725
2025-04-14,0.0004776528801313,0.0172304220047983,0,1.0,2.081235131414093e-28,1.0,1.0,0.0030799363664626624
2025-04-15,-0.002390643575305,0.0172302593393779,0,1.0,2.3608665847972377e-28,1.0,1.0,0.007114017175771143
2025-04-16,0.012369288603052,0.0174494198445653,0,1.0,3.783756323454447e-30,1.0,1.0,0.002473857720610463
2025-04-17,0.0103482786916995,0.0176622762213912,0,1.0,4.517516170611916e-31,1.0,1.0,0.007048373796908583
2025-04-21,-0.0084587823857518,0.0177015501999567,0,1.0,1.001802681955633e-30,1.0,1.0,0.0024691588427652035
2025-04-22,0.0047081336329038,0.0177220391126431,0,1.0,4.911755750082436e-31,1.0,1.0,0.0033152549933197035
2025-04-23,-0.0075436719514112,0.0177426707811911,0,1.0,6.3556963786363165e-31,1.0,1.0,0.002284649318098463
2025-04-24,0.0089517449122714,0.0179275305319948,0,1.0,2.3803435406862383e-32,1.0,1.0,0.0016011405799423433
2025-04-25,0.0014061854227982,0.0179119341515155,0,1.0,6.864349850482166e-32,1.0,0.5,-0.00018727807383791677
2025-04-28,-0.0056364591748107,0.0179283232824439,0,1.0,7.172971606196318e-32,1.0,1.0,0.0003771865683503033
2025-04-29,-0.0127994523275986,0.0176588782707773,0,1.0,1.2633952033310504e-30,1.0,0.5,-0.0031243306237501768
2025-04-30,-0.0187821882547328,0.0179511893597204,0,1.0,1.9561504918364416e-32,1.0,0.5,-0.0053720338844144965
2025-05-01,0.0048496980359214,0.0179112930469762,0,1.0,5.029917955696452e-32,1.0,0.5,-0.006192443259684497
2025-05-02,0.0043447285733802,0.0158028692838294,0,1.0,5.347714534037877e-22,1.0,0.5,-0.005604734629568096
2025-05-05,-0.0057971127150532,0.0135794600123871,0,0.9999999999998863,1.3790924919582632e-13,0.9999999999998863,0.5000000000000568,-0.005636865337616597
2025-05-06,0.014907771456447,0.0135185971378035,0,1.0,3.774931431173934e-14,1.0,0.5,-9.54205808074763e-05
2025-05-07,-0.0124882065082885,0.0127695884128313,0,0.9999999999770353,2.3021240758057704e-11,0.9999999999770353,1.0,0.0011633757684813833
2025-05-08,0.0129653094123259,0.0103470420609839,0,0.9999961598603996,3.840139557382782e-06,0.9999961598603996,1.0,0.002786498043762284
2025-05-09,0.0076046243259378,0.0100214090405372,0,0.9999689496437841,3.1050356221214075e-05,0.9999689496437841,1.0,0.0034384771942738033
2025-05-12,0.0066069703664812,0.0096209096316726,0,0.9998890372319228,0.00011096276810593373,0.9998890372319228,1.0,0.005919293810580683
2025-05-13,0.0154028122523186,0.0101597965948809,0,0.9999935927886043,6.40721140915334e-06,0.9999935927886043,1.0,0.006018301969755004
2025-05-14,-0.0051079858968542,0.0102328718700236,0,0.9999829438428902,1.705615705591794e-05,0.9999829438428902,1.0,0.007494346092041864
2025-05-15,-0.0098245859271134,0.0101831391492269,0,0.9999831201592025,1.6879840791507068e-05,0.9999831201592025,1.0,0.002936367024154003
2025-05-16,-0.0037683156349229,0.0099349634025406,0,0.9999368554954066,6.31445045521973e-05,0.9999368554954066,1.0,0.0006617790319818633
2025-05-19,-0.0014167175383559,0.0097583965007843,0,0.9998932526905553,0.00010674730940048397,0.9998932526905553,0.5000533736547224,-0.0009429585489855567
2025-05-20,0.0126791455393741,0.0101199291865195,0,0.999987189051787,1.2810948158038327e-05,0.999987189051787,0.5000064054741065,-0.0014876918915744566
2025-05-21,-0.0014008402543629,0.009960418568642,0,0.9999428290775115,5.7170922459016246e-05,0.9999428290775115,0.5000285854612443,-0.0007462627630761967
2025-05-22,-0.0051534541137514,0.0098391668789351,0,0.9999153587175474,8.464128245933417e-05,0.9999153587175474,1.0,0.00018796359959620345
2025-05-23,0.0056206189384001,0.0099172742511066,0,0.9999208925805028,7.910741951699845e-05,0.9999208925805028,1.0,0.002065750514260803
2025-05-27,-0.0089140392824111,0.0100440276775107,0,0.999729952954122,0.0002700470459192587,0.999729952954122,1.0,0.0005662861654497635
2025-05-28,-0.0033042095948406,0.009623979430736,0,0.996324487050849,0.003675512949169822,0.996324487050849,0.5018377564745755,-0.0026303848613931763
2025-05-29,-0.0052144353932139,0.0086230126463937,0,0.9868612964206978,0.013138703579351443,0.9868612964206978,0.5065693517896511,-0.0033931038891633764
2025-05-30,-0.0076337440500528,0.0087897535099476,0,0.9871590136745284,0.012840986325454348,0.9871590136745284,0.5064204931627359,-0.0038891618764236567
2025-06-02,0.0208538823429784,0.0098772138066776,0,0.9933051592179037,0.006694840782046417,0.9933051592179037,0.5033474203910482,-0.0008425091955079969
2025-06-03,0.0065451020529774,0.0097936369134268,0,0.9566434504682474,0.0433565495317914,0.9566434504682474,1.0,0.0022493190715697033
2025-06-04,-0.0037347980028522,0.0093733997886375,0,0.7079477483086074,0.2920522516914147,0.7079477483086074,1.0,0.0021632013899673835
2025-06-05,0.004666390918147,0.0088424946358443,1,0.3592157728751399,0.640784227124875,0.3592157728751399,1.0,0.004139366652239563
2025-06-06,0.0078831934987958,0.0085759829283384,1,0.2186406289316026,0.7813593710684408,0.2186406289316026,1.0,0.007242754162009283
2025-06-09,0.0009233300025867,0.0084599143886416,1,0.17912361735251775,0.8208763826474353,0.17912361735251775,1.0,0.003256643693930944
2025-06-10,-0.0023099254863756,0.0083994513164931,1,0.1814343507903022,0.8185656492097255,0.1814343507903022,1.0,0.0014856381860603434
2025-06-11,0.0160589853606751,0.0084603904202843,1,0.24207361300066157,0.7579263869992999,0.24207361300066157,1.0,0.005444394858765803
2025-06-12,0.0,0.0083466905231795,1,0.32703674138032085,0.6729632586196983,0.32703674138032085,1.0,0.004511116675136403
2025-06-13,0.0304819997636839,0.0102190805388812,0,0.9998845036260348,0.0001154963739326404,0.9998845036260348,1.0,0.009030877928114023
2025-06-16,-0.0022098711243531,0.0101694271020893,0,0.999971964140965,2.803585903375744e-05,0.999971964140965,1.0,0.008404237702726063
2025-06-17,0.0210164311920373,0.0108456466330964,0,0.9999999126862387,8.731379152804049e-08,0.9999999126862387,1.0,0.013069509038408644
2025-06-18,0.0025962780583722,0.010670675955955,0,0.9999972297452759,2.7702547504823886e-06,0.9999972297452759,1.0,0.010376967577948065
2025-06-20,0.0051725059835305,0.0106018147284904,0,0.9999968327572468,3.167242751491272e-06,0.9999968327572468,1.0,0.011411468774654165
2025-06-23,-0.0376742132794457,0.0140422690894773,0,1.0,5.901854466859936e-18,1.0,0.5,-0.0022197738339717566
2025-06-24,-0.0244024550952285,0.0152486893778759,0,1.0,1.4313883886168853e-20,1.0,0.5,-0.006658290628146837
2025-06-25,-0.0013733561451393,0.0150819271669187,0,1.0,6.56817447087853e-19,1.0,0.5,-0.011136248095582158
2025-06-26,0.0036579500281481,0.0150475277010838,0,1.0,6.794305884223686e-19,1.0,0.5,-0.010923913701626976
2025-06-27,-0.0050331948745461,0.0150431571123084,0,1.0,9.509628931403888e-19,1.0,0.5,-0.012965053873242297
2025-06-30,0.0004586853893377,0.014884787963205,0,1.0,3.5391725753740386e-18,1.0,0.5,-0.005338474139485617
2025-07-01,0.0054869775171376,0.0142532747962023,0,1.0,5.128344963405896e-16,1.0,1.0,0.0006394123829876027
2025-07-02,0.0162825711741935,0.014599989974915,0,1.0,5.07394266128729e-18,1.0,1.0,0.004170597846854163
2025-07-03,-0.0004487172133301,0.0145516815860345,0,1.0,6.43720628592157e-17,1.0,1.0,0.003349264398558523
2025-07-07,-0.0008980389201879,0.0145524542272534,0,1.0,6.486961446166564e-17,1.0,1.0,0.004176295589430163
2025-07-08,0.0031397025130165,0.0144863132063046,0,1.0,9.182475774872039e-17,1.0,1.0,0.004712499014165922
2025-07-09,-0.0017929463794984,0.0145051816627858,0,1.0,9.853128905466863e-17,1.0,1.0,0.0032565142348387225
2025-07-10,-0.0031454344794098,0.0145176582550346,0,1.0,9.014791479708481e-17,1.0,0.5,-0.0006290868958819373
2025-07-11,0.0129669629829942,0.014368684461012,0,1.0,6.952515024171241e-17,1.0,1.0,0.002054049143382923
2025-07-14,-0.0084765836830262,0.0145304857734916,0,1.0,7.060766854777144e-17,1.0,1.0,0.0005383401908152629
2025-07-15,-0.0017936620338884,0.0127414714871459,0,0.999999999953161,4.6824438345566193e-11,0.999999999953161,0.5000000000234195,-0.00044833271856571714
2025-07-16,0.0013455480499428,0.0127459129816294,0,0.9999999999581632,4.185542300994074e-11,0.9999999999581632,1.0,0.00017936616732252284
2025-07-17,0.0080357510434094,0.011886305996229,0,0.9999999955554131,4.444613986630829e-09,0.9999999955554131,1.0,0.002415603271886363
2025-07-18,0.0017770162153917,0.011873595581169,0,0.9999999915430635,8.456910241247264e-09,0.9999999915430635,1.0,0.0001776139183658629
2025-07-21,-0.002221742186651,0.0117749892395818,0,0.9999670575906379,3.2942409336961066e-05,0.9999670575906379,1.0,0.0014285822176409028
2025-07-22,-0.0017808843396361,0.0081956179223822,1,0.09525380833745072,0.9047461916624986,0.09525380833745072,1.0,0.0014311377564913627
2025-07-23,-0.0026774635092043,0.0058956231724413,1,0.00455806870190042,0.9954419312981482,0.00455806870190042,1.0,0.0006265354446619429
2025-07-24,0.0008933139461751,0.0058657585571532,1,0.000232118869315214,0.9997678811307388,0.000232118869315214,0.9998839405653424,-0.000801951974784917
2025-07-25,-0.0103209412275002,0.006378986188949,1,4.1696522006317324e-05,0.9999583034779853,4.1696522006317324e-05,0.9999791517389969,-0.003221543463363297
2025-07-28,0.0103209412275003,0.0065871724709491,1,2.564355426785968e-05,0.9999743564457241,2.564355426785968e-05,0.9999871782228661,-0.0007130067805330373
2025-07-29,0.0128633435382578,0.0070647660320777,1,3.534675362503916e-05,0.9999646532463677,3.534675362503916e-05,1.0,0.002215838795045743
2025-07-30,-0.002206058083504,0.0070730714113496,1,1.575131950388881e-05,0.9999842486804692,1.575131950388881e-05,1.0,0.002310119880185803
2025-07-31,-0.0084276173858512,0.0065076661842498,1,2.4480395904592634e-05,0.9999755196041346,2.4480395904592634e-05,1.0,0.0004459336137805428
2025-08-01,-0.0161655826828933,0.0074856348741248,1,8.03994679418023e-05,0.9999196005320328,8.03994679418023e-05,0.999959800266029,-0.000722994677298077
2025-08-04,-0.0036281784202903,0.0075194701227529,1,2.416637574588521e-05,0.9999758336242122,2.416637574588521e-05,0.9999879168121271,-0.003512818606856197
2025-08-05,-0.0086698929244661,0.0076753323490094,1,3.394411942589072e-05,0.999966055880527,3.394411942589072e-05,0.999983027940287,-0.007819465899400977
2025-08-06,-0.0022941183153273,0.007678341573189,1,2.383051871622735e-05,0.9999761694812903,2.383051871622735e-05,0.9999880847406419,-0.007837077945765637
2025-08-07,0.0032102579241471,0.0077241136601895,1,2.4708691798915047e-05,0.9999752913081621,2.4708691798915047e-05,0.9999876456541006,-0.0055095028837659765
2025-08-08,0.0,0.0070137458649282,1,1.423124056066861e-05,0.9999857687593859,1.423124056066861e-05,0.9999928843797197,-0.002276386347187317
2025-08-11,0.0013727277716308,0.0068426013747439,1,1.3500799790896965e-05,0.9999864992002638,1.3500799790896965e-05,0.9999932496001045,-0.001276205108803097
2025-08-12,-0.0041236683846007,0.006876248474946,1,1.497072399970798e-05,0.9999850292759573,1.497072399970798e-05,0.9999925146380002,-0.00036696020083001706
2025-08-13,-0.0013784040443706,0.0068514652660519,1,1.365838937824793e-05,0.9999863416106188,1.365838937824793e-05,0.9999931708053109,-0.0001838173466386771
2025-08-14,0.0041293446573403,0.0066240931364718,1,1.4399160105381658e-05,0.9999856008398502,1.4399160105381658e-05,0.9999928004199473,-3.712308238590367e-17
2025-08-15,-0.0032102579241471,0.0065893511806852,1,1.4440808583713083e-05,0.9999855591913915,1.4440808583713083e-05,0.9999927795957082,-0.0006420515848294571
2025-08-18,0.0009183332675973,0.0066140232042211,1,1.3582802696109722e-05,0.9999864171973529,1.3582802696109722e-05,0.9999932085986519,-0.0007329304856361571
2025-08-19,-0.0078323449480229,0.0067614951443887,1,2.0123165308890664e-05,0.9999798768346837,2.0123165308890664e-05,0.9999899384173456,-0.0014746657983205971
2025-08-20,0.0110396608592716,0.0073448856984752,1,3.293856153515616e-05,0.9999670614384695,3.293856153515616e-05,1.0,0.0010089471824078428
2025-08-21,0.0059293017214824,0.0075041367459885,1,2.3524625360813772e-05,0.9999764753746322,2.3524625360813772e-05,1.0,0.0013689385952362627
2025-08-22,0.0040843687250437,0.0072414197505938,1,1.7167173770553302e-05,0.9999828328261823,1.7167173770553302e-05,1.0,0.002827863925074423
2025-08-25,0.0049696152081992,0.0069239919176391,1,1.5693353732132704e-05,0.9999843066463163,1.5693353732132704e-05,1.0,0.003638120313194803
2025-08-26,-0.0076906135986978,0.0063415429376967,1,2.108022713566794e-05,0.9999789197728903,2.108022713566794e-05,1.0,0.003666466583059822
2025-08-27,0.0009078223600706,0.0063614549794235,1,1.4636418657215344e-05,0.9999853635813656,1.4636418657215344e-05,1.0,0.0016400988832196226
2025-08-28,0.0063319625500226,0.0063524299272046,1,1.869043085545947e-05,0.999981309569125,1.869043085545947e-05,1.0,0.001720631048927663
2025-08-29,0.0013516104793895,0.0051964935405173,1,5.157434794815499e-05,0.9999484256520447,5.157434794815499e-05,1.0,0.0011740793997968226
2025-09-02,0.0160790277684539,0.0061914358578914,1,6.413995451943576e-05,0.9999358600455305,6.413995451943576e-05,1.0,0.0033959619118477625
2025-09-03,-0.0089007782700208,0.0062111017753998,1,2.8570565861770668e-05,0.9999714294341508,2.8570565861770668e-05,1.0,0.003153928977583162
2025-09-04,-0.007178249498433,0.0064490225779361,1,2.0136979580059797e-05,0.9999798630204194,2.0136979580059797e-05,1.0,0.0015367146058824427
2025-09-05,-0.0081373811917713,0.006737120372493,1,2.0294485815024734e-05,0.9999797055142415,2.0294485815024734e-05,0.9999898527570925,-0.0013571541424763373
2025-09-08,0.0067857707123818,0.0068834411915851,1,1.7249386497448104e-05,0.9999827506134824,1.7249386497448104e-05,0.9999913753067513,-0.0002703220958778773
2025-09-09,0.0027014852219659,0.0068959416243106,1,1.4146764978386729e-05,0.999985853235011,1.4146764978386729e-05,0.9999929266175108,-0.002945830605175477
2025-09-10,0.006721911657977,0.0069115811654888,1,1.7313665099855224e-05,0.9999826863349184,1.7313665099855224e-05,1.0,0.00017870738042408303
2025-09-11,-0.0076216552363426,0.0071786051858931,1,2.1176500029023506e-05,0.9999788235000217,2.1176500029023506e-05,1.0,9.00262328421629e-05
2025-09-12,0.0058336058854477,0.0072267987816339,1,1.9075665904944412e-05,0.9999809243341117,1.9075665904944412e-05,1.0,0.0028842236482859627
2025-09-15,0.0089087083133235,0.0073486382760016,1,2.6974707134659343e-05,0.9999730252929145,2.6974707134659343e-05,1.0,0.003308811168474303
2025-09-16,0.0101479849501369,0.0075791812340955,1,3.871810178767569e-05,0.9999612818982364,3.871810178767569e-05,1.0,0.004798111114108503
2025-09-17,-0.0105914398849242,0.0077938817969341,1,4.854850290584501e-05,0.9999514514970932,4.854850290584501e-05,1.0,0.001335440805528263
2025-09-18,-0.0044464532154476,0.0076247104217315,1,2.5966813166044342e-05,0.9999740331867936,2.5966813166044342e-05,1.0,0.001970481209707263
2025-09-19,-0.0080537277026446,0.0078174381085715,1,3.7739063256244974e-05,0.9999622609367427,3.7739063256244974e-05,0.9999811304683719,-0.0008069855079111971
2025-09-22,0.0,0.0077751380149244,1,2.8331019478182627e-05,0.999971668980509,2.8331019478182627e-05,0.9999858344902609,-0.002588727170575897
2025-09-23,0.0102793380135402,0.0080257796313887,1,6.640137204675102e-05,0.9999335986279301,6.640137204675102e-05,0.9999667993139767,-0.0025624565578952372
2025-09-24,0.0066475255808291,0.0078785518187477,1,4.197909704053949e-05,0.999958020902983,4.197909704053949e-05,1.0,0.0008853365352554224
2025-09-25,0.0070422190706379,0.0079776455501123,1,4.5764234766491394e-05,0.9999542357652895,4.5764234766491394e-05,1.0,0.0031830709924725227
2025-09-26,0.0004385720224265,0.007905877868032,1,3.3580545252999734e-05,0.9999664194547883,3.3580545252999734e-05,1.0,0.004881530937486742
2025-09-29,-0.0083645439426943,0.008202011409041,1,6.455372542108041e-05,0.9999354462745778,6.455372542108041e-05,1.0,0.003208622148947883
2025-09-30,-0.0039867565158075,0.0074414143856318,1,2.145303938433792e-05,0.999978546960637,2.145303938433792e-05,1.0,0.00035540324307834284
2025-10-01,-0.0017770162153917,0.0071626902663017,1,1.5483366111649024e-05,0.9999845166338872,1.5483366111649024e-05,0.9999922583169442,-0.0013295051161658171
2025-10-02,-0.0066919228087762,0.0071368615565994,1,1.901371214451136e-05,0.9999809862878246,1.901371214451136e-05,0.9999904931439277,-0.004076333492048637
2025-10-03,0.0031284768443663,0.006876391624184,1,1.4575906572324737e-05,0.9999854240934843,1.4575906572324737e-05,0.9999927120467138,-0.003538352527660677
2025-10-06,0.0102109715452391,0.0070717500346727,1,2.4826714152629725e-05,0.9999751732858442,2.4826714152629725e-05,1.0,0.0001767505699260024
2025-10-07,0.0039673378276313,0.0070931638655854,1,1.600737877093292e-05,0.9999839926211905,1.600737877093292e-05,1.0,0.0017675694386137624
2025-10-08,0.0013190136572291,0.0069691698644881,1,1.8242841519113557e-05,0.9999817571584451,1.8242841519113557e-05,1.0,0.0023867754131379226
2025-10-09,-0.0092695792263503,0.0070830335379364,1,0.00014963397108111012,0.9998503660289676,0.00014963397108111012,1.0,0.0018712441296231022
2025-10-10,-0.0215158282495389,0.0085379574879984,1,0.0023749484479999366,0.9976250515520174,0.0023749484479999366,0.9988125257760001,-0.0030576168891579374
2025-10-13,0.0126071199362151,0.0087917148558007,1,0.002147698678205092,0.9978523013217719,0.002147698678205092,0.9989261506608975,-0.0025783872109627374
2025-10-14,-0.0112486881877105,0.008736461967103,1,0.0015046508754781311,0.998495349124517,0.0015046508754781311,0.9992476745622609,-0.0056215924140310975
2025-10-15,0.0036133406586623,0.008534840540537,1,0.0011678949897667673,0.9988321050102021,0.0011678949897667673,0.9994160525051166,-0.005162727013744457
2025-10-16,-0.0018050828258246,0.0084958747233394,1,0.0026032896653579592,0.9973967103346218,0.0026032896653579592,0.998698355167321,-0.0036698277336393178
2025-10-17,-0.0009036310625262,0.0083175121658748,1,0.011947889773692136,0.9880521102262849,0.011947889773692136,1.0,0.0004526117037632232
2025-10-20,0.0098965490826069,0.0086259328368965,1,0.08942037438989059,0.9105796256101231,0.08942037438989059,0.9552898128050547,-8.950246695841705e-05
2025-10-21,-0.0103488047589229,0.0085878885229165,1,0.28418899390417524,0.7158110060957797,0.28418899390417524,1.0,9.047421879910325e-05
2025-10-22,0.0157058680900354,0.0092198380186517,0,0.8543884199906343,0.14561158000940105,0.8543884199906343,1.0,0.0025089797050737235
2025-10-23,0.0167774803668435,0.0098676135373841,0,0.9954477182232969,0.004552281776725733,0.9954477182232969,1.0,0.006225492343607344
2025-10-24,0.0004378041014406,0.0098676121015063,0,0.999129091714718,0.0008709082852479777,0.999129091714718,1.0,0.006493779376400703
2025-10-27,-0.0021906803391532,0.0096841474660581,0,0.9996557770232091,0.0003442229768272061,0.9996557770232091,1.0,0.004076333492048684
2025-10-28,-0.0092531546083395,0.0098792327592814,0,0.9999143680912472,8.563190880953768e-05,0.9999143680912472,1.0,0.004295463522165364
2025-10-29,0.0052980212565109,0.0099337604442821,0,0.9999391837451809,6.08162548031948e-05,0.9999391837451809,1.0,0.0022138941554604636
2025-10-30,0.0004402229098797,0.0097894628052634,0,0.999882417062059,0.0001175829379303942,0.999882417062059,0.5000587914689705,-0.0010535573359322964
2025-10-31,0.0070175957179061,0.0098754917159528,0,0.9998639357660879,0.0001360642339111441,0.9998639357660879,1.0,0.0002624009873608035
2025-11-03,0.007402611043265,0.0097574553416289,0,0.9992863919302145,0.0007136080697811531,0.9992863919302145,1.0,0.002181059263844443
2025-11-04,-0.0069656583094806,0.0098818730320132,0,0.9956607537384498,0.004339246261545677,0.9956607537384498,1.0,0.0026385585236162233
2025-11-05,-0.0030627726213595,0.0099078152745291,0,0.9669415211433628,0.03305847885658318,0.9669415211433628,1.0,0.0009663997480421433
2025-11-06,0.0013138149507709,0.0096587716903577,0,0.7572570842301614,0.2427429157698353,0.7572570842301614,1.0,0.0011411181562203834
2025-11-07,0.0021857195600685,0.0081272109869846,1,0.07325921729332271,0.9267407827066352,0.07325921729332271,1.0,0.00017474292465286353
2025-11-10,0.0108579322643618,0.0080139333971974,1,0.01015197184919712,0.9898480281508346,0.01015197184919712,1.0,0.0008658071688722235
2025-11-11,0.0064585321576086,0.0074603096983281,1,0.0006129700041497841,0.999387029995819,0.0006129700041497841,1.0,0.0035506452622900636
2025-11-12,-0.0112214869901497,0.0080712952395867,1,0.0001653973430391138,0.9998346026570135,0.0001653973430391138,1.0,0.001918902388532024
2025-11-13,-0.0052219395010254,0.0081891935731284,1,6.797671535043826e-05,0.9999320232846644,6.797671535043826e-05,1.0,0.0006117514981727641
2025-11-14,0.0021790514560686,0.0081659692389641,1,4.8899063458599324e-05,0.9999511009365952,4.8899063458599324e-05,1.0,0.0006104178773727839
2025-11-17,-0.0013068609991369,0.0079693913440555,1,3.4453657936968765e-05,0.9999655463420641,3.4453657936968765e-05,0.9999827731710316,-0.001822540775326956
2025-11-18,0.0082483435114333,0.007612555114269,1,3.232014794852662e-05,0.9999676798520639,3.232014794852662e-05,0.9999838399260257,-0.001464578504562016
2025-11-19,-0.0099935718991605,0.0073882860824756,1,3.14041868056668e-05,0.9999685958131914,3.14041868056668e-05,0.9999842979065972,-0.0012189954863641758
2025-11-20,-0.009653365953713,0.0067481041938216,1,2.4353858687249383e-05,0.9999756461413164,2.4353858687249383e-05,0.9999878230706564,-0.002105280776901696
2025-11-21,-0.0066357623815841,0.0068884670631999,1,1.8102035206017616e-05,0.9999818979647654,1.8102035206017616e-05,0.999990948982397,-0.0038682435444322358
2025-11-24,0.0048705093654374,0.0069885509255744,1,1.576287824608222e-05,0.9999842371217695,1.576287824608222e-05,0.9999921185608769,-0.002632769471517376
2025-11-25,-0.0053144455779053,0.006776808564531,1,1.651924797200446e-05,0.9999834807520275,1.651924797200446e-05,0.999991740376014,-0.005345327289385096
2025-11-26,0.0106007970627659,0.0070975354189814,1,2.8903301354207306e-05,0.9999710966985961,2.8903301354207306e-05,0.999985548349323,-0.0012264534969998158
2025-11-28,0.0130948946891541,0.0076695484929391,1,5.89104106646616e-05,0.9999410895893266,5.89104106646616e-05,1.0,0.003323198631573604
2025-12-01,0.0025986120927855,0.0075418523574096,1,2.209436256419669e-05,0.9999779056374775,2.209436256419669e-05,1.0,0.005170073526447524
2025-12-02,-0.0043346651073767,0.0074341370680332,1,1.9929458714662895e-05,0.9999800705412387,1.9929458714662895e-05,1.0,0.0033290386318847037
2025-12-03,0.0047669977095969,0.0073230370657878,1,1.8558631761372546e-05,0.9999814413682551,1.8558631761372546e-05,1.0,0.005345327289385144
2025-12-04,0.0025907579459132,0.0072864223933483,1,1.681923811374689e-05,0.9999831807619061,1.681923811374689e-05,1.0,0.003743319466014604
2025-12-05,0.0060189012401528,0.007379108661726,1,2.3260372423912162e-05,0.9999767396275931,2.3260372423912162e-05,1.0,0.0023281207762143436
2025-12-08,-0.0125082536534059,0.0079670514707177,1,7.271330813593939e-05,0.9999272866918534,7.271330813593939e-05,0.999963643345932,-0.0006932523730239362
2025-12-09,-0.0021725094843179,0.0075821180981667,1,2.3496388161856485e-05,0.9999765036118461,2.3496388161856485e-05,0.9999882518059191,-0.00026082124841217614
2025-12-10,0.0060711039516578,0.0075642902172221,1,2.4446058625569185e-05,0.9999755539413807,2.4446058625569185e-05,1.0,3.989863994746656e-18
2025-12-11,-0.0008650228191991,0.0071237144636116,1,1.5245627209015728e-05,0.9999847543728315,1.5245627209015728e-05,0.9999923771863954,-0.0006911561530224562
2025-12-12,-0.0082555111491661,0.0072748441381429,1,2.345117686265402e-05,0.9999765488231307,2.345117686265402e-05,0.9999882744115687,-0.003546038630886236
2025-12-15,-0.0048108658075904,0.0073323257057684,1,2.013716926623169e-05,0.9999798628306799,2.013716926623169e-05,0.9999899314153669,-0.0020065610617231366
2025-12-16,-0.0101344834696967,0.0076517287120931,1,4.212686058430633e-05,0.9999578731393866,4.212686058430633e-05,0.9999789365697078,-0.0035989558587988966
2025-12-17,0.0118865917864235,0.0079166013379617,1,7.080302138091011e-05,0.9999291969786266,7.080302138091011e-05,0.9999645984893095,-0.0024358582918457563
2025-12-18,-0.0070268413262872,0.0077577030342325,1,3.621511199681158e-05,0.999963784888033,3.621511199681158e-05,0.9999818924440016,-0.0036682219932633762
2025-12-19,0.0070268413262872,0.007612667671783,1,3.538943069426269e-05,0.9999646105692699,3.538943069426269e-05,0.9999823052846528,-0.0006117514981727166
2025-12-22,0.0127652977368159,0.007903073599674,1,0.00012858668052718132,0.9998714133194978,0.00012858668052718132,1.0,0.0029034812107085434
2025-12-23,0.0111038230253347,0.0081679575522213,1,0.00037874417785965753,0.999621255822102,0.00037874417785965753,1.0,0.007151142509714823
2025-12-24,-0.0004418038155386,0.0080204684836778,1,0.001521161508533788,0.9984788384914707,0.001521161508533788,1.0,0.004685463389322403
