Date,AAPL_ret,AAPL_vol,regime,prob_regime_0,prob_regime_1,p_high_vol,risk_scale,momentum
2024-08-20,0.0027408763210698,0.0164668703202174,0,1.0,1.3253909958392268e-40,1.3253909958392268e-40,1.0,
2024-08-21,-0.0004857060362469,0.0149340248670203,0,0.9999999999967031,3.3004703660052616e-12,3.3004703660052616e-12,0.9999999999983498,
2024-08-22,-0.0082939861559529,0.0150353217385121,0,0.9999999999903366,9.618671250821496e-12,9.618671250821496e-12,0.9999999999951907,
2024-08-23,0.0102355317316088,0.0151576576813827,0,0.9999999999982947,1.7061150934213193e-12,1.7061150934213193e-12,0.9999999999991469,
2024-08-26,0.0014976953187064,0.0151571607117227,0,0.9999999999965894,3.4370702372947697e-12,3.4370702372947697e-12,1.0,0.0011388822358370403
2024-08-27,0.0037345550084876,0.0151614494690946,0,0.9999999999971578,2.80069380942697e-12,2.80069380942697e-12,1.0,0.0013376179733206003
2024-08-28,-0.0067763640325346,0.0149746703318063,0,0.999999999992724,7.331529977293425e-12,7.331529977293425e-12,1.0,7.948637406306036e-05
2024-08-29,0.0144650237835085,0.0146359292193412,0,0.9999999999992042,7.596977813997259e-13,7.596977813997259e-13,1.0,0.004631288361955341
2024-08-30,-0.0034437985469993,0.0146599822961005,0,0.9999999999965894,3.4316401887506638e-12,3.4316401887506638e-12,1.0,0.0018954223062337204
2024-09-03,-0.0275820641137508,0.0109837712445353,0,0.9999999999940883,5.8754569031446405e-12,5.8754569031446405e-12,0.9999999999970623,-0.00392052958025772
2024-09-04,-0.0086561155036493,0.0109156155750875,0,0.9999999999998863,1.5738773860572483e-13,1.5738773860572483e-13,0.9999999999999213,-0.006398663682685099
2024-09-05,0.0069038968785246,0.0107397089287627,0,1.0,2.155565967997093e-14,2.155565967997093e-14,0.9999999999999892,-0.003662611500473259
2024-09-06,-0.0070397395516561,0.0104648987482629,0,0.9999999999998863,8.133126211481877e-14,8.133126211481877e-14,0.9999999999999594,-0.007963564167506178
2024-09-09,0.000407403211073,0.0100874779135168,0,1.0,2.1988512729924488e-14,2.1988512729924488e-14,0.999999999999989,-0.0071933238158917185
2024-09-10,-0.0036279304888912,0.0100380516458593,0,1.0,3.428443402047756e-14,3.428443402047756e-14,0.9999999999999829,-0.0024024970909197994
2024-09-11,0.0115184853070321,0.0096287829695381,0,1.0,5.210552457325274e-15,5.210552457325274e-15,1.0,0.0016324230712164804
2024-09-12,0.0004940001475669,0.0096204735138361,0,1.0,1.4089592567992425e-14,1.4089592567992425e-14,1.0,0.0003504437250249405
2024-09-13,-0.0012128375330378,0.0091062299810034,0,1.0,1.0760368594488235e-14,1.0760368594488235e-14,1.0,0.0015158241287486006
2024-09-16,-0.0281682484266392,0.0108635362751946,0,0.9999999999939746,6.022411840058027e-12,6.022411840058027e-12,0.9999999999969889,-0.00419930619879384
2024-09-17,0.0021702411378268,0.0109033319601754,0,1.0,3.953028430149742e-14,3.953028430149742e-14,0.9999999999999802,-0.0030396718734502395
2024-09-18,0.0178299290235741,0.0117424670099079,0,1.0,3.0040906345914956e-14,3.0040906345914956e-14,0.9999999999999849,-0.00177738313014184
2024-09-19,0.0363951331338903,0.0144589910462069,0,0.9999999999994316,6.136241461158697e-13,6.136241461158697e-13,1.0,0.00540284346712284
2024-09-20,-0.0029316934496131,0.0143357014923493,0,0.9999999999977263,2.2828099007725103e-12,2.2828099007725103e-12,1.0,0.00505907228380778
2024-09-23,-0.0076099669677073,0.0142734385180066,0,0.9999999999961346,3.889236980187879e-12,3.889236980187879e-12,1.0,0.00917072857559416
2024-09-24,0.0039661398244541,0.0142984639516488,0,0.9999999999989768,1.0702314004969548e-12,1.0702314004969548e-12,1.0,0.00952990831291962
2024-09-25,-0.0044078699199142,0.0143037050124525,0,0.9999999999973852,2.63931571161188e-12,2.63931571161188e-12,1.0,0.00508234852422196
2024-09-26,0.0050674789893587,0.0142694438438721,0,0.9999999999990905,9.418862153481345e-13,9.418862153481345e-13,0.999999999999529,-0.0011831823046843594
2024-09-27,0.001185891149975,0.0138755778329506,0,0.9999999999990905,8.896678576120257e-13,8.896678576120257e-13,0.9999999999995552,-0.0003596653847667393
2024-09-30,0.0226143879089138,0.0147728058789969,0,0.9999999999993179,7.004242750415301e-13,7.004242750415301e-13,1.0,0.005685205590557481
2024-10-01,-0.0295747423787243,0.0149800345905462,0,0.9999999995541202,4.458552132320244e-10,4.458552132320244e-10,0.9999999997770723,-0.001022970850078199
2024-10-02,0.0025165818923114,0.0148176101050624,0,0.99999999999784,2.1478862583780285e-12,2.1478862583780285e-12,1.0,0.00036191951236692096
2024-10-03,-0.0049066398720054,0.0148189077921738,0,0.9999999999951115,4.87013946132854e-12,4.87013946132854e-12,0.999999999997565,-0.0016329042599058992
2024-10-04,0.0049948688180582,0.0147306978019264,0,0.9999999999984084,1.5639553015060235e-12,1.5639553015060235e-12,0.999999999999218,-0.0008711087262892589
2024-10-07,-0.022788646717826,0.0156896052850389,0,0.9999999997778559,2.2212087354179494e-10,2.2212087354179494e-10,0.9999999998889395,-0.00995171565163722
2024-10-08,0.018236877869159,0.0161651387774914,0,0.9999999999962483,3.768785926932694e-12,3.768785926932694e-12,0.9999999999981156,-0.00038939160206055907
2024-10-09,0.0165604565943299,0.0163713861740128,0,0.9999999999949978,5.043436487705858e-12,5.043436487705858e-12,1.0,0.0024193833383431406
2024-10-10,-0.0021806042682984,0.0163911335519934,0,0.9999999999799911,1.9983257257443595e-11,1.9983257257443595e-11,1.0,0.002964590459084541
2024-10-11,-0.006526655783982,0.0164783426867717,0,0.9999999999629381,3.7115356055195854e-11,3.7115356055195854e-11,1.0,0.0006602855386765007
2024-10-14,0.0163455997018005,0.0152762836241713,0,0.9999999999985221,1.4415492550166146e-12,1.4415492550166146e-12,1.0,0.0084871348226018
2024-10-15,0.0109642789342116,0.0153668965177772,0,0.9999999999979536,2.064194119138528e-12,2.064194119138528e-12,1.0,0.00703261503561232
2024-10-16,-0.0088913500770808,0.0152428635612802,0,0.999999999986926,1.3079985200831356e-11,1.3079985200831356e-11,1.0,0.0019422537013301805
2024-10-17,0.0015951602180625,0.0129829086666469,0,0.9999999999996589,3.3561474493921954e-13,3.3561474493921954e-13,1.0,0.0026974065986023607
2024-10-18,0.0122018448217961,0.0131986184989653,0,0.9999999999997726,1.7968279435769802e-13,1.7968279435769802e-13,1.0,0.006443106719757981
2024-10-21,0.0062780933531178,0.0130604795304374,0,0.9999999999997726,2.3581214042334843e-13,2.3581214042334843e-13,1.0,0.004429605450021441
2024-10-22,-0.0026252340500191,0.0130956885526243,0,0.9999999999994316,6.01925896465617e-13,6.01925896465617e-13,1.0,0.0017117028531753006
2024-10-23,-0.0218602603224397,0.0140780466584312,0,0.9999999999655529,3.449080314534488e-11,3.449080314534488e-11,0.9999999999827546,-0.0008820791958964791
2024-10-24,-0.0008236286684829,0.0140491910206539,0,0.9999999999986358,1.3235605284908823e-12,1.3235605284908823e-12,0.9999999999993382,-0.0013658369732055596
2024-10-25,0.0036365810655368,0.0140646445148244,0,0.9999999999990905,8.579253021793926e-13,8.579253021793926e-13,0.999999999999571,-0.0030788897244574194
2024-10-28,0.0085625737591346,0.0132439860988485,0,0.9999999999997726,2.392651247150228e-13,2.392651247150228e-13,0.9999999999998803,-0.0026219936432540594
2024-10-29,0.0011561639881418,0.0112550369065954,0,0.9999999999998863,6.196395256220571e-14,6.196395256220571e-14,0.999999999999969,-0.0018657140356218797
2024-10-30,-0.0153957897689247,0.0118757035374632,0,0.9999999999988631,1.1712847266369263e-12,1.1712847266369263e-12,0.9999999999994144,-0.0005728199249188798
2024-10-31,-0.0183773007104258,0.0125735087583019,0,0.999999999996021,3.9456347358986316e-12,3.9456347358986316e-12,0.9999999999980271,-0.004083554333307459
2024-11-01,-0.0133686763506689,0.012860861124409,0,0.99999999999784,2.1810328408173897e-12,2.1810328408173897e-12,0.9999999999989095,-0.0074846058165486
2024-11-04,-0.0040457245646439,0.0118200099364996,0,0.9999999999997726,1.9902501129096162e-13,1.9902501129096162e-13,0.9999999999999005,-0.010006265481304299
2024-11-05,0.0064652710175064,0.0111414954229467,0,1.0,3.315838280043933e-14,3.315838280043933e-14,0.9999999999999833,-0.00894444407543138
2024-11-06,-0.0032722612737136,0.0103994736914297,0,1.0,4.592287303538453e-14,4.592287303538453e-14,0.999999999999977,-0.006519738376389158
2024-11-07,0.0211469765365202,0.0115631521123396,0,1.0,2.2540380283738436e-14,2.2540380283738436e-14,1.0,0.001385117073000041
2024-11-08,-0.0011889263938534,0.0114741424996837,0,0.9999999999998863,9.989744223105248e-14,9.989744223105248e-14,1.0,0.0038210670643631407
2024-11-11,-0.0121014971298124,0.0110881902460537,0,0.9999999999996589,3.1696812962041925e-13,3.1696812962041925e-13,1.0,0.002209912551329441
2024-11-12,0.0,0.0107040425183951,0,1.0,4.132372984199519e-14,4.132372984199519e-14,1.0,0.0009168583478281611
2024-11-13,0.0039612533878111,0.0106571136615081,0,1.0,2.6017425039190334e-14,2.6017425039190334e-14,1.0,0.002363561280133101
2024-11-14,0.0136765578103014,0.0111662269711872,0,1.0,2.036238031745034e-14,2.036238031745034e-14,1.0,0.000869477534889341
2024-11-15,-0.0142097549999511,0.0111094353320845,0,0.9999999999995453,4.599593266141126e-13,4.599593266141126e-13,0.99999999999977,-0.0017346881863301987
2024-11-18,0.0133330359584342,0.011495402012786,0,1.0,2.889850663985825e-14,2.889850663985825e-14,1.0,0.003352218431319121
2024-11-19,0.001139490937315,0.0115114131555848,0,0.9999999999998863,7.982696285726362e-14,7.982696285726362e-14,1.0,0.0035801166187821214
2024-11-20,0.0031491604265965,0.0105067828327902,0,1.0,2.4404854055548586e-14,2.4404854055548586e-14,1.0,0.003417698026539201
2024-11-21,-0.0020982261963948,0.0105138117035821,0,1.0,4.4168381939579967e-14,4.4168381939579967e-14,1.0,0.0002627412251999616
2024-11-22,0.0058900468222812,0.0105711703988644,0,1.0,1.999999290018024e-14,1.999999290018024e-14,1.0,0.004282701589646421
2024-11-25,0.0129664405287482,0.0108082345542664,0,1.0,1.4866845703387193e-14,1.4866845703387193e-14,1.0,0.004209382503709221
2024-11-26,0.0093604666759913,0.0110105686781943,0,1.0,2.3113135270289118e-14,2.3113135270289118e-14,1.0,0.005853577651444482
2024-11-27,-0.0005532475812442,0.0103751865028078,0,1.0,3.22025091987906e-14,3.22025091987906e-14,1.0,0.005113096049876342
2024-11-29,0.0101640949074523,0.0094803665489168,0,1.0,4.987281987036093e-15,4.987281987036093e-15,1.0,0.00756556027064576
2024-12-02,0.009477518679301,0.0088183306818909,0,1.0,2.84052988831669e-15,2.84052988831669e-15,1.0,0.00828305464204972
2024-12-03,0.0126908675438426,0.0088423839243769,0,1.0,2.307507492333882e-15,2.307507492333882e-15,1.0,0.008227940045068601
2024-12-04,0.0014825987703554,0.0088542794389905,0,1.0,6.2589054842494586e-15,6.2589054842494586e-15,1.0,0.006652366463941422
2024-12-05,0.0001233666456376,0.0087341743831666,0,1.0,6.560527293293807e-15,6.560527293293807e-15,1.0,0.006787689309317781
2024-12-06,-0.0008231737587549,0.0078573380170696,0,1.0,3.3915766317595917e-15,3.3915766317595917e-15,1.0,0.00459023557607634
2024-12-09,0.015972823118797,0.0082652917755726,0,1.0,1.1191676941807398e-15,1.1191676941807398e-15,1.0,0.005889296463975541
2024-12-10,0.0041252338516174,0.0073259936196929,0,1.0,1.2245825591498284e-15,1.2245825591498284e-15,1.0,0.0041761697255305015
2024-12-11,-0.0051793853938363,0.0075982105040317,0,1.0,4.825420771397329e-15,4.825420771397329e-15,1.0,0.0028437728926921603
2024-12-12,0.0059460073665833,0.0076005686625443,0,1.0,1.2965935801200682e-15,1.2965935801200682e-15,1.0,0.004008301036881301
2024-12-13,0.0006853620842731,0.0073560794220616,0,1.0,1.837554442520116e-15,1.837554442520116e-15,1.0,0.004310008205486901
2024-12-16,0.0116594183211521,0.0061229230989068,0,1.0,2.251914253925381e-16,2.251914253925381e-16,1.0,0.0034473272459579207
2024-12-17,0.0096726434194963,0.0059272762514716,0,1.0,2.2382211560903707e-16,2.2382211560903707e-16,1.0,0.004556809159533701
2024-12-18,-0.0216545701819512,0.0084306506988533,0,0.9999999999997726,1.7297581701173096e-13,1.7297581701173096e-13,1.0,0.0012617722019107208
2024-12-19,0.0069901512304499,0.0084503086414604,0,1.0,2.5028569124911178e-15,2.5028569124911178e-15,1.0,0.0014706009746840404
2024-12-20,0.0186410165328113,0.0088796187799548,0,1.0,1.7472002788537861e-15,1.7472002788537861e-15,1.0,0.0050617318643916805
2024-12-23,0.0030602705719517,0.0088936294217152,0,1.0,5.470628381687929e-15,5.470628381687929e-15,1.0,0.003341902314551601
2024-12-24,0.0114126744782338,0.0088291407075516,0,1.0,2.485052265724982e-15,2.485052265724982e-15,1.0,0.0036899085262991
2024-12-26,0.0031707079379532,0.0087826144161212,0,1.0,4.890483739368041e-15,4.890483739368041e-15,1.0,0.00865496415027998
2024-12-27,-0.0133305986763853,0.0096212766171925,0,0.9999999999998863,1.00804366013198e-13,1.00804366013198e-13,1.0,0.00459081416891294
2024-12-30,-0.0133521898473188,0.0102709181955305,0,0.9999999999997726,1.8234774573250897e-13,1.8234774573250897e-13,0.9999999999999089,-0.0018078271071130796
2024-12-31,-0.0070828631682468,0.0103913258346124,0,0.9999999999998863,7.639759314264442e-14,7.639759314264442e-14,0.9999999999999618,-0.00383645385515278
2025-01-02,-0.0265861683678937,0.0119072966229141,0,0.9999999999889724,1.104905961833416e-11,1.104905961833416e-11,0.9999999999944755,-0.011436222424378278
2025-01-03,-0.0020115129665825,0.0119138396916541,0,0.9999999999998863,1.6977566032926568e-13,1.6977566032926568e-13,0.9999999999999152,-0.01247266660528542
2025-01-06,0.0067163740848988,0.01200619170876,0,0.9999999999998863,7.6946661185078e-14,7.6946661185078e-14,0.9999999999999616,-0.0084632720530286
2025-01-07,-0.0114530796571735,0.0122950738877115,0,0.9999999999990905,9.147763285789409e-13,9.147763285789409e-13,0.9999999999995426,-0.008083450014999539
2025-01-08,0.0020209907125273,0.0117154966939693,0,0.9999999999998863,8.903381119917706e-14,8.903381119917706e-14,0.9999999999999555,-0.006262679238844719
2025-01-10,-0.0243990544049322,0.0127696445612521,0,0.9999999999843112,1.5731369380894864e-11,1.5731369380894864e-11,0.9999999999921343,-0.005825256446252418
2025-01-13,-0.010398018353526,0.0128853676772821,0,0.9999999999986358,1.3969429730626204e-12,1.3969429730626204e-12,0.9999999999993014,-0.007502557523641118
2025-01-14,-0.0047895535822255,0.0127371230238631,0,0.9999999999994316,5.467280234532061e-13,5.467280234532061e-13,0.9999999999997267,-0.009803743057065977
2025-01-15,0.0194848000778916,0.0136857546662157,0,0.9999999999997726,2.226425734887696e-13,2.226425734887696e-13,0.9999999999998888,-0.0036161671100529576
2025-01-16,-0.0412389532288748,0.0158282107604528,0,0.9999999801875676,1.9812458867672268e-08,1.9812458867672268e-08,0.9999999900937706,-0.01226815589833338
2025-01-17,0.0075069917025564,0.015731416893961,0,0.9999999999961346,3.9049998912417494e-12,3.9049998912417494e-12,0.9999999999980476,-0.005886946676835659
2025-01-21,-0.0324362022397143,0.0165028696282345,0,0.9999999957158252,4.284222622922491e-09,4.284222622922491e-09,0.9999999978578886,-0.01029458345407332
2025-01-22,0.0053306694131213,0.0164413324176816,0,0.9999999999896545,1.0335921998659982e-11,1.0335921998659982e-11,0.999999999994832,-0.008270538855003961
2025-01-23,-0.0007597279101014,0.0154875323737121,0,0.9999999999937472,6.235888915817338e-12,6.235888915817338e-12,0.999999999996882,-0.01231944445260256
2025-01-24,-0.0039423027556392,0.0153395033096915,0,0.999999999992383,7.608731916739063e-12,7.608731916739063e-12,0.9999999999961957,-0.004860114357955439
2025-01-27,0.0312857035980019,0.0171219336253498,0,0.9999999999880629,1.1938440298104747e-11,1.1938440298104747e-11,0.9999999999940308,-0.00010437197886633831
2025-01-28,0.0358920322410555,0.0194329252763276,0,0.9999999997340865,2.659595057117415e-10,2.659595057117415e-10,1.0,0.013561274917287622
2025-01-29,0.0046061149000704,0.0194021246017445,0,0.9999999996266524,3.7339430833772603e-10,3.7339430833772603e-10,1.0,0.013416364014677443
2025-01-30,-0.0074221674252195,0.0192850639707315,0,0.9999999988999662,1.100034690788421e-09,1.100034690788421e-09,1.0,0.012083876111653822
2025-01-31,-0.0067146242181822,0.0192811198934501,0,0.9999999989959178,1.0040953971290307e-09,1.0040953971290307e-09,1.0,0.011529411819145224
2025-02-03,-0.03444231413658,0.019859029261979,0,0.9999997026193783,2.9738058678124923e-07,2.9738058678124923e-07,0.9999998513097066,-0.0016161917277711588
2025-02-04,0.020790289693368,0.0205817744125862,0,0.999999999150873,8.491436516946551e-10,8.491436516946551e-10,0.9999999995754282,-0.004636540237308659
2025-02-05,-0.0014186297203399,0.0204760253994685,0,0.9999999975739229,2.426040400844347e-09,2.426040400844347e-09,0.9999999987869799,-0.005841489161390719
2025-02-06,0.0032210495286589,0.0204058236758089,0,0.9999999985359409,1.4640401386177353e-09,1.4640401386177353e-09,0.99999999926798,-0.0037128457706150386
2025-02-07,-0.0242606560583443,0.0209788227971492,0,0.9999998722986528,1.2770136053510276e-07,1.2770136053510276e-07,0.9999999361493197,-0.007222052138647459
2025-02-10,0.0011866395871617,0.0203902555819889,0,0.9999999982946974,1.705309380092111e-09,1.705309380092111e-09,0.9999999991473454,-9.626139389911862e-05
2025-02-11,0.0215968644529207,0.0209383188274736,0,0.9999999986523562,1.3476741997609775e-09,1.3476741997609775e-09,1.0,6.505355801142212e-05
2025-02-12,0.0181052590917694,0.0213041127645605,0,0.9999999977342213,2.2657412914681904e-09,2.2657412914681904e-09,1.0,0.003969831320433282
2025-02-13,0.0194822215428323,0.0213039938634332,0,0.9999999977786729,2.221324068612819e-09,2.221324068612819e-09,1.0,0.007222065723267962
2025-02-14,0.0126305424652547,0.0189860768468657,0,0.9999999998628937,1.3708891413484995e-10,1.3708891413484995e-10,1.0,0.01460030542798776
2025-02-18,-0.0005315807947642,0.0189821370539377,0,0.9999999996496172,3.5033497234108195e-10,3.5033497234108195e-10,1.0,0.01425666135160258
2025-02-19,0.0016347888431449,0.017055195130303,0,0.9999999999711235,2.8908765338182717e-11,2.8908765338182717e-11,1.0,0.01026424622964742
2025-02-20,0.0039128976686577,0.0170558788733055,0,0.9999999999763531,2.3615399819127937e-11,2.3615399819127937e-11,1.0,0.007425773945025081
2025-02-21,-0.0011397382565601,0.0170625415587551,0,0.9999999999615738,3.8430793788260345e-11,3.8430793788260345e-11,1.0,0.003301381985146601
2025-02-24,0.0062925437374127,0.016942009255682,0,0.9999999999828333,1.711410998427573e-11,1.711410998427573e-11,1.0,0.0020337822395782015
2025-02-25,-0.0002428610468428,0.0158201902567666,0,0.9999999999914735,8.544048175688554e-12,8.544048175688554e-12,1.0,0.0020915261891624815
2025-02-26,-0.0274124303222845,0.0153577928701656,0,0.9999999995917506,4.0823127320643326e-10,4.0823127320643326e-10,0.9999999997958844,-0.0037179176439233984
2025-02-27,-0.0128126519691778,0.0156042352119536,0,0.9999999999653255,3.465814204780148e-11,3.465814204780148e-11,0.999999999982671,-0.0070630275714904985
2025-02-28,0.0189511559212555,0.0160845277268366,0,0.9999999999965894,3.3688703198373054e-12,3.3688703198373054e-12,0.9999999999983156,-0.0030448487359273787
2025-03-03,-0.0158796832469113,0.0164407445297929,0,0.9999999998577778,1.422093032560019e-10,1.422093032560019e-10,0.9999999999288953,-0.0074792941327921775
2025-03-04,-0.0088615275233983,0.0144558817847991,0,0.9999999999944293,5.618090056020359e-12,5.618090056020359e-12,0.9999999999971909,-0.00920302742810328
2025-03-05,-0.0008056217234627,0.0137490387278049,0,0.9999999999990905,9.623014179847146e-13,9.623014179847146e-13,0.9999999999995188,-0.003881665708338919
2025-03-06,-0.0017407059186438,0.0137518174900988,0,0.9999999999989768,1.0722665358811603e-12,1.0722665358811603e-12,0.9999999999994639,-0.0016672764982321188
2025-03-07,0.0157676526548077,0.0141547645146856,0,0.9999999999995453,4.255661401764046e-13,4.255661401764046e-13,0.9999999999997873,-0.0023039771515216785
2025-03-10,-0.0496941546765588,0.0173526588488439,0,0.9999988687826121,1.131217437406008e-06,1.131217437406008e-06,0.9999994343912813,-0.00906687143745118
2025-03-11,-0.0296238604876787,0.018568841652783,0,0.9999999775996005,2.240042537601977e-08,2.240042537601977e-08,0.9999999887997872,-0.013219338030307259
2025-03-12,-0.0176332831599613,0.0180637004059224,0,0.9999999988068566,1.1931636128821425e-09,1.1931636128821425e-09,0.9999999994034182,-0.01658487031760698
2025-03-13,-0.0342226667956035,0.0185556351315204,0,0.9999999371329997,6.286695637660299e-08,6.286695637660299e-08,0.9999999685665217,-0.023081262492998918
2025-03-14,0.0180074897568167,0.0184512772988238,0,0.9999999999411102,5.894414908743143e-11,5.894414908743143e-11,0.9999999999705279,-0.02263329507259712
2025-03-17,0.0023860606990067,0.0180394852992286,0,0.9999999999141664,8.577938093847512e-11,8.577938093847512e-11,0.9999999999571103,-0.012217251997484021
2025-03-18,-0.0061402660767483,0.0179823391913376,0,0.9999999998013891,1.9862618110902737e-10,1.9862618110902737e-10,0.9999999999006869,-0.007520533115297941
2025-03-19,0.0119178856825981,0.0183836332719541,0,0.99999999993247,6.750260339561104e-11,6.750260339561104e-11,0.9999999999662488,-0.0016102993467860603
2025-03-20,-0.0053103865668071,0.0182250280377624,0,0.9999999997612576,2.3877931617171465e-10,2.3877931617171465e-10,1.0,0.0041721566989732185
2025-03-21,0.0192896454907097,0.019116172240917,0,0.9999999998684643,1.3158961765314084e-10,1.3158961765314084e-10,1.0,0.004428587845751819
2025-03-24,0.0112073259457404,0.0193115908996718,0,0.9999999997802433,2.198125191805522e-10,2.198125191805522e-10,1.0,0.006192840895098559
2025-03-25,0.0135891739505179,0.0197576796917495,0,0.9999999996533688,3.466545423748357e-10,3.466545423748357e-10,1.0,0.0101387289005518
2025-03-26,-0.0099713975955545,0.0190876548249841,0,0.9999999987851425,1.2148636550678188e-09,1.2148636550678188e-09,1.0,0.00576087224492128
2025-03-27,0.0104182068931047,0.0192344825086826,0,0.9999999997920668,2.0797454036056575e-10,2.0797454036056575e-10,1.0,0.00890659093690364
2025-03-28,-0.0269399880475484,0.0192256514270365,0,0.9999999732654036,2.6734623089629724e-08,2.6734623089629724e-08,0.9999999866326885,-0.0003393357707479804
2025-03-31,0.0192265844959716,0.0197946172658563,0,0.9999999996882707,3.116924155100688e-10,3.116924155100688e-10,1.0,0.0012645159392982593
2025-04-01,0.004760670109262,0.0198331794719748,0,0.999999999344368,6.55686954658764e-10,6.55686954658764e-10,0.9999999996721565,-0.0005011848289529205
2025-04-02,0.0031314423091882,0.0198732593658164,0,0.9999945713708043,5.428629169867147e-06,5.428629169867147e-06,1.0,0.002119383151995619
2025-04-03,-0.09701349313379,0.0289894350957678,1,1.0140523057935514e-12,0.9999999999989768,0.9999999999989768,0.5000000000005116,-0.01936695685338332
2025-04-04,-0.0756801833067413,0.0321879416949805,1,1.5326254994935786e-14,1.0,1.0,0.5,-0.029114995905221895
2025-04-07,-0.0374259853583152,0.0315404692186622,1,4.556660968484501e-09,0.9999999954433179,0.9999999954433179,0.5000000022783411,-0.04044550987607926
2025-04-08,-0.0511020177507654,0.0325467565842087,1,3.071463555940897e-11,0.9999999999693046,0.9999999999693046,0.5000000000153477,-0.051618047448084736
2025-04-09,0.1426175282572716,0.0474827598153734,1,2.3186739539345366e-35,1.0,1.0,0.5,-0.02372083025846806
2025-04-10,-0.0433186330988956,0.0478261363542482,1,3.3372588053933423e-22,1.0,1.0,0.5,-0.01298185825148918
2025-04-11,0.0397920933009101,0.0486148964593513,1,2.4782893188109432e-21,1.0,1.0,1.0,0.0101125970700411
2025-04-14,0.0218144551248946,0.048936547685026,1,6.309773878482048e-21,1.0,1.0,1.0,0.02196068516668306
2025-04-15,-0.0018782103745143,0.0489303181651933,1,7.315193233694857e-21,1.0,1.0,1.0,0.031805446641933285
2025-04-16,-0.0397115328962602,0.0494859727867007,1,2.3333082271333767e-23,1.0,1.0,0.5,-0.004660365588773076
2025-04-17,0.0138532321163747,0.0496673959949813,1,1.7290291290860133e-21,1.0,1.0,1.0,0.006774007454280985
2025-04-21,-0.0195833107469645,0.0494613315974206,1,5.783987753577316e-22,1.0,1.0,0.5,-0.005101073355293936
2025-04-22,0.0334977117010329,0.0501188652490019,1,1.791062651073754e-22,1.0,1.0,0.5,-0.002764422040066278
2025-04-23,0.0240402908685229,0.0503766614961127,1,2.264253868337017e-22,1.0,1.0,1.0,0.0024192782085411626
2025-04-24,0.0182584375222399,0.0506094579961792,1,1.8483763610807243e-22,1.0,1.0,1.0,0.01401327229224118
2025-04-25,0.0043577577482871,0.0505425960386003,1,2.625436366892772e-22,1.0,1.0,1.0,0.012114177418623662
2025-04-28,0.0041009150270929,0.0502563528302388,1,4.911594535178546e-22,1.0,1.0,1.0,0.016851022573435143
2025-04-29,0.0050789566004854,0.0500437403398849,1,7.940453742001255e-22,1.0,1.0,1.0,0.011167271553325642
2025-04-30,0.0060890648146299,0.0500547930913549,1,7.830260967339722e-22,1.0,1.0,1.0,0.0075770263425470425
2025-05-01,0.0038514415743526,0.050059280401136,1,7.536569398795241e-22,1.0,1.0,1.0,0.004695627152969583
2025-05-02,-0.0380775489578871,0.0457466318003955,1,6.32398199842416e-20,1.0,1.0,0.5,-0.0037914341882652565
2025-05-05,-0.0319639459131469,0.0428674534577576,1,5.251856411251864e-17,1.0,1.0,0.5,-0.011004406376313216
2025-05-06,-0.0019124458208532,0.0418404486723884,1,1.3293834999285533e-14,1.0,1.0,0.5,-0.012402686860580936
2025-05-07,-0.0114501495647338,0.0399650013638449,1,1.5329739937974792e-09,0.9999999984670467,0.9999999984670467,0.5000000007664767,-0.015910529736453675
2025-05-08,0.0062986166350814,0.0239322814723937,0,0.9990968221057386,0.0009031778942502915,0.0009031778942502915,0.9995484110528748,-0.015421094724307916
2025-05-09,0.0052522589126451,0.0217022758428682,0,0.9999999489191409,5.1080825799356295e-08,5.1080825799356295e-08,0.9999999744595871,-0.006755133150201477
2025-05-12,0.0612326502313344,0.0240639544663685,0,0.9999971906449573,2.8093550254243165e-06,2.8093550254243165e-06,1.0,0.011884186078694783
2025-05-13,0.0101010682824078,0.0237261499010272,0,0.9999999211037252,7.889623193375329e-08,7.889623193375329e-08,1.0,0.014286888899346983
2025-05-14,-0.0028218060429067,0.0237364004260505,0,0.9999998014884764,1.985115481741407e-07,1.985115481741407e-07,1.0,0.016012557603712403
2025-05-15,-0.004153067240938,0.0216459534249688,0,0.9999999856655678,1.433444676259065e-08,1.433444676259065e-08,1.0,0.013922220828508521
2025-05-16,-0.0008989847417763,0.0215545287056686,0,0.9999999908637847,9.13621895098933e-09,9.13621895098933e-09,1.0,0.012691972097624243
2025-05-19,-0.0118085503929535,0.0211819653768541,0,0.9999999794213184,2.0578728226918348e-08,2.0578728226918348e-08,0.9999999897106359,-0.0019162680272333376
2025-05-20,-0.0092387743167435,0.020176463878291,0,0.999999995862936,4.1370201436028795e-09,4.1370201436028795e-09,0.99999999793149,-0.005784236547063597
2025-05-21,-0.0233291724862556,0.0202106644053128,0,0.9999999580518315,4.19481971142514e-08,4.19481971142514e-08,0.9999999790259014,-0.009885709835733378
2025-05-22,-0.0036188097782022,0.0197252242051787,0,0.9999999987969659,1.2030840196366757e-09,1.2030840196366757e-09,0.9999999993984581,-0.009778858343186217
2025-05-23,-0.0307110024965631,0.0206981775460882,0,0.9999996562913247,3.4370872049185537e-07,3.4370872049185537e-07,0.9999998281456397,-0.015741261894143578
2025-05-27,0.0249835477366178,0.0216033514728415,0,0.9999999966718178,3.3281953853314614e-09,3.3281953853314614e-09,0.9999999983359023,-0.008382842268229317
2025-05-28,0.0010482997006843,0.0215490858027615,0,0.9999999924039003,7.596106920405697e-09,7.596106920405697e-09,0.9999999962019466,-0.006325427464743757
2025-05-29,-0.0023478136587599,0.0214533028526968,0,0.9999999907579422,9.242048338906663e-09,9.242048338906663e-09,0.9999999953789758,-0.002129155699244617
2025-05-30,0.0044910652056797,0.0214644937381994,0,0.9999999948340701,5.165888828931909e-09,5.165888828931909e-09,0.9999999974170556,-0.0005071807024682372
2025-06-02,0.0042230412957919,0.0198434492311799,0,0.9999999993340225,6.659941672998653e-10,6.659941672998653e-10,1.0,0.0064796280560027635
2025-06-03,0.0077536736046803,0.0185061365223045,0,0.9999999999006377,9.941093636769666e-11,9.941093636769666e-11,1.0,0.003033653229615263
2025-06-04,-0.0022161650182517,0.0185089102512654,0,0.9999999997644409,2.355289600383679e-10,2.355289600383679e-10,1.0,0.002380760285828063
2025-06-05,-0.0108564470810168,0.0184881203188705,0,0.9999999993253823,6.746344545683228e-10,6.746344545683228e-10,1.0,0.0006790336013766833
2025-06-06,0.016265235095852,0.0187658905610072,0,0.9999999999088232,9.112030137895804e-11,9.112030137895804e-11,1.0,0.003033867579411143
2025-06-09,-0.012186486101307,0.0189943089757579,0,0.9999999985105887,1.4893958475881295e-09,1.4893958475881295e-09,0.9999999992553021,-0.00024803790000863695
2025-06-10,0.0060377579033184,0.0127266986621453,0,0.9999999999998863,1.7013429539963801e-13,1.7013429539963801e-13,0.999999999999915,-0.000591221040281017
2025-06-11,-0.0193803229495792,0.0129608786518348,0,0.9999999999930651,6.968533987459558e-12,6.968533987459558e-12,0.9999999999965157,-0.004024052626546517
2025-06-12,0.0021106373444385,0.0130200184396352,0,0.9999999999996589,3.3100170156094093e-13,3.3100170156094093e-13,0.9999999999998346,-0.001430635741455457
2025-06-13,-0.0139013720870196,0.0132385396711621,0,0.9999999999964757,3.478019690023486e-12,3.478019690023486e-12,0.999999999998261,-0.007463957178029777
2025-06-16,0.0099780755938704,0.0135778304723331,0,0.9999999999996589,3.08895719195501e-13,3.08895719195501e-13,0.9999999999998456,-0.003031044838994297
2025-06-17,-0.0141098147596665,0.0136646732269012,0,0.9999999999944293,5.547437165824752e-12,5.547437165824752e-12,0.9999999999972262,-0.007060559371591277
2025-06-18,0.0047932056043868,0.0137011953200575,0,0.9999999999994316,5.251669786340794e-13,5.251669786340794e-13,0.9999999999997374,-0.0022258536607980767
2025-06-20,0.0222354719940945,0.0138513678844823,0,0.9999999999997726,2.5184600836818266e-13,2.5184600836818266e-13,1.0,0.0017991132691331235
2025-06-23,0.0024845375093719,0.01384094398857,0,0.9999999999992042,7.536286508413636e-13,7.536286508413636e-13,1.0,0.005076295188411424
2025-06-24,-0.0059731406092594,0.0119209191053848,0,0.9999999999997726,2.833996532645105e-13,2.833996532645105e-13,1.0,0.0018860519477854637
2025-06-25,0.0062708707153257,0.0106259062965977,0,1.0,2.038680256697461e-14,2.038680256697461e-14,1.0,0.005962189042783904
2025-06-26,-0.0027822676154383,0.0106468935081345,0,1.0,5.454427854683322e-14,5.454427854683322e-14,1.0,0.004447094398818884
2025-06-27,0.0003979410558218,0.0106307552919998,0,1.0,3.683409317946931e-14,3.683409317946931e-14,1.0,7.958821116434317e-05
2025-06-30,0.0201360586677076,0.0114970988870448,0,1.0,2.1637757866235418e-14,2.1637757866235418e-14,1.0,0.0036098924428314833
2025-07-01,0.0128334521029637,0.0117793652176451,0,1.0,3.965847227449916e-14,3.965847227449916e-14,1.0,0.007371210985276104
2025-07-02,0.0219872609503034,0.0125801857947857,0,0.9999999999998863,6.401150632790811e-14,6.401150632790811e-14,1.0,0.010514489032271642
2025-07-03,0.0052114644419005,0.0125523658355779,0,0.9999999999998863,1.5270335097798195e-13,1.5270335097798195e-13,1.0,0.012113235443739403
2025-07-07,-0.0170016680019276,0.0129668846910271,0,0.9999999999954525,4.5241580999079104e-12,4.5241580999079104e-12,1.0,0.008633313632189523
2025-07-08,0.0002857488879497,0.0125446074431495,0,0.9999999999997726,2.460203460096086e-13,2.460203460096086e-13,1.0,0.0046632516762379434
2025-07-09,0.005366265423001,0.0121464843218354,0,0.9999999999998863,9.95834832530061e-14,9.95834832530061e-14,1.0,0.003169814340245404
2025-07-10,0.0059969592841335,0.012145835621046,0,0.9999999999998863,9.419672412600397e-14,9.419672412600397e-14,0.9999999999999529,-2.8245992988576268e-05
2025-07-11,-0.0059022374414882,0.0112151129471001,0,0.9999999999998863,1.413036313276818e-13,1.413036313276818e-13,0.9999999999999294,-0.002250986369666316
2025-07-14,-0.0121017462769444,0.0117149519548783,0,0.9999999999994316,5.765906240523469e-13,5.765906240523469e-13,0.9999999999997118,-0.0012710020246696758
2025-07-15,0.0023460746789217,0.0110775909334065,0,1.0,4.597351640258461e-14,4.597351640258461e-14,0.999999999999977,-0.0008589368664752758
2025-07-16,0.0050087722853509,0.0109709498051215,0,1.0,3.19423784080057e-14,3.19423784080057e-14,0.999999999999984,-0.0009304354940052958
2025-07-17,-0.0006664710757385,0.0102647007192273,0,1.0,2.939827735644234e-14,2.939827735644234e-14,0.9999999999999853,-0.002263121565979696
2025-07-18,0.005508083259678,0.0102705141679743,0,1.0,1.551154791386776e-14,1.551154791386776e-14,1.0,1.8942574253544113e-05
2025-07-21,0.0061369581694599,0.0093183626106531,0,1.0,5.977659235373121e-15,5.977659235373121e-15,1.0,0.0036666834635344036
2025-07-22,0.0089956522728554,0.0094207783375761,0,1.0,5.1572653850437206e-15,5.1572653850437206e-15,1.0,0.004996598982321144
2025-07-23,-0.0011667552749852,0.0092365763446111,0,1.0,1.2043767204480932e-14,1.2043767204480932e-14,1.0,0.0037614934702539246
2025-07-24,-0.001822860871834,0.0092787564758064,0,1.0,1.356375988839877e-14,1.356375988839877e-14,1.0,0.0035302155110348244
2025-07-25,0.0005613057539117,0.0092000489634275,0,1.0,9.503451794824603e-15,9.503451794824603e-15,1.0,0.002540860009881564
2025-07-28,0.0007945430080788,0.0091943314617524,0,1.0,9.206335716965332e-15,9.206335716965332e-15,1.0,0.0014723769776053442
2025-07-29,-0.0130727461120317,0.008956183685499,0,1.0,5.3487092658506955e-14,5.3487092658506955e-14,0.9999999999999732,-0.0029413026993720757
2025-07-30,-0.0105634603194505,0.0089210517648714,0,1.0,3.419447531677512e-14,3.419447531677512e-14,0.9999999999999829,-0.004820643708265135
2025-07-31,-0.007104788725402,0.0074480897335725,0,1.0,5.623148899619913e-15,5.623148899619913e-15,0.9999999999999971,-0.005877029278978736
2025-08-01,-0.0253214950839006,0.0090338653565588,0,0.9999999999993179,6.338842437977663e-13,6.338842437977663e-13,0.999999999999683,-0.011053589446541195
2025-08-04,0.004781486560356,0.0085153479951716,0,1.0,3.264454167813748e-15,3.264454167813748e-15,0.9999999999999984,-0.010256200736085757
2025-08-05,-0.0021168743093808,0.0085043289383437,0,1.0,7.025199350653011e-15,7.025199350653011e-15,0.9999999999999964,-0.008065026375555576
2025-08-06,0.0496534067302941,0.0142622834709696,0,0.9999999999987494,1.2637927179435067e-12,1.2637927179435067e-12,1.0,0.003978347034393344
2025-08-07,0.031298675800817,0.0158135802269143,0,0.9999999999974989,2.4818620173410536e-12,2.4818620173410536e-12,1.0,0.011659039939637145
2025-08-08,0.0414853708290867,0.0180032413507621,0,0.9999999999399733,6.006091286117522e-11,6.006091286117522e-11,1.0,0.02502041312223461
2025-08-11,-0.0083723826993217,0.0178448717474892,0,0.9999999997744453,2.2554498162348744e-10,2.2554498162348744e-10,1.0,0.022389639270299064
2025-08-12,0.0108137463163939,0.0178959985986426,0,0.999999999960437,3.955999595728713e-11,3.955999595728713e-11,1.0,0.024975763395454004
2025-08-13,0.0158974216511249,0.0180693450626355,0,0.9999999999608917,3.9119544222522214e-11,3.9119544222522214e-11,1.0,0.018224566379620166
2025-08-14,-0.0023599660752877,0.0181026440019718,0,0.9999999998524345,1.475307323880263e-10,1.475307323880263e-10,1.0,0.011492838004399226
2025-08-15,-0.0051252799427783,0.0182487182995414,0,0.9999999997597797,2.4017403558904766e-10,2.4017403558904766e-10,1.0,0.0021707078500262243
2025-08-18,-0.0030271092850025,0.0183248261575225,0,0.999999999793431,2.065320036911986e-10,2.065320036911986e-10,1.0,0.0032397625328900643
2025-08-19,-0.0014302786403733,0.018329857972019,0,0.9999999998249223,1.7509053842215478e-10,1.7509053842215478e-10,1.0,0.0007909575415366244
2025-08-20,-0.0199319523278681,0.0190573867124578,0,0.9999999943312332,5.668730740107597e-09,5.668730740107597e-09,0.9999999971656346,-0.006374917254261975
2025-08-21,-0.0049233527641997,0.0191090992510666,0,0.999999999344027,6.560079266706859e-10,6.560079266706859e-10,0.999999999671996,-0.006887594592044376
2025-08-22,0.0126365547772138,0.0192317696866062,0,0.9999999998138946,1.8608982933205304e-10,1.8608982933205304e-10,0.9999999999069551,-0.003335227648045956
2025-08-25,-0.0026377932083888,0.0192696473266075,0,0.9999999993826805,6.173171083503094e-10,6.173171083503094e-10,0.9999999996913415,-0.0032573644327232158
2025-08-26,0.0094201888696586,0.018933892129331,0,0.9999999998485691,1.514486724932934e-10,1.514486724932934e-10,0.9999999999242757,-0.0010872709307168358
2025-08-27,0.0051327050688322,0.0186143708894309,0,0.9999999998634621,1.3653666248434276e-10,1.3653666248434276e-10,1.0,0.003925660548623224
2025-08-28,0.0089407693683256,0.0184126792452428,0,0.9999999999176907,8.231506499326638e-11,8.231506499326638e-11,1.0,0.006698484975128284
2025-08-29,-0.0018076536179277,0.0170231752202972,0,0.9999999999605507,3.9440173542017197e-11,3.9440173542017197e-11,1.0,0.003809643296099984
2025-09-02,-0.0104794272770025,0.0174603205645512,0,0.9999999998063913,1.9363206810362933e-10,1.9363206810362933e-10,1.0,0.002241316482377244
2025-09-03,0.0373823624781897,0.0186677869553622,0,0.9999999998925659,1.0739029121682478e-10,1.0739029121682478e-10,1.0,0.007833751204083464
2025-09-04,0.0054782551474289,0.0159049068910208,0,0.9999999999944293,5.544958060889965e-12,5.544958060889965e-12,1.0,0.007902861219802803
2025-09-05,-0.0003753809042097,0.0147821346214028,0,0.9999999999972715,2.765792041260636e-12,2.765792041260636e-12,1.0,0.006039631165295744
2025-09-08,-0.0075800588456238,0.0121248955489551,0,0.9999999999995453,4.330568928432753e-13,4.330568928432753e-13,1.0,0.004885150119756525
2025-09-09,-0.0149506179107098,0.01250110990829,0,0.9999999999979536,1.9924897258786318e-12,1.9924897258786318e-12,1.0,0.003990911993015064
2025-09-10,-0.0327912892442177,0.0144514310361254,0,0.9999999994472546,5.527057339440354e-10,5.527057339440354e-10,0.9999999997236471,-0.010043818351466416
2025-09-11,0.0141852562897259,0.0143531301504834,0,0.9999999999994316,5.631446725338232e-13,5.631446725338232e-13,0.9999999999997184,-0.008302418123007017
2025-09-12,0.0174105446777144,0.0149039199693227,0,0.9999999999990905,9.124459204168346e-13,9.124459204168346e-13,0.9999999999995437,-0.0047452330066221965
2025-09-15,0.0111732512964689,0.0150380104939184,0,0.9999999999986358,1.4106906181381471e-12,1.4106906181381471e-12,0.9999999999992947,-0.0009945709782036565
2025-09-16,0.0061071998617641,0.0150450560967302,0,0.9999999999979536,2.0166516020639085e-12,2.0166516020639085e-12,1.0,0.0032169925762911234
2025-09-17,0.0035210514987462,0.01503420294587,0,0.9999999999974989,2.4813554599772716e-12,2.4813554599772716e-12,1.0,0.010479460724883904
2025-09-18,-0.0046553964694922,0.0142392714774832,0,0.9999999999974989,2.542636698790718e-12,2.542636698790718e-12,1.0,0.006711330173040283
2025-09-19,0.0315305590544397,0.0155076811267445,0,0.9999999999982947,1.7426375818677066e-12,1.7426375818677066e-12,1.0,0.009535333048385344
2025-09-22,0.0421929268094993,0.0176025142718218,0,0.9999999999619149,3.813404353239856e-11,3.813404353239856e-11,1.0,0.015739268150991425
2025-09-23,-0.0064641063158507,0.0177201339011106,0,0.9999999998476596,1.5230322529096626e-10,1.5230322529096626e-10,1.0,0.013225006915468466
2025-09-24,-0.0083672730390043,0.017966591594344,0,0.9999999997402256,2.5971811066346215e-10,2.5971811066346215e-10,1.0,0.010847342007918363
2025-09-25,0.0179115863617917,0.0182054645986206,0,0.9999999999563443,4.3627910546574367e-11,4.3627910546574367e-11,1.0,0.015360738574175145
2025-09-26,-0.0055042032125608,0.0183443600079414,0,0.9999999997185114,2.814589615722273e-10,2.814589615722273e-10,1.0,0.007953786120775044
2025-09-29,-0.0040401101102266,0.0183927441579302,0,0.9999999997490931,2.509299156743115e-10,2.509299156743115e-10,0.999999999874535,-0.0012928212631701352
2025-09-30,0.0007857916558778,0.018076935324381,0,0.9999999998960902,1.0391126573702393e-10,1.0391126573702393e-10,1.0,0.0001571583311755647
2025-10-01,0.0032151561931075,0.0164076604553725,0,0.9999999999880629,1.1884442969336765e-11,1.1884442969336765e-11,1.0,0.0024736441775979243
2025-10-02,0.0065551066057451,0.0164164685456463,0,0.999999999990905,9.137557316553528e-12,9.137557316553528e-12,1.0,0.00020234822638860432
2025-10-03,0.0034552749860351,0.0163912873342811,0,0.9999999999886313,1.1420068717400867e-11,1.1420068717400867e-11,1.0,0.001994243866107784
2025-10-06,-0.0051679425543989,0.0163127268528602,0,0.9999999999740794,2.596510579498767e-11,2.596510579498767e-11,1.0,0.001768677377273324
2025-10-07,-0.0008183689390839,0.0157540445844952,0,0.9999999999915872,8.432900072291489e-12,8.432900072291489e-12,1.0,0.0014478452582809844
2025-10-08,0.0061413912556953,0.013080640069395,0,0.9999999999997726,2.435776729621309e-13,2.435776729621309e-13,1.0,0.0020330922707985444
2025-10-09,-0.0157004661777706,0.0138366638450576,0,0.9999999999913598,8.652441243085558e-12,8.652441243085558e-12,0.9999999999956738,-0.0024180222859045957
2025-10-10,-0.0351320237366641,0.0161446764895818,0,0.9999999943845523,5.615441550322875e-09,5.615441550322875e-09,0.9999999971922793,-0.010135482030444436
2025-10-13,0.0096971715048955,0.0161054824913726,0,0.9999999999948841,5.155455606841151e-12,5.155455606841151e-12,0.9999999999974223,-0.007162459218585558
2025-10-14,0.000444060035433,0.0160841107517667,0,0.9999999999893134,1.0705525534445458e-11,1.0705525534445458e-11,0.9999999999946472,-0.006909973423682178
2025-10-15,0.0063165381668474,0.0161103328876416,0,0.9999999999934062,6.555432344288424e-12,6.555432344288424e-12,0.9999999999967223,-0.006874944041451757
2025-10-16,-0.0076088803030731,0.0161890498604702,0,0.9999999999690772,3.095567184873644e-11,3.095567184873644e-11,0.9999999999845222,-0.005256626866512257
2025-10-17,0.0193706142980667,0.0152198523170334,0,0.9999999999987494,1.2329690272888043e-12,1.2329690272888043e-12,1.0,0.005643900740433904
2025-10-20,0.0386809158687481,0.0147365803519237,0,0.9999999999990905,9.46966797408026e-13,9.46966797408026e-13,1.0,0.011440649613204424
2025-10-21,0.0020189842515379,0.0146263968132322,0,0.999999999998181,1.830050728793675e-12,1.830050728793675e-12,1.0,0.011755634456425404
2025-10-22,-0.0165767953138515,0.0150308204427213,0,0.9999999999650981,3.487763428149765e-11,3.487763428149765e-11,1.0,0.007176967760285624
2025-10-23,0.0043625731967996,0.0145352403142483,0,0.9999999999986358,1.3348093979465382e-12,1.3348093979465382e-12,1.0,0.009571258460260164
2025-10-24,0.0124046224313807,0.0146950370774974,0,0.9999999999990905,8.990601151705229e-13,8.990601151705229e-13,1.0,0.008178060086922965
2025-10-27,0.0225352814916037,0.0153617061741876,0,0.9999999999986358,1.3714209079295983e-12,1.3714209079295983e-12,1.0,0.0049489332114940835
2025-10-28,0.0007065817472201,0.0153622491479391,0,0.9999999999953388,4.661882050410225e-12,4.661882050410225e-12,1.0,0.004686452710630524
2025-10-29,0.0025989202282576,0.01536187449374,0,0.9999999999961346,3.876924168243826e-12,3.876924168243826e-12,1.0,0.008521595819052343
2025-10-30,0.0062834438049239,0.0153584192700854,0,0.9999999999971578,2.816376178293427e-12,2.816376178293427e-12,1.0,0.008905769940677204
2025-10-31,-0.003802316392924,0.0154252433016445,0,0.9999999999918145,8.218652134500609e-12,8.218652134500609e-12,1.0,0.005664382175816263
2025-11-03,-0.0048941700975957,0.0154183520288469,0,0.9999999999906777,9.317942626025444e-12,9.317942626025444e-12,1.0,0.0001784918579763834
2025-11-04,0.0036728713253906,0.015402454112521,0,0.999999999996362,3.677709545970179e-12,3.677709545970179e-12,1.0,0.0007717497736104835
2025-11-05,0.0003702891939807,0.0153861929418837,0,0.9999999999949978,4.953459959043239e-12,4.953459959043239e-12,1.0,0.0003260235667551034
2025-11-06,-0.001370664856813,0.0148279862908383,0,0.9999999999968168,3.2390465999617922e-12,3.2390465999617922e-12,0.9999999999983804,-0.0012047981655922766
2025-11-07,-0.0048305519247427,0.0120057778159609,0,0.9999999999997726,2.6459406471584173e-13,2.6459406471584173e-13,0.9999999999998677,-0.0014104452719560167
2025-11-10,0.0045383652656735,0.0119439288813991,0,0.9999999999998863,8.747339819725141e-14,8.747339819725141e-14,1.0,0.0004760618006978233
2025-11-11,0.0213711864359464,0.0124958563562879,0,0.9999999999998863,5.927741577730242e-14,5.927741577730242e-14,1.0,0.004015724822808983
2025-11-12,-0.006487844507194,0.012766513914445,0,0.9999999999993179,7.055268299696323e-13,7.055268299696323e-13,1.0,0.002644098082574044
2025-11-13,-0.0019032581452385,0.0125394851461252,0,0.9999999999996589,3.1352936341575024e-13,3.1352936341575024e-13,1.0,0.0025375794248889442
2025-11-14,-0.0019803751859178,0.0121502058369633,0,0.9999999999997726,2.1398641381380268e-13,2.1398641381380268e-13,1.0,0.0031076147726539238
2025-11-17,-0.0183383072681993,0.010066807108126,0,0.9999999999996589,3.718746074331733e-13,3.718746074331733e-13,0.999999999999814,-0.0014677197341206364
2025-11-18,-7.473925559643532e-05,0.0100669108384864,0,1.0,2.2788448092225e-14,2.2788448092225e-14,0.9999999999999887,-0.005756904872429204
2025-11-19,0.0041790923404071,0.0091997438723972,0,1.0,6.455255170312476e-15,6.455255170312476e-15,0.9999999999999968,-0.003623517502908984
2025-11-20,-0.0086386265574153,0.0094767325673648,0,1.0,4.1529304041274054e-14,4.1529304041274054e-14,0.9999999999999792,-0.004970591185344343
2025-11-21,0.0194895532890237,0.0100293185846066,0,1.0,5.090041927789674e-15,5.090041927789674e-15,0.9999999999999974,-0.0006766054903560436
2025-11-24,0.016185746981243,0.0094158438882324,0,1.0,3.2365421499138524e-15,3.2365421499138524e-15,1.0,0.0062282053595324165
2025-11-25,0.0037981841864668,0.0094300267264252,0,1.0,8.292727327164633e-15,8.292727327164633e-15,1.0,0.007002790047945064
2025-11-26,0.0020918516744236,0.009427621628455,0,1.0,9.880774162052102e-15,9.880774162052102e-15,1.0,0.0065853419147483645
2025-11-28,0.0046729715689383,0.009391269392447,0,1.0,7.338676780885951e-15,7.338676780885951e-15,1.0,0.009247661540019084
2025-12-01,0.0151261889536981,0.0097846802617597,0,1.0,4.859636576429631e-15,4.859636576429631e-15,1.0,0.008374988672953963
2025-12-02,0.0108557207642249,0.0098048343158309,0,1.0,6.448412436750615e-15,6.448412436750615e-15,1.0,0.007308983429550343
2025-12-03,-0.0071536881784303,0.0100689668174879,0,0.9999999999998863,5.721999512135388e-14,5.721999512135388e-14,1.0,0.0051186089565709225
2025-12-04,-0.0122157194075665,0.0105949015323389,0,0.9999999999997726,2.0341586392847222e-13,2.0341586392847222e-13,1.0,0.0022570947401729037
2025-12-05,-0.0068635909326489,0.0107559135847701,0,0.9999999999998863,1.0428457950542735e-13,1.0428457950542735e-13,0.9999999999999478,-5.021776014453652e-05
2025-12-08,-0.0031975312758841,0.0107099001709822,0,0.9999999999998863,6.102094026516853e-14,6.102094026516853e-14,0.9999999999999695,-0.0037149618060609763
2025-12-09,-0.0025583164305193,0.0107309899580566,0,0.9999999999998863,5.746263250296748e-14,5.746263250296748e-14,0.9999999999999712,-0.006397769245009816
2025-12-10,0.0057558477064034,0.0097236059856741,0,1.0,9.033187282947862e-15,9.033187282947862e-15,0.9999999999999956,-0.003815862068043077
2025-12-11,-0.0026939187761114,0.009613675763271,0,1.0,2.0547278753330145e-14,2.0547278753330145e-14,0.9999999999999898,-0.0019115019417520565
2025-12-12,0.0008987795219441,0.0095921885995294,0,1.0,1.311258300878554e-14,1.311258300878554e-14,0.9999999999999934,-0.0003590278508334565
2025-12-15,-0.0150983644301995,0.0102315179782419,0,0.9999999999997726,2.380359954908027e-13,2.380359954908027e-13,0.999999999999881,-0.0027391944816965363
2025-12-16,0.0018224236954371,0.0092428007313053,0,1.0,8.584139139141106e-15,8.584139139141106e-15,0.9999999999999958,-0.0018630464565052563
2025-12-17,-0.010138211482018,0.0095900752734558,0,0.9999999999998863,5.801310683687735e-14,5.801310683687735e-14,0.9999999999999709,-0.005041858294189536
2025-12-18,0.00128671636708,0.0095584455859901,0,1.0,1.2172487287258078e-14,1.2172487287258078e-14,0.9999999999999939,-0.004245731265551256
2025-12-19,0.0054226892243876,0.0093525360228873,0,1.0,6.5912498658142204e-15,6.5912498658142204e-15,0.9999999999999967,-0.003340949325062556
2025-12-22,-0.0099149318937192,0.0086389136694824,0,1.0,2.4072336485559246e-14,2.4072336485559246e-14,0.999999999999988,-0.002304262817766496
2025-12-23,0.0051165486815904,0.0078604202785753,0,1.0,1.7642285262621898e-15,1.7642285262621898e-15,0.9999999999999991,-0.0016454378205358361
2025-12-24,0.005309759449072,0.0079125284270744,0,1.0,4.33628722107251e-14,4.33628722107251e-14,1.0,0.0014441563656821636
