Date,TIP_ret,TIP_vol,regime,prob_regime_0,prob_regime_1,p_high_vol,risk_scale,momentum
2024-08-20,0.0039567439703914,0.0028678103199273,0,1.0,8.318819004168923e-41,8.318819004168923e-41,1.0,
2024-08-21,0.0022016062665905,0.002728653787215,0,0.9998668288463168,0.00013317115371663945,0.00013317115371663945,0.9999334144231417,
2024-08-22,-0.0031204476778421,0.0028710906349673,0,0.9994468344327946,0.000553165567237466,0.000553165567237466,0.9997234172163812,
2024-08-23,0.005317217520232,0.002998457286472,0,0.9990028738943458,0.0009971261057074412,0.0009971261057074412,0.9995014369471462,
2024-08-26,9.12459659045207e-05,0.003005128464399,0,0.999211042789636,0.0007889572103135903,0.0007889572103135903,1.0,0.0016892732090552642
2024-08-27,0.0,0.0030123071657556,0,0.9994588387374991,0.0005411612624776552,0.0005411612624776552,1.0,0.0008979244149769841
2024-08-28,-9.124596590456968e-05,0.0028193686223274,0,0.9997712495139394,0.0002287504860337397,0.0002287504860337397,1.0,0.0004393539684779702
2024-08-29,-0.0013725245648064,0.0028486225616828,0,0.9998630824934572,0.00013691750653955476,0.00013691750653955476,1.0,0.0007889385910851102
2024-08-30,-0.0032096106388521,0.0027734406004696,0,0.9999088223044987,9.117769545153147e-05,9.117769545153147e-05,0.9999544111522742,-0.0009164270407317097
2024-09-03,0.0020192768801222,0.0027360022899482,0,0.9999616550724978,3.8344927470152014e-05,3.8344927470152014e-05,0.9999808275362649,-0.0005308208578881739
2024-09-04,0.0026554834406453,0.0024196758288667,0,0.9999886174077608,1.1382592218961119e-05,1.1382592218961119e-05,1.0,2.7583024088612476e-07
2024-09-05,0.0006400112140604,0.0022731025720338,0,0.9999954401716246,4.55982835826884e-06,4.55982835826884e-06,1.0,0.00014652726623388005
2024-09-06,0.0006394568736083,0.0022424400080973,0,0.9999959724782844,4.027521713327248e-06,4.027521713327248e-06,1.0,0.00054892355391682
2024-09-09,0.0022808143074641,0.0022299671783032,0,0.9999948916632511,5.108336767163321e-06,5.108336767163321e-06,1.0,0.0016470085431800601
2024-09-10,0.0021845483095933,0.0022098711281719,0,0.999995117359373,4.882640624108163e-06,4.882640624108163e-06,1.0,0.00168006282907428
2024-09-11,0.0006363461652048,0.0021843782872458,0,0.9999962857675284,3.7142324690643244e-06,3.7142324690643244e-06,1.0,0.00127623537398618
2024-09-12,0.0001816667267241,0.0021697405520401,0,0.999996319206228,3.68079379575504e-06,3.68079379575504e-06,1.0,0.00118456647651892
2024-09-13,0.0033559373492479,0.0021461331838832,0,0.9999931816747066,6.8183253467791134e-06,6.8183253467791134e-06,1.0,0.00172786257164684
2024-09-16,0.0034348197473352,0.0021927942792308,0,0.9999927517184305,7.248281614485535e-06,7.248281614485535e-06,1.0,0.00195866365962106
2024-09-17,-0.0003609784941792,0.0022157450920615,0,0.999995759600106,4.240399892292337e-06,4.240399892292337e-06,1.0,0.0014495582988665599
2024-09-18,-0.0037079395420924,0.0023493558706027,0,0.999990232004238,9.767995803908315e-06,9.767995803908315e-06,1.0,0.00058070115740712
2024-09-19,0.0029855197003296,0.0023822327483274,0,0.9999916164336031,8.383566429589445e-06,8.383566429589445e-06,1.0,0.0011414717521282202
2024-09-20,-0.0013557928994022,0.0022618301687224,0,0.9999954874368266,4.5125632208938576e-06,4.5125632208938576e-06,1.0,0.0001991257023982001
2024-09-23,9.024717069206232e-05,0.0020013621432643,0,0.9999966224686627,3.3775313908954947e-06,3.3775313908954947e-06,0.9999983112343045,-0.00046978881293042746
2024-09-24,0.0024393294710944,0.0020412090245254,0,0.9999949835629054,5.016437043613905e-06,5.016437043613905e-06,1.0,9.027278012429252e-05
2024-09-25,-0.0037967685505125,0.0022706795203964,0,0.9999916331607759,8.366839167505749e-06,8.366839167505749e-06,1.0,7.250697844027252e-05
2024-09-26,-0.0012690876466562,0.0023014076723812,0,0.9999950650299195,4.934970024757279e-06,4.934970024757279e-06,0.9999975325149877,-0.0007784144909568875
2024-09-27,0.0024456652123332,0.0023029420449372,0,0.9999941698504805,5.8301495561897295e-06,5.8301495561897295e-06,0.9999970849252219,-1.8122868609807447e-05
2024-09-30,-0.0006335244988653,0.002144386834155,0,0.9999961898391629,3.810160841656843e-06,3.810160841656843e-06,0.9999980949195793,-0.0001628772025212799
2024-10-01,0.0032752721276332,0.0022013574085425,0,0.9999920507776682,7.949222370844087e-06,7.949222370844087e-06,1.0,4.311328786480058e-06
2024-10-02,-0.0009037006376231,0.0021878008341536,0,0.9999819358192967,1.806418069457504e-05,1.806418069457504e-05,1.0,0.00058292491136436
2024-10-03,-0.0042583595496893,0.0024454096978127,0,0.9997581606119071,0.00024183938807667186,0.00024183938807667186,0.9998790803059616,-1.4929469242259963e-05
2024-10-04,-0.0068326485087034,0.0029274682106898,0,0.9988364740728726,0.0011635259271064822,0.0011635259271064822,0.9994182370364468,-0.00187059221344958
2024-10-07,-0.0010975895145026,0.0028867017395968,0,0.9993707214467803,0.0006292785532440503,0.0006292785532440503,0.999685360723378,-0.00196340521657704
2024-10-08,0.0016459690587617,0.0028661243218068,0,0.9996446472237659,0.0003553527762793551,0.0003553527762793551,0.9998223236118603,-0.00228926583035134
2024-10-09,-0.0018291266851329,0.0028818579836284,0,0.999756151048647,0.00024384895132685831,0.00024384895132685831,0.9998780755243366,-0.0024743510398533
2024-10-10,0.0020118047754105,0.0029269792551331,0,0.9998353212939781,0.00016467870604729815,0.00016467870604729815,0.9999176606469764,-0.00122031817483334
2024-10-11,9.132653243091374e-05,0.0028056934916684,0,0.9999332312571199,6.676874285571049e-05,6.676874285571049e-05,1.0,0.00016447683339352283
2024-10-14,-0.0010053408533521,0.0026597141053482,0,0.9999747678192671,2.5232180696704756e-05,2.5232180696704756e-05,1.0,0.0001829265656236228
2024-10-15,0.0010966590460093,0.0026865392400615,0,0.9999809918593969,1.9008140603819533e-05,1.9008140603819533e-05,1.0,7.306456307314274e-05
2024-10-16,0.0001826113720837,0.002583217194564,0,0.9999808393998443,1.9160600100360425e-05,1.9160600100360425e-05,1.0,0.00047541217451646273
2024-10-17,-0.0030178685371888,0.002525101170821,0,0.9999298200373677,7.01799626716298e-05,7.01799626716298e-05,0.9999649100186642,-0.0005305224880033973
2024-10-18,0.001647107221941,0.002568948853734,0,0.9996624800561403,0.00033751994386039283,0.00033751994386039283,0.9998312400280698,-0.00021936635010138002
2024-10-21,-0.0072499792212738,0.0029746059017699,0,0.9977273095992538,0.0022726904007831857,0.0022726904007831857,0.9988636547996084,-0.0014682940236857198
2024-10-22,0.0013806556091852,0.0029218888537158,0,0.998665139980251,0.001334860019798657,0.001334860019798657,0.9993325699901007,-0.00141149471105054
2024-10-23,-0.002486612698755,0.0028678510216613,0,0.9992081244110291,0.0007918755890083548,0.0007918755890083548,0.9996040622054958,-0.00194533952521828
2024-10-24,0.0010137920120649,0.0028951885378128,0,0.9995738563106189,0.0004261436893958788,0.0004261436893958788,0.999786928155302,-0.0011390074153675399
2024-10-25,-0.0026748047334518,0.0028255008411432,0,0.9997546104043906,0.0002453895956528816,0.0002453895956528816,0.9998773052021735,-0.0020033898064461
2024-10-28,-0.0019414517048703,0.0028321337857726,0,0.9998738721581083,0.00012612784186552263,0.00012612784186552263,0.9999369360790673,-0.0009416843031654
2024-10-29,0.001479630282527,0.0027138732823573,0,0.9999506093966019,4.9390603408175964e-05,4.9390603408175964e-05,0.999975304698296,-0.0009218893684970399
2024-10-30,0.0019385108569806,0.0027998095681161,0,0.9999601180905497,3.98819093946337e-05,3.98819093946337e-05,0.9999800590453027,-3.686465734991993e-05
2024-10-31,-0.0011073857962259,0.0026931513807242,0,0.9999766880340696,2.3311965973607365e-05,2.3311965973607365e-05,0.9999883440170132,-0.00046110021900807994
2024-11-01,-0.0042688488447674,0.0024420993370644,0,0.9999806609634883,1.9339036477474608e-05,1.9339036477474608e-05,0.9999903304817612,-0.0007799090412711999
2024-11-04,0.0016691118106249,0.0024967119820721,0,0.9999906570742393,9.342925729886536e-06,9.342925729886536e-06,0.999995328537135,-5.779633817215991e-05
2024-11-05,0.0009258701233849,0.0024680834199011,0,0.9999927311352369,7.268864805221701e-06,7.268864805221701e-06,0.9999963655675974,-0.00016854837000057992
2024-11-06,-0.0015748054396594,0.0024621044669244,0,0.9999897423727772,1.0257627248621809e-05,1.0257627248621809e-05,0.9999948711863758,-0.0008712116293285799
2024-11-07,0.0037014030244606,0.0025822922690068,0,0.99996456330314,3.5436696819778214e-05,3.5436696819778214e-05,1.0,9.054613480872012e-05
2024-11-08,0.0027670343070262,0.0026824570031188,0,0.9999104063012242,8.959369872025725e-05,8.959369872025725e-05,1.0,0.0014977227651674402
2024-11-11,-0.0033214489861428,0.002759922066846,0,0.9997161293243759,0.00028387067562129283,0.00028387067562129283,1.0,0.0004996106058139001
2024-11-12,-0.0052814067347022,0.0029299388932624,0,0.9993764448548897,0.0006235551450878952,0.0006235551450878952,0.999688222427456,-0.00074184476580352
2024-11-13,-0.0018597840833536,0.0029290796065524,0,0.9995884698140332,0.000411530185989599,0.000411530185989599,0.9997942349070053,-0.00079884049454236
2024-11-14,-0.0001860507857643,0.0028901650509036,0,0.9997972085106344,0.00020279148938101088,0.00020279148938101088,0.9998986042553095,-0.0015763312565873397
2024-11-15,0.0002792475200825,0.0028457628447611,0,0.9999150358464577,8.496415348622173e-05,8.496415348622173e-05,0.9999575179232569,-0.00207388861397608
2024-11-18,0.0024167616928935,0.0024996077481318,0,0.9999803404942725,1.9659505694741984e-05,1.9659505694741984e-05,0.9999901702471526,-0.0009262464781688198
2024-11-19,0.0015769958585692,0.0025071636268475,0,0.9999905858815944,9.414118355099301e-06,9.414118355099301e-06,1.0,0.00044543404048546007
2024-11-20,-0.00046355124487,0.0024565846807415,0,0.999993401799597,6.598200452303347e-06,6.598200452303347e-06,1.0,0.00072468060818218
2024-11-21,-0.0012991760896977,0.0024486087382476,0,0.9999929449987696,7.055001227280147e-06,7.055001227280147e-06,1.0,0.0005020555473955001
2024-11-22,0.0007425719980814,0.0023973635056902,0,0.9999895518293571,1.044817069469245e-05,1.044817069469245e-05,1.0,0.0005947204429952801
2024-11-25,0.0054596698904318,0.0026686982116914,0,0.9999333436303123,6.665636967107891e-05,6.665636967107891e-05,1.0,0.00120330208250294
2024-11-26,-0.0023096197009995,0.002705804269969,0,0.9999534933495728,4.650665043145564e-05,4.650665043145564e-05,1.0,0.0004259789705892002
2024-11-27,0.003139793282717,0.0027640349492412,0,0.9999477958715813,5.2204128471626096e-05,5.2204128471626096e-05,1.0,0.0011466478761066
2024-11-29,0.0028545224559085,0.0028181398762019,0,0.9999509745044914,4.9025495504588436e-05,4.9025495504588436e-05,1.0,0.00197738758522784
2024-12-02,-0.0005528635858155,0.0026201876788685,0,0.9999825126618553,1.748733815282671e-05,1.748733815282671e-05,1.0,0.0017183004684484602
2024-12-03,0.0004606437493945,0.0026040958789368,0,0.9999870827135564,1.2917286393561683e-05,1.2917286393561683e-05,1.0,0.0007184952402410003
2024-12-04,0.0028515989696218,0.0026605728848712,0,0.9999803371064714,1.9662893527669222e-05,1.9662893527669222e-05,1.0,0.0017507389743652603
2024-12-05,-0.0011948325845052,0.0026465217923552,0,0.9999853001755082,1.4699824538310993e-05,1.4699824538310993e-05,1.0,0.0008838138009208201
2024-12-06,0.0008272823339998,0.0025387500167247,0,0.9999908199295807,9.180070397363766e-06,9.180070397363766e-06,1.0,0.00047836577653908013
2024-12-09,-0.0018393435860178,0.0025163398175121,0,0.9999910286446697,8.97135532401001e-06,8.97135532401001e-06,1.0,0.00022106977649862018
2024-12-10,-0.0003684352668884,0.002387418454102,0,0.9999947080084631,5.29199154146827e-06,5.29199154146827e-06,1.0,5.5253973242040135e-05
2024-12-11,-0.0014743706733813,0.0020500472435363,0,0.9999962521394283,3.7478605293319162e-06,3.7478605293319162e-06,0.9999981260697353,-0.0008099399553585799
2024-12-12,-0.0032332142734942,0.0021520640746634,0,0.9999941780295187,5.821970433008903e-06,5.821970433008903e-06,0.9999970890147836,-0.0012176162931563797
2024-12-13,-0.0027795768696098,0.0022634991138777,0,0.9999940192900924,5.980709893178522e-06,5.980709893178522e-06,0.9999970096450534,-0.0019389881338783
2024-12-16,-0.0011140711108795,0.0022840524459153,0,0.9999950229596316,4.977040322252837e-06,4.977040322252837e-06,0.999997511479839,-0.0017939336388506396
2024-12-17,-0.0005573910891495,0.002227216276679,0,0.9999878217480817,1.2178251869210881e-05,1.2178251869210881e-05,0.9999939108740654,-0.0018317248033028594
2024-12-18,-0.0063491401379294,0.0026107951627284,0,0.9998548382396083,0.0001451617603713079,0.0001451617603713079,0.9999274191198144,-0.00280667869621248
2024-12-19,-0.0040359656643629,0.0027373906810894,0,0.9998838662499175,0.00011613375004607738,0.00011613375004607738,0.999941933124977,-0.00296722897438622
2024-12-20,0.0019731036003076,0.0027868828889551,0,0.9999386380489561,6.13619510379948e-05,6.13619510379948e-05,0.9999693190244809,-0.00201669288040274
2024-12-23,-0.0013148213042514,0.0027814265222505,0,0.9999633288200049,3.6671180051271e-05,3.6671180051271e-05,0.9999816644099744,-0.0020568429190771197
2024-12-24,0.0022530067089721,0.0024992591305466,0,0.9999874105835792,1.2589416403479778e-05,1.2589416403479778e-05,0.9999937052917982,-0.0014947633594527999
2024-12-26,0.0,0.0024711652439344,0,0.9999929591684834,7.040831480724648e-06,7.040831480724648e-06,0.9999964795842596,-0.00022493533186691977
2024-12-27,-0.0025350640280064,0.0023513938158484,0,0.9999930365669638,6.9634330362255506e-06,6.9634330362255506e-06,1.0,7.524499540438019e-05
2024-12-30,0.0029100474626117,0.0023559720779192,0,0.999992385469796,7.614530194077301e-06,7.614530194077301e-06,1.0,0.0002626337678652002
2024-12-31,-0.0012193403245789,0.002356951109469,0,0.9999946167011393,5.383298881371778e-06,5.383298881371778e-06,1.0,0.0002817299637997002
2025-01-02,0.0015006521513406,0.0023981988577802,0,0.9999941810025259,5.8189974887419796e-06,5.8189974887419796e-06,1.0,0.00013125905227340026
2025-01-03,-0.0020639036469723,0.0022534008537726,0,0.9999951179475858,4.8820524219022285e-06,4.8820524219022285e-06,0.9999975589737891,-0.00028152167712105976
2025-01-06,0.0,0.0022646328756898,0,0.9999959801059584,4.0198939873785176e-06,4.0198939873785176e-06,1.0,0.0002254911284802202
2025-01-07,-0.0015977032810332,0.0022279026805209,0,0.9999955514898641,4.448510133224465e-06,4.448510133224465e-06,0.9999977757449334,-0.0006760590202487598
2025-01-08,0.0026301134907986,0.0023687297617967,0,0.999992353488682,7.646511263641367e-06,7.646511263641367e-06,1.0,9.383174282674017e-05
2025-01-10,-0.0035709753232983,0.0024402899169233,0,0.9999875565416685,1.2443458354662614e-05,1.2443458354662614e-05,0.9999937782708226,-0.0009204937521010397
2025-01-13,0.0,0.0024483815912562,0,0.9999892387137743,1.0761286268540391e-05,1.0761286268540391e-05,0.9999946193568657,-0.0005077130227065798
2025-01-14,0.0003763915158337,0.0024042647206577,0,0.9999488017975635,5.119820241324263e-05,5.119820241324263e-05,0.9999744008987934,-0.0004324347195398398
2025-01-15,0.0069399505677941,0.0029073658677826,0,0.9994281086574638,0.0005718913425449153,0.0005718913425449153,1.0,0.0012750960502256202
2025-01-16,0.0013073796971326,0.0029215720363038,0,0.9996750667141416,0.00032493328587016035,0.00032493328587016035,1.0,0.0010105492914924204
2025-01-17,0.0003735285540571,0.0029224519900477,0,0.9998422164696549,0.00015778353031605877,0.00015778353031605877,1.0,0.0017994500669635005
2025-01-21,0.0007460498371471,0.0025310772712385,0,0.9999760046126018,2.399538740177014e-05,2.399538740177014e-05,1.0,0.0019486600343929204
2025-01-22,-0.001119578391204,0.0023496606107111,0,0.9999936124483434,6.387551637437751e-06,6.387551637437751e-06,1.0,0.00164946605298538
2025-01-23,0.0009331549226886,0.0023239028026225,0,0.999995154969297,4.845030752995098e-06,4.845030752995098e-06,1.0,0.0004481069239642803
2025-01-24,0.0017700623591414,0.0023115071964853,0,0.9999941603552975,5.839644669506055e-06,5.839644669506055e-06,1.0,0.0005406434563660403
2025-01-27,0.0041800747113086,0.0024265316079913,0,0.9999862961113815,1.3703888670978896e-05,1.3703888670978896e-05,1.0,0.0013019526878163402
2025-01-28,0.0006486077734695,0.0024227308385118,0,0.9999936969522569,6.303047699992158e-06,6.303047699992158e-06,1.0,0.0012824642750808204
2025-01-29,-0.0012049132517934,0.0023489709973975,0,0.9999949172572111,5.082742837603017e-06,5.082742837603017e-06,1.0,0.0012653973029629405
2025-01-30,0.0010196814763476,0.0022917220575788,0,0.999995562617255,4.437382785251002e-06,4.437382785251002e-06,1.0,0.0012827026136947404
2025-01-31,0.0007409406525642,0.0022521837354885,0,0.9999958753386208,4.124661348789486e-06,4.124661348789486e-06,1.0,0.0010768782723793004
2025-02-03,0.0023119530183186,0.0022749253125806,0,0.9999945602863978,5.439713586614269e-06,5.439713586614269e-06,1.0,0.0007032539337813004
2025-02-04,0.0016612152990304,0.0021856542538159,0,0.9999951383776932,4.861622266699393e-06,4.861622266699393e-06,1.0,0.0009057754388934802
2025-02-05,0.0044166080358485,0.0023088087998882,0,0.9999877606329439,1.2239367098968508e-05,1.2239367098968508e-05,1.0,0.0020300796964218605
2025-02-06,-0.0017458272208398,0.0023182312738996,0,0.9999940292858341,5.970714138619744e-06,5.970714138619744e-06,1.0,0.0014769779569843804
2025-02-07,-0.0026707808150087,0.002436584901261,0,0.9999916986294105,8.301370602610133e-06,8.301370602610133e-06,1.0,0.0007946336634698003
2025-02-10,0.0004609836272287,0.0022070422901988,0,0.9999954489173994,4.551082597028026e-06,4.551082597028026e-06,1.0,0.00042443978525182025
2025-02-11,-0.0002765501137311,0.0022148673747432,0,0.999986490599857,1.3509400143620065e-05,1.3509400143620065e-05,1.0,3.688670269952027e-05
2025-02-12,-0.0060109472200042,0.0027191979981093,0,0.999825450821698,0.00017454917830182228,0.00017454917830182228,0.9999127254108491,-0.0020486243484710196
2025-02-13,0.0055499088998162,0.0025653735058671,0,0.9998785411852745,0.00012145881475362946,0.00012145881475362946,0.9999392705926231,-0.0005894771243398197
2025-02-14,0.0018430974281361,0.0025753258598612,0,0.999944416026848,5.558397318711145e-05,5.558397318711145e-05,1.0,0.00031329852428914036
2025-02-18,-0.0032277079204762,0.0027198238532723,0,0.9998739274375006,0.00012607256247178266,0.00012607256247178266,0.9999369637187641,-0.00042443978525183966
2025-02-19,0.0020299755244292,0.0027409747875203,0,0.9997312277100053,0.00026877228997062024,0.00026877228997062024,1.0,3.686534238022043e-05
2025-02-20,0.0020259357154005,0.0027294167126657,0,0.9991801260552177,0.0008198739447688708,0.0008198739447688708,1.0,0.0016442419294611607
2025-02-21,0.0020219120950491,0.0027446486407032,0,0.9970648120885512,0.0029351879115016954,0.0029351879115016954,1.0,0.0009386425685077405
2025-02-24,0.0022010829195402,0.0027545292377319,0,0.9894749479260155,0.010525052073935809,0.010525052073935809,1.0,0.0010102396667885604
2025-02-25,0.004205164261258,0.0027561554489978,0,0.9642151162251704,0.03578488377488221,0.03578488377488221,1.0,0.0024968141031354004
2025-02-26,0.0008206476462453,0.0027559264876605,0,0.919212360723156,0.08078763927682427,0.08078763927682427,1.0,0.0022549485274986204
2025-02-27,-0.001185572197912,0.0027551860478136,0,0.740546557521813,0.2594534424782391,0.2594534424782391,1.0,0.0016126469448361207
2025-02-28,0.0069116120500243,0.0030752389026604,1,0.09129048001629356,0.9087095199836612,0.9087095199836612,1.0,0.0025905869358311606
2025-03-03,0.0027151398875134,0.0030945891442402,1,0.03366718818437218,0.9663328118156167,0.9663328118156167,1.0,0.0026933983294258005
2025-03-04,-0.003531171611837,0.0032559855853517,1,0.0030098928352889276,0.9969901071646556,0.9969901071646556,1.0,0.0011461311548068005
2025-03-05,-0.0050922680869969,0.0035140302754144,1,1.7219961844665386e-05,0.9999827800381985,0.9999827800381985,0.5000086099809007,-3.645199184163957e-05
2025-03-06,-0.0004559393267818,0.0034006089228692,1,5.753190092632912e-06,0.9999942468098848,0.9999942468098848,1.0,0.00010947458238440046
2025-03-07,-0.001643018407923,0.003397382975825,1,3.9376962422045594e-06,0.9999960623037162,0.9999960623037162,0.5000019688481419,-0.0016014515092050597
2025-03-10,0.0044664682646408,0.0034396708047112,1,1.7138293652582518e-06,0.9999982861706846,0.9999982861706846,0.5000008569146577,-0.0012511858337795796
2025-03-11,-0.0027322741655629,0.0035240095178959,1,9.259874992069066e-07,0.9999990740124953,0.9999990740124953,0.5000004629937523,-0.0010914063445247597
2025-03-12,-0.001186365498028,0.0035408254110959,1,2.7082576238492277e-06,0.999997291742404,0.999997291742404,0.500001354128798,-0.0003102258267309797
2025-03-13,0.0014598427040607,0.0031966645031914,1,7.634384226518006e-05,0.9999236561577391,0.9999236561577391,1.0,7.293057943752031e-05
2025-03-14,-0.002373345841967,0.0030734191466381,1,0.00021917374157536798,0.9997808262584615,0.9997808262584615,0.5001095868707692,-7.313490737127963e-05
2025-03-17,0.0002742684379284,0.0030563321887794,1,0.0004384041853151225,0.9995615958147128,0.9995615958147128,0.5002192020926436,-0.0009115748727137595
2025-03-18,0.0010957455944076,0.0029379473170824,1,0.0005960316002228338,0.9994039683997779,0.9994039683997779,0.5002980158001111,-0.00014597092071965957
2025-03-19,0.0050978310368377,0.0030924839325265,1,0.00045473599987395366,0.9995452640000734,0.9995452640000734,1.0,0.0011108683862534805
2025-03-20,0.0009076164791255,0.0030783683434732,1,0.0007229302096174317,0.9992770697904269,0.9992770697904269,1.0,0.0010004231412664405
2025-03-21,-0.0011800477911351,0.0030891826394765,1,0.0010168170445673031,0.9989831829554343,0.9989831829554343,1.0,0.0012390827514328206
2025-03-24,-0.002546397486486,0.0031367599076914,1,0.0014932112205628973,0.9985067887794277,0.9985067887794277,1.0,0.0006749495665499403
2025-03-25,0.0016376370710099,0.0030189098722156,1,0.0031377872083874613,0.9968622127916328,0.9968622127916328,1.0,0.0007833278618704004
2025-03-26,-0.0012733660900654,0.0030315523887187,1,0.00466285563977175,0.9953371443601754,0.9953371443601754,0.5023314278199122,-0.0004909115635102196
2025-03-27,0.002091180026621,0.0030487163065891,1,0.006353399784468161,0.9936466002154767,0.9936466002154767,0.5031766998922617,-0.00025419885401111966
2025-03-28,0.0050739563485676,0.0028585771655556,1,0.008456897388506062,0.9915431026115225,0.9915431026115225,1.0,0.0009966019739294206
2025-03-31,0.0039686210858973,0.0029308302190582,1,0.011138080014248295,0.9888619199857879,0.9888619199857879,1.0,0.0022996056884060805
2025-04-01,0.0006249702862892,0.0027963916801819,1,0.01406785192659032,0.9859321480734482,0.9859321480734482,1.0,0.0020970723314619405
2025-04-02,-0.0015404269419319,0.0025284630868456,1,0.014097557784706966,0.9859024422152866,0.9859024422152866,1.0,0.0020436601610886404
2025-04-03,0.0062373908905139,0.0028102304172086,1,0.006988583379871846,0.993011416620073,0.993011416620073,1.0,0.0028729023338672204
2025-04-04,-0.0033397899216369,0.002915417540324,1,0.0034248152859466504,0.9965751847141017,0.9965751847141017,1.0,0.0011901530798263203
2025-04-07,-0.0120982711750285,0.0039865639554363,1,1.1665749227632233e-10,0.9999999998833573,0.9999999998833573,0.5000000000583213,-0.0020232253723588395
2025-04-08,-0.0024739997263772,0.0039776218406657,1,9.38622250871204e-09,0.9999999906137873,0.9999999906137873,0.5000000046931063,-0.0026430193748921194
2025-04-09,0.0021079443914858,0.0039930914745261,1,1.437422739472976e-08,0.9999999856257774,0.9999999856257774,0.5000000071871114,-0.0019133451082085796
2025-04-10,-0.011972916253201,0.0048132905573987,1,1.3466682299881636e-17,1.0,1.0,0.5,-0.00555540653695156
2025-04-11,0.0003706089487531,0.0047956789881878,1,2.5702306950004865e-13,0.9999999999997726,0.9999999999997726,0.5000000000001137,-0.00481332676287356
2025-04-14,0.0048044464354667,0.0049316184218287,1,1.851973050605823e-14,1.0,1.0,0.5,-0.0014327832407745197
2025-04-15,-9.21410818029696e-05,0.0049233475279086,1,2.963542053991737e-14,1.0,1.0,0.5,-0.0009564115118596737
2025-04-16,0.0027617721703746,0.0048181371340457,1,1.822885378404561e-13,0.9999999999997726,0.9999999999997726,0.5000000000001137,-0.0008256459560819138
2025-04-17,0.002295508680309,0.0048463058743702,1,1.2120606904224217e-13,0.9999999999998863,0.9999999999998863,1.0,0.002028039030620086
2025-04-21,-0.0051494304232479,0.0049671544077549,1,1.4228485724112396e-15,1.0,1.0,1.0,0.0009240311562198862
2025-04-22,0.0036809610346455,0.005022095048152,1,5.46699398953698e-15,1.0,1.0,1.0,0.0006993340760556462
2025-04-23,0.0029350729654877,0.0050541930205337,1,3.551363711577501e-15,1.0,1.0,1.0,0.0013047768855137803
2025-04-24,0.0052976307548283,0.0051823900165554,1,2.1300014613656536e-16,1.0,1.0,1.0,0.00181194860240452
2025-04-25,0.0004553514810355,0.0051651665854809,1,4.828652652516464e-16,1.0,1.0,1.0,0.0014439171625498202
2025-04-28,0.0034541823929326,0.0050969263066815,1,1.567591066509484e-15,1.0,1.0,1.0,0.0031646397257859204
2025-04-29,0.0017226627474166,0.0050319120493311,1,5.589124334869548e-15,1.0,1.0,1.0,0.0027729800683401404
2025-04-30,0.0011768966792623,0.0050370072863029,1,5.0242579363865734e-15,1.0,1.0,1.0,0.0024213448110950602
2025-05-01,-0.0034152420543645,0.0050850212601467,1,5.341446307185298e-16,1.0,1.0,1.0,0.0006787702492565002
2025-05-02,-0.0052138246690412,0.0049820323450928,1,1.0487569723104155e-15,1.0,1.0,0.5,-0.00045506498075883973
2025-05-05,-0.0010093197427655,0.0049425287670778,1,1.728989470363737e-14,1.0,1.0,0.5,-0.00134776540789846
2025-05-06,0.0030249796443914,0.0041748671317546,1,1.4895597159988204e-09,0.999999998510475,0.999999998510475,0.5000000007447625,-0.0010873020285034995
2025-05-07,0.0010061299341965,0.0041281441828143,1,3.1293376851384467e-09,0.9999999968706561,0.9999999968706561,0.500000001564672,-0.0011214553775166598
2025-05-08,-0.0035721755315515,0.0042000932090283,1,6.708260106464838e-10,0.999999999329134,0.999999999329134,0.500000000335433,-0.0011528420729540597
2025-05-09,0.0009172367155889,0.0030869530788109,1,4.0584094463569375e-05,0.9999594159055597,0.9999594159055597,1.0,7.337020397196021e-05
2025-05-12,-0.0078231004536655,0.003637692768943,1,2.0542242710427157e-08,0.9999999794578118,0.9999999794578118,0.5000000102710941,-0.00128938593820804
2025-05-13,0.0023994325049024,0.003521021035299,1,1.4864522814663862e-06,0.9999985135477479,0.9999985135477479,0.500000743226126,-0.00141449536610584
2025-05-14,-0.0010144392108188,0.0035316599021315,1,1.3508035396721436e-06,0.9999986491964166,0.9999986491964166,0.5000006754017917,-0.0018186091951088996
2025-05-15,0.0028563462543724,0.0035353368223131,1,1.2453205040798835e-06,0.9999987546794751,0.9999987546794751,0.5000006226602625,-0.00053290483792412
2025-05-16,0.001746445378379,0.0035203180972116,1,1.9981907380684037e-06,0.9999980018092811,0.9999980018092811,0.5000009990953594,-0.0003670631053661
2025-05-19,9.178845435322236e-05,0.0032907900371556,1,1.3125433083402693e-05,0.9999868745669219,0.9999868745669219,1.0,0.0012159146762376447
2025-05-20,-0.00147027355134,0.0032243521638412,1,1.6235136216156064e-05,0.9999837648637422,0.9999837648637422,1.0,0.00044197346498916465
2025-05-21,-0.0054412463630398,0.0033873112674034,1,1.1924163277601846e-06,0.9999988075836942,0.9999988075836942,0.5000005962081528,-0.0004433879654550353
2025-05-22,0.0029548289305196,0.0032221956173182,1,1.7682187558287363e-05,0.9999823178124084,0.9999823178124084,0.5000088410937957,-0.00042369143022559535
2025-05-23,0.0009214884755068,0.0032300621050374,1,2.65464287524839e-05,0.9999734535712622,0.9999734535712622,0.500013273214369,-0.0005886828108000353
2025-05-27,0.0028516171737529,0.0031954899589994,1,2.7208825596861564e-05,0.9999727911744027,0.9999727911744027,0.5000136044127986,-3.671706692009984e-05
2025-05-28,-0.0022990307623411,0.0031837541437859,1,2.4076410842004956e-05,0.9999759235891443,0.9999759235891443,0.5000120382054278,-0.00020246850912031982
2025-05-29,0.0028499724067933,0.0032531710004373,1,1.666215952894246e-05,0.9999833378404938,0.9999833378404938,1.0,0.0014557752448463002
2025-05-30,0.0032993622174463,0.003280875380004,1,1.2881166360786359e-05,0.9999871188336726,0.9999871188336726,1.0,0.00152468190223164
2025-06-02,-0.0033720484824837,0.0031545652255095,1,2.2906469773259386e-05,0.9999770935301874,0.9999770935301874,1.0,0.0006659745106335402
2025-06-03,-0.0009207197726618,0.0031532151186634,1,4.372168145065577e-05,0.9999562783185054,0.9999562783185054,0.5000218608407473,-8.849287864939976e-05
2025-06-04,0.0038616537281089,0.0032013363024486,1,3.876707218087921e-05,0.999961232927823,0.999961232927823,1.0,0.0011436440194406003
2025-06-05,-0.0029409339554469,0.0032567217503181,1,9.494290843863955e-05,0.9999050570915172,0.9999050570915172,0.5000474714542413,-1.4537253007439796e-05
2025-06-06,-0.0053525612737868,0.0033757560256683,1,0.0006252948044537275,0.9993747051955987,0.9993747051955987,0.5003126474022006,-0.0017449219512540599
2025-06-09,0.0013869625745703,0.0033862457961627,1,0.037495007497789355,0.9625049925022604,0.9625049925022604,0.5187475037488698,-0.0007931197398432597
2025-06-10,0.0004618697272037,0.0028830977315592,0,0.461693750174784,0.5383062498251759,0.5383062498251759,0.730846875087412,-0.0005166018398701597
2025-06-11,0.0016611536504551,0.0028573048065992,0,0.6507977148407433,0.3492022851592815,0.3492022851592815,0.8253988574203592,-0.0009567018554009196
2025-06-12,0.0028544032323599,0.0029079277288475,0,0.7322507250095766,0.2677492749903691,0.2677492749903691,1.0,0.00020236558216044036
2025-06-13,-0.0014721535498407,0.0028684685349392,0,0.7892043053442049,0.21079569465576575,0.21079569465576575,1.0,0.0009784471269496603
2025-06-16,-0.0013822496825191,0.0028583076313766,0,0.8169617563739212,0.18303824362602852,0.18303824362602852,1.0,0.0004246046755317804
2025-06-17,0.0052422008051385,0.003096044971068,0,0.8292395846402996,0.17076041535972306,0.17076041535972306,1.0,0.0013806708911187405
2025-06-18,0.0007335119319603,0.0030731755668134,0,0.8909582454522275,0.10904175454776466,0.10904175454776466,1.0,0.0011951425474197805
2025-06-20,0.0017399642274139,0.0027725158752754,0,0.969882063616191,0.03011793638383095,0.03011793638383095,1.0,0.0009722547464305804
2025-06-23,0.0008232055514506,0.0027198830869834,0,0.9934225747592861,0.006577425240673129,0.006577425240673129,1.0,0.0014313265666888405
2025-06-24,0.0012791254021879,0.002723645125891,0,0.9985394162814119,0.0014605837186425009,0.0014605837186425009,1.0,0.00196360158363024
2025-06-25,0.0005476555159815,0.002670049336386,0,0.9997173585351709,0.0002826414647804123,0.0002826414647804123,1.0,0.0010246925257988405
2025-06-26,0.0029160109878918,0.0026419451776909,0,0.9999219882680742,7.801173194797866e-05,7.801173194797866e-05,1.0,0.0014611923369851406
2025-06-27,-0.0012746997822802,0.0026271184512637,0,0.9999756139102918,2.4386089668371466e-05,2.4386089668371466e-05,1.0,0.0008582595350463204
2025-06-30,0.0025477767733777,0.0025901522578406,0,0.9999848569520434,1.5143048010076816e-05,1.5143048010076816e-05,1.0,0.0012031737794317404
2025-07-01,-0.0005472067934961,0.0024426063005508,0,0.9999932103663408,6.789633691284118e-06,6.789633691284118e-06,1.0,0.0008379073402949404
2025-07-02,-0.0004563880180571,0.0024294802565328,0,0.999994179391138,5.82060881090091e-06,5.82060881090091e-06,1.0,0.0006370986334872204
2025-07-03,-0.0017357933030767,0.0023591739700797,0,0.9999944287666847,5.571233290778658e-06,5.571233290778658e-06,0.9999972143833546,-0.00029326222470647974
2025-07-07,-0.0012811196004587,0.0022645506477928,0,0.9999956655806985,4.3344193543259265e-06,4.3344193543259265e-06,0.9999978327903228,-0.0002945461883421797
2025-07-08,-0.0008243377372019,0.0018425411722311,0,0.9999961935081644,3.806491846832171e-06,3.806491846832171e-06,0.9999980967540766,-0.0009689690904580996
2025-07-09,0.0037499905514035,0.0019633466715794,0,0.9999924550052547,7.5449947445914706e-06,7.5449947445914706e-06,0.9999962275026277,-0.00010952962147817974
2025-07-10,-0.000273901125816,0.0019764541478649,0,0.9999965522966111,3.4477033892932127e-06,3.4477033892932127e-06,0.9999982761483053,-7.303224302995967e-05
2025-07-11,-0.0016450550791122,0.0020330175951791,0,0.9999964202298043,3.5797701721441216e-06,3.5797701721441216e-06,0.9999982101149139,-5.488459823705964e-05
2025-07-14,0.0006400849596136,0.0019615046919799,0,0.9999965435221776,3.4564778514361246e-06,3.4564778514361246e-06,1.0,0.0003293563137774003
2025-07-15,-0.0026544215009683,0.0020392722987945,0,0.9999954033851197,4.596614882583166e-06,4.596614882583166e-06,0.9999977016925587,-3.6660438975879685e-05
2025-07-16,0.0033854863484383,0.002096931641964,0,0.9999934376334524,6.562366586401333e-06,6.562366586401333e-06,0.9999967188167068,-0.00010956127956891961
2025-07-17,0.0009128676268743,0.001799866949147,0,0.9999957698597313,4.230140244149668e-06,4.230140244149668e-06,1.0,0.00012779247096914031
2025-07-18,0.0010943847493588,0.0018048807812521,0,0.9999957537715203,4.246228469100166e-06,4.246228469100166e-06,1.0,0.0006756804366633403
2025-07-21,0.0025493398278398,0.0018440419861637,0,0.999994484077753,5.515922263655761e-06,5.515922263655761e-06,1.0,0.0010575314103085803
2025-07-22,0.0009087899185252,0.0018449607200327,0,0.9999958954609945,4.104539028024216e-06,4.104539028024216e-06,1.0,0.0017701736942072805
2025-07-23,-0.0039138893668188,0.0020789282834289,0,0.9999932481287599,6.7518712486776895e-06,6.7518712486776895e-06,1.0,0.0003102985511558602
2025-07-24,0.0007293279259292,0.0020807748870577,0,0.9999964014336857,3.5985663179740564e-06,3.5985663179740564e-06,1.0,0.00027359061096684026
2025-07-25,0.0009108595291954,0.0019915123593619,0,0.999996473976089,3.526023958093637e-06,3.526023958093637e-06,1.0,0.00023688556693416025
2025-07-28,-0.0012754923824813,0.0019915420235946,0,0.9999955199936348,4.48000633374866e-06,4.48000633374866e-06,0.999997759996833,-0.0005280808751300597
2025-07-29,0.0053644409441784,0.0022531062408,0,0.9999765096799659,2.3490319987398693e-05,2.3490319987398693e-05,1.0,0.00036304933000058036
2025-07-30,-0.0039069185677958,0.002435998182363,0,0.9999715881397514,2.841186030007861e-05,2.841186030007861e-05,1.0,0.0003644434898051805
2025-07-31,-0.0016398886740676,0.0024647856595902,0,0.9999284849832782,7.151501672287423e-05,7.151501672287423e-05,0.9999642424916386,-0.0001093998301941795
2025-08-01,0.0069588666673501,0.002866405576255,0,0.9994547587249509,0.0005452412750512364,0.0005452412750512364,1.0,0.0011002015974367605
2025-08-04,0.0029003572138601,0.0028829123026745,0,0.999655173771604,0.00034482622838248475,0.00034482622838248475,1.0,0.0019353715167050403
2025-08-05,-0.0009054802361097,0.0028852244226182,0,0.9998137118167993,0.00018628818316760045,0.00018628818316760045,1.0,0.0006813872806474203
2025-08-06,-0.0008155285156482,0.00281039171605,0,0.9999112348920487,8.876510798755368e-05,8.876510798755368e-05,1.0,0.0012996652910769403
2025-08-07,0.0010872937475091,0.0028080060747855,0,0.9999465913160542,5.3408683985326915e-05,5.3408683985326915e-05,1.0,0.00184510177539228
2025-08-08,-0.0006340466857151,0.0027756218918372,0,0.9999614278998038,3.857210015291364e-05,3.857210015291364e-05,1.0,0.00032651910477924024
2025-08-11,0.0,0.0027786397445275,0,0.9999626467724269,3.7353227571030427e-05,3.7353227571030427e-05,0.9999813233862145,-0.00025355233799277975
2025-08-12,-0.0017233344243188,0.0027294406340061,0,0.999949578398252,5.042160172693466e-05,5.042160172693466e-05,0.9999747891991365,-0.00041712317563459973
2025-08-13,0.0038053629199012,0.0027535069246582,0,0.9998952848943715,0.00010471510560374144,0.00010471510560374144,1.0,0.0005070551114752802
2025-08-14,-0.0029887281452264,0.0028675414476996,0,0.999829152640065,0.00017084735997390551,0.00017084735997390551,0.999914576320013,-0.00030814926707181976
2025-08-15,-0.0019066368415596,0.0029089060028746,0,0.9998136577047861,0.0001863422952280275,0.0001863422952280275,0.999906828852386,-0.0005626672982407198
2025-08-18,-0.0010909801407272,0.0028727883139043,0,0.9998264422579908,0.00017355774196879076,0.00017355774196879076,0.9999132211290156,-0.0007808633263861598
2025-08-19,0.0010000636610324,0.0028742242527934,0,0.9997993953782955,0.00020060462168917223,0.00020060462168917223,0.9998996976891554,-0.0002361837093159197
2025-08-20,0.0010901011165439,0.0027203069270494,0,0.9996968136683508,0.000303186331647995,0.000303186331647995,0.999848406834176,-0.0007792360699873798
2025-08-21,0.0001815563304586,0.0027190226168053,0,0.9990757182603762,0.0009242817396612478,0.0009242817396612478,0.9995378591301693,-0.00014517917485037973
2025-08-22,0.0067846414186385,0.0030794653765933,0,0.9961143052100584,0.0038856947899691806,0.0038856947899691806,1.0,0.0015930764771892405
2025-08-25,-0.0018950390787564,0.0031025056668509,0,0.9966703086907636,0.0033296913092864893,0.0033296913092864893,1.0,0.0014322646895834
2025-08-26,0.0023456834600301,0.0029260747889874,0,0.9983298623995563,0.001670137600425731,0.001670137600425731,1.0,0.0017013886493829403
2025-08-27,0.0022503895822378,0.0027649739811728,0,0.9995121384599444,0.000487861540045404,0.000487861540045404,1.0,0.00193344634252172
2025-08-28,0.0006290885262059,0.0027081407853448,0,0.9998990937883948,0.00010090621162960029,0.00010090621162960029,1.0,0.00202295278167118
2025-08-29,-0.0010787893448686,0.0023235348087789,0,0.9999884076975173,1.1592302511565995e-05,1.1592302511565995e-05,1.0,0.0004502666289697602
2025-09-02,-0.0018345306379438,0.0023020399569973,0,0.9999943419241843,5.658075763402354e-06,5.658075763402354e-06,1.0,0.00046236831713228013
2025-09-03,0.0022588201865119,0.0023295483250651,0,0.9999939270826647,6.072917306295255e-06,6.072917306295255e-06,1.0,0.00044499566242864016
2025-09-04,0.001533127407931,0.0023256615772124,0,0.9999938356187528,6.164381289268487e-06,6.164381289268487e-06,1.0,0.0003015432275672802
2025-09-05,0.004405887928279,0.0024834975169888,0,0.9999820581840353,1.794181592573227e-05,1.794181592573227e-05,1.0,0.0010569031079819004
2025-09-08,0.0020613268944344,0.0024829047452429,0,0.9999900184475549,9.98155239601969e-06,9.98155239601969e-06,1.0,0.0016849263558425004
2025-09-09,-0.0019715674348464,0.002554097088545,0,0.999989151388902,1.0848611055381916e-05,1.0848611055381916e-05,1.0,0.0016575189964619802
2025-09-10,0.0015238502547474,0.0024949465914982,0,0.9999919408713427,8.059128701446714e-06,8.059128701446714e-06,1.0,0.0015105250101090802
2025-09-11,0.0016110101721087,0.0024050096656034,0,0.9999937783867656,6.221613223875486e-06,6.221613223875486e-06,1.0,0.0015261015629446204
2025-09-12,-0.0013423281793259,0.0022961811852768,0,0.9999953513130371,4.648687006956635e-06,4.648687006956635e-06,1.0,0.0003764583414236402
2025-09-15,0.0009845731452483,0.0022041358824648,0,0.9999960997810038,3.90021895079465e-06,3.90021895079465e-06,1.0,0.00016110759158642022
2025-09-16,0.0008942511439693,0.0021503710641235,0,0.9999963523970924,3.647602925642535e-06,3.647602925642535e-06,1.0,0.0007342713073495602
2025-09-17,-0.0006259056222129,0.0021836962458689,0,0.9999962558496981,3.744150295704809e-06,3.744150295704809e-06,1.0,0.00030432013195750017
2025-09-18,-0.0027764284173592,0.0023399605676819,0,0.9999933461397995,6.653860192873436e-06,6.653860192873436e-06,0.9999966730699036,-0.0005731675859360799
2025-09-19,-0.0005382558288639,0.0023554091937814,0,0.99999512943945,4.870560594189629e-06,4.870560594189629e-06,0.9999975647197029,-0.0004123531158436799
2025-09-22,-0.0024257429523089,0.0019873340189117,0,0.9999956825479309,4.317452064688514e-06,4.317452064688514e-06,0.9999978412739676,-0.00109441633535512
2025-09-23,0.0026949762839972,0.0019854790220924,0,0.9999948304596881,5.169540324105228e-06,5.169540324105228e-06,0.9999974152298379,-0.00073427130734954
2025-09-24,-0.0017958898437583,0.0020020463782609,0,0.9999962484516685,3.7515482787988423e-06,3.7515482787988423e-06,0.9999981242258607,-0.0009682681516586199
2025-09-25,-0.0016189797263818,0.0019929168156126,0,0.9999964431031733,3.5568968367893057e-06,3.5568968367893057e-06,0.9999982215515816,-0.0007367784134631398
2025-09-26,0.0001799698430391,0.0019895177508205,0,0.9999967276835485,3.272316440450311e-06,3.272316440450311e-06,0.9999983638417798,-0.0005931332790825399
2025-09-29,0.0012592988556945,0.0019848630638614,0,0.9999963774987138,3.622501261749624e-06,3.622501261749624e-06,1.0,0.00014387508251814007
2025-09-30,-0.000269696468975,0.0019295226530642,0,0.999996672447048,3.3275529587590202e-06,3.3275529587590202e-06,0.9999983362235206,-0.00044905946807629997
2025-10-01,0.0017818803318552,0.0019068813373756,0,0.9999958345173708,4.1654825949290795e-06,4.1654825949290795e-06,1.0,0.0002664945670464001
2025-10-02,-0.0004497093896425,0.0018896731641785,0,0.9999965070739629,3.4929260279825634e-06,3.4929260279825634e-06,1.0,0.0005003486343942601
2025-10-03,-0.0010800174418096,0.0016232131414035,0,0.9999947577706352,5.242229387665847e-06,5.242229387665847e-06,1.0,0.00024835117742452007
2025-10-06,-0.0017123704213668,0.0015780471245055,0,0.9999935187060771,6.481293892742343e-06,6.481293892742343e-06,0.9999967593530537,-0.00034598267798773984
2025-10-07,0.0027923878631764,0.0016669314146631,0,0.9999915677186343,8.432281398303998e-06,8.432281398303998e-06,1.0,0.0002664341884425402
2025-10-08,0.0007193410788904,0.0016364926369365,0,0.9999942383502686,5.761649745598857e-06,5.761649745598857e-06,1.0,5.3926337849580165e-05
2025-10-09,-0.0011691835013368,0.0016024928171388,0,0.9999941016092194,5.8983907403268065e-06,5.8983907403268065e-06,0.9999970508046299,-8.996848448927985e-05
2025-10-10,0.0035035265622636,0.0017810405310537,0,0.9999912093713716,8.790628575890369e-06,8.790628575890369e-06,1.0,0.0008267403163253601
2025-10-13,0.0025078076045261,0.0018555846318246,0,0.9999942911792159,5.708820810121257e-06,5.708820810121257e-06,1.0,0.0016707759215039402
2025-10-14,-0.0010740243876048,0.0018630640517512,0,0.999996348073143,3.6519268179251746e-06,3.6519268179251746e-06,1.0,0.0008974934713477
2025-10-15,-0.0002686864325517,0.0018585034360431,0,0.9999964455696005,3.55443041919678e-06,3.55443041919678e-06,1.0,0.0006998879690592801
2025-10-16,0.0023262667353794,0.0018048907055337,0,0.9999946296939971,5.3703060191726075e-06,5.3703060191726075e-06,1.0,0.0013989780164025201
2025-10-17,-0.0019680112159213,0.0018657985569145,0,0.9999959048162461,4.095183744092851e-06,4.095183744092851e-06,1.0,0.00030467046076554014
2025-10-20,0.0008950432386761,0.0017651936006152,0,0.9999956240707454,4.375929241390809e-06,4.375929241390809e-06,0.9999978120353793,-1.7882412404459855e-05
2025-10-21,0.0021447859280414,0.0017308871888344,0,0.9999940437884365,5.956211592624815e-06,5.956211592624815e-06,1.0,0.0006258796507247801
2025-10-22,0.0016054387519759,0.0016767298719374,0,0.9999941418887978,5.858111245940962e-06,5.858111245940962e-06,1.0,0.0010007046876303002
2025-10-23,-0.001962537930682,0.0017012188241234,0,0.9999950027063088,4.997293705469029e-06,4.997293705469029e-06,1.0,0.00014294375441802014
2025-10-24,-8.939787921183377e-05,0.0017048488544237,0,0.9999956116434642,4.388356514370961e-06,4.388356514370961e-06,1.0,0.0005186664217599133
2025-10-27,-0.0002678976539692,0.0017020519874753,0,0.9999955881023206,4.411897647983031e-06,4.411897647983031e-06,1.0,0.00028607824323085337
2025-10-28,0.000803683952067,0.0016967966907437,0,0.9999946159566082,5.3840434473372235e-06,5.3840434473372235e-06,1.0,1.7857848035973376e-05
2025-10-29,-0.0052803719683618,0.0020938483221378,0,0.9999868806077065,1.3119392341870451e-05,1.3119392341870451e-05,0.9999934403038291,-0.0013593042960315666
2025-10-30,-0.0021559606792461,0.0021513440861462,0,0.9999951197426922,4.880257278778413e-06,4.880257278778413e-06,0.9999975598713606,-0.0013979888457443866
2025-10-31,0.0016174061184359,0.0021636996078886,0,0.9999958650221513,4.134977865615348e-06,4.134977865615348e-06,0.9999979325110672,-0.0010566280462148401
2025-11-03,-0.0007118594538351,0.0021297136944924,0,0.9999965529808899,3.4470190930221456e-06,3.4470190930221456e-06,0.9999982764904535,-0.0011454204061880197
2025-11-04,0.0004506334588834,0.0020421676953275,0,0.9999964938632576,3.506136741841996e-06,3.506136741841996e-06,0.9999982469316291,-0.0012160305048247398
2025-11-05,-0.0037008558605109,0.0022023818390546,0,0.9999927515459689,7.2484540707012245e-06,7.2484540707012245e-06,0.9999963757729646,-0.0009001272832545598
2025-11-06,0.002709194060912,0.0022764651208008,0,0.9999937833156278,6.216684327423951e-06,6.216684327423951e-06,1.0,7.290366477706025e-05
2025-11-07,0.0001804445148571,0.0021278798010111,0,0.9999964749392405,3.525060704365908e-06,3.525060704365908e-06,0.9999982374696479,-0.00021448865593869977
2025-11-10,0.0001802735671827,0.0020388463451141,0,0.9999964343448842,3.5656551576771163e-06,3.5656551576771163e-06,0.9999982171724211,-3.606205173513974e-05
2025-11-11,0.0040487931803657,0.0022389768479813,0,0.9999906210940562,9.378905904772996e-06,9.378905904772996e-06,1.0,0.0006835698925613203
2025-11-12,-0.0021573622409252,0.0022913576393413,0,0.9999943283008267,5.671699139664521e-06,5.671699139664521e-06,1.0,0.0009922686164784602
2025-11-13,-0.0022521490214802,0.0022683017315519,0,0.9999948000490714,5.199950937124768e-06,5.199950937124768e-06,1.0,2.0209528495129803e-17
2025-11-14,-0.0011730252933879,0.0022442895385051,0,0.9999958714105294,4.12858945114714e-06,4.12858945114714e-06,0.9999979357052744,-0.00027069396164897976
2025-11-17,0.0001805177051713,0.0022306513172449,0,0.9999962376201957,3.762379770927348e-06,3.762379770927348e-06,0.9999981188101146,-0.00027064513405125975
2025-11-18,0.0007219528517444,0.0021707461782491,0,0.9999963733508646,3.626649116306381e-06,3.626649116306381e-06,0.9999981866754418,-0.0009360131997755199
2025-11-19,-0.0012637424124373,0.0021282263644425,0,0.9999964216326948,3.578367325041219e-06,3.578367325041219e-06,0.9999982108163374,-0.0007572892340779398
2025-11-20,0.0004515694297487,0.0021096543529022,0,0.9999965335185663,3.466481422692581e-06,3.466481422692581e-06,0.9999982667592886,-0.0002165455438321598
2025-11-21,0.0023446030181073,0.0021960647445483,0,0.9999951036489211,4.8963510243350655e-06,4.8963510243350655e-06,1.0,0.00048698011846688027
2025-11-24,0.0004502397080616,0.0022018559644261,0,0.9999962154599862,3.7845400378497377e-06,3.7845400378497377e-06,1.0,0.0005409245190449403
2025-11-25,0.0017990723663104,0.0022373614410971,0,0.999995407143362,4.592856643863163e-06,4.592856643863163e-06,1.0,0.0007563484219581403
2025-11-26,0.0021545818400546,0.0019433180484223,0,0.9999954152966035,4.584703358580046e-06,4.584703358580046e-06,1.0,0.0014400132724565202
2025-11-28,-0.0022443965424508,0.0019490380487951,0,0.9999957259406462,4.2740593395577545e-06,4.2740593395577545e-06,1.0,0.0009008200780166204
2025-12-01,-0.0039560450289409,0.0021246350359371,0,0.9999928678407423,7.132159221705519e-06,7.132159221705519e-06,0.9999964339203892,-0.0003593095313930197
2025-12-02,0.0002714570731202,0.0021208461558354,0,0.9999963639077291,3.636092299076671e-06,3.636092299076671e-06,0.9999981819538505,-0.0003950660583812997
2025-12-03,0.0022593041955768,0.0021805969915429,0,0.9999952764785721,4.723521427393686e-06,4.723521427393686e-06,0.9999976382392863,-0.0003030196925280197
2025-12-04,-0.0013549560550934,0.0020258051359847,0,0.9999964831431949,3.516856803219027e-06,3.516856803219027e-06,0.9999982415715984,-0.0010049272715576198
2025-12-05,-0.0016283743895773,0.0019708162275626,0,0.999996417107179,3.5828927856164265e-06,3.5828927856164265e-06,0.9999982085536072,-0.0008817228409829196
2025-12-08,-0.0019937967682312,0.0020169004932779,0,0.9999962055407335,3.7944593066212582e-06,3.7944593066212582e-06,0.9999981027703466,-0.0004892731888409797
2025-12-09,-0.0012709284746408,0.0020301481748397,0,0.9999964181978866,3.5818021664982936e-06,3.5818021664982936e-06,0.9999982090989168,-0.0007977502983931796
2025-12-10,0.003264725242872,0.0019491135820846,0,0.9999937253053486,6.27469464670708e-06,6.27469464670708e-06,0.9999968626526766,-0.0005966660889341398
2025-12-11,-0.0004527740875728,0.0018988537670891,0,0.9999964986908386,3.501309190855281e-06,3.501309190855281e-06,0.9999982493454046,-0.0004162296954300197
2025-12-12,-0.0015410226806583,0.001864447387494,0,0.9999963089242009,3.6910757551599663e-06,3.6910757551599663e-06,0.9999981544621224,-0.00039875935364621967
2025-12-15,-0.0007260668949177,0.001854178117983,0,0.9999965059128834,3.4940870901676186e-06,3.4940870901676186e-06,0.9999982529564548,-0.00014521337898351974
2025-12-16,0.0001815314191373,0.0018541869720209,0,0.9999964726224246,3.5273776128568738e-06,3.5273776128568738e-06,1.0,0.00014527859977210024
2025-12-17,0.001088635813002,0.0018648020867428,0,0.9999961363005986,3.8636993672670296e-06,3.8636993672670296e-06,0.9999980681503164,-0.00028993928620189965
2025-12-18,0.0019022656069834,0.0018956809291084,0,0.9999956202597519,4.379740286944151e-06,4.379740286944151e-06,1.0,0.00018106865270934035
2025-12-19,-0.0019808881647934,0.0019459246547893,0,0.9999960975419502,3.9024580157034805e-06,3.9024580157034805e-06,1.0,9.309555588232036e-05
2025-12-22,-0.001456432637026,0.0018820879605523,0,0.999995450113948,4.549886001429131e-06,4.549886001429131e-06,0.9999977250569994,-5.297759253933966e-05
2025-12-23,0.0004553804697685,0.001882190655328,0,0.9999803543304846,1.9645669461267806e-05,1.9645669461267806e-05,1.0,1.7922175869003573e-06
2025-12-24,0.0020919169771385,0.0019001174400208,0,0.9997032398748075,0.00029676012515846977,0.00029676012515846977,1.0,0.00020244845041420033
