Date,FXI_ret,FXI_vol,regime,prob_regime_0,prob_regime_1,p_high_vol,risk_scale,momentum
2024-08-20,-0.0228147196602721,0.0133585055876446,0,1.0,6.984449636951749e-29,6.984449636951749e-29,1.0,
2024-08-21,0.010331050770727,0.0132730743455942,0,0.9999922386868924,7.761313152485965e-06,7.761313152485965e-06,0.9999961193434237,
2024-08-22,-0.0076424408634332,0.0130738434465188,0,0.9999916079705985,8.392029406076653e-06,8.392029406076653e-06,0.999995803985297,
2024-08-23,0.0156044819079395,0.0134394271191513,0,0.9999885644724762,1.1435527540836163e-05,1.1435527540836163e-05,0.9999942822362295,
2024-08-26,-0.0079620410445064,0.0136175829258913,0,0.9999892962728025,1.070372714363261e-05,1.070372714363261e-05,0.9999946481364281,-0.0024967337779090407
2024-08-27,0.0109786305207012,0.0135477215871348,0,0.9999904040141686,9.595985864476027e-06,9.595985864476027e-06,1.0,0.00426193625828562
2024-08-28,-0.0159395188839131,0.0138595910431871,0,0.9999776811496117,2.2318850408055738e-05,2.2318850408055738e-05,0.999988840574796,-0.0009921776726424
2024-08-29,0.0072422549032196,0.0134596372234988,0,0.9999919184656668,8.08153433787675e-06,8.08153433787675e-06,1.0,0.00198476148068816
2024-08-30,0.0049251031421476,0.013379555472374,0,0.9999923205530616,7.679446948598827e-06,7.679446948598827e-06,0.9999961602765257,-0.00015111427247021993
2024-09-03,-0.0175375204528822,0.0139731418208796,0,0.9999720666803261,2.7933319713643104e-05,2.7933319713643104e-05,0.9999860333401431,-0.0020662101541453802
2024-09-04,-0.000769602048984,0.0137075002719915,0,0.9999910177061615,8.982293789924054e-06,8.982293789924054e-06,0.9999955088531051,-0.00441585666808242
2024-09-05,-0.0050163266028304,0.0137950569334766,0,0.9999899328210786,1.006717887624418e-05,1.006717887624418e-05,0.9999949664105618,-0.0022312182118658804
2024-09-06,-0.0136322065937419,0.013190524245617,0,0.9999867918176361,1.3208182312066783e-05,1.3208182312066783e-05,0.999993395908844,-0.006406110511258181
2024-09-09,0.0007840052143747,0.0131860920263179,0,0.9999932763200635,6.723679954142458e-06,6.723679954142458e-06,0.9999966381600229,-0.007234330096812761
2024-09-10,-0.0023538620486522,0.0130695867442542,0,0.9999933179678205,6.6820322012931115e-06,6.6820322012931115e-06,0.9999966589838993,-0.00419759841596676
2024-09-11,0.0101602920570464,0.0132127959443865,0,0.9999923341559285,7.665844104459499e-06,7.665844104459499e-06,0.9999961670779478,-0.00201161959476068
2024-09-12,-0.0003889547399877,0.012467324788953,0,0.9999946117057666,5.3882942372047515e-06,5.3882942372047515e-06,0.9999973058528814,-0.0010861452221921399
2024-09-13,0.0058174979361819,0.0116652307473658,0,0.9999951097691083,4.890230904512865e-06,4.890230904512865e-06,1.0,0.00280379568379262
2024-09-16,0.0057836214098398,0.0107924253218517,0,0.9999951061130712,4.89388689665657e-06,4.89388689665657e-06,1.0,0.0038037189228856405
2024-09-17,0.0126077503330888,0.0109879572471841,0,0.9999932544339031,6.745566046789501e-06,6.745566046789501e-06,1.0,0.0067960413992338405
2024-09-18,-0.0057111049391083,0.0097555585319854,0,0.9999854517610471,1.4548238942259738e-05,1.4548238942259738e-05,1.0,0.0036217620000029
2024-09-19,0.0352624182683776,0.0123453029596111,0,0.9995876816481934,0.00041231835184000267,0.00041231835184000267,1.0,0.01075203660167596
2024-09-20,0.000736918685295,0.012155477579504,0,0.9988933666006075,0.0011066333993417618,0.0011066333993417618,1.0,0.009735920751498579
2024-09-23,0.0193331294726849,0.0124007569846685,0,0.9566694319819348,0.04333056801807923,0.04333056801807923,1.0,0.012445822364067601
2024-09-24,0.0937324799267601,0.023704737004911,1,8.654996970727694e-13,0.9999999999990905,0.9999999999990905,1.0,0.02867076828280186
2024-09-25,-0.0280204715210128,0.0249572181113146,1,4.6507270839933945e-11,0.9999999999535021,0.9999999999535021,1.0,0.02420889496642096
2024-09-26,0.0768106294732835,0.0290711404419261,1,1.3279714455493812e-18,1.0,1.0,1.0,0.032518537207402144
2024-09-27,0.0078014958684327,0.0290686289879132,1,5.7335184997181e-14,0.9999999999998863,0.9999999999998863,1.0,0.033931452644029685
2024-09-30,-0.0121971010421445,0.0294757472377904,1,3.0878549633065004e-15,1.0,1.0,1.0,0.027625406541063803
2024-10-01,0.0406960040429246,0.0295757374129419,1,2.0167828589662123e-15,1.0,1.0,1.0,0.0170181113642967
2024-10-02,0.0694358984456327,0.0320353865946583,1,2.223487393756079e-21,1.0,1.0,1.0,0.0365093853576258
2024-10-03,-0.0280097952720578,0.033204769257358,1,4.607877005476845e-22,1.0,1.0,1.0,0.015545300408557538
2024-10-04,0.0344715575104399,0.0328047022536704,1,1.5108524751006943e-19,1.0,1.0,1.0,0.020879312736958977
2024-10-07,0.0270734366827195,0.0326539414646375,1,4.565650163951176e-19,1.0,1.0,1.0,0.028733420281931776
2024-10-08,-0.0960464369907207,0.0413210873384022,1,5.840674415471666e-51,1.0,1.0,1.0,0.0013849320752027188
2024-10-09,-0.0163342789103205,0.041853957405353,1,1.267454418557413e-37,1.0,1.0,0.5,-0.015769103395987923
2024-10-10,0.0130284953104381,0.04174992038554,1,9.374181726901683e-36,1.0,1.0,0.5,-0.00756144527948874
2024-10-11,0.0045051824019772,0.041762523782542,1,4.741091263602101e-36,1.0,1.0,0.5,-0.01355472030118128
2024-10-14,-0.0190596945001325,0.042345960087944,1,5.505120987961968e-39,1.0,1.0,0.5,-0.022781346537751677
2024-10-15,-0.0513897430516881,0.044615480407311,1,8.422434737142087e-49,1.0,1.0,0.5,-0.013850007749945159
2024-10-16,0.0175303050096888,0.0445337739608495,1,5.419217073290718e-42,1.0,1.0,0.5,-0.0070770909659433005
2024-10-17,-0.0256013624671509,0.0447573423770609,1,2.2315738071459024e-45,1.0,1.0,0.5,-0.014803062521461099
2024-10-18,0.0418975328303944,0.045423402580391,1,2.1065499768961343e-44,1.0,1.0,0.5,-0.00732459243577766
2024-10-21,-0.0134566077666319,0.0456025612737316,1,3.2256217714956546e-46,1.0,1.0,0.5,-0.00620397508907754
2024-10-22,0.0078456901490305,0.040778438298143,1,8.241769332024355e-34,1.0,1.0,1.0,0.00564311155106618
2024-10-23,-0.0021905782508314,0.040163710717036,1,5.924250599146487e-33,1.0,1.0,1.0,0.0016989348989621396
2024-10-24,-0.0059701584239463,0.0363305953452183,1,1.1047309531637864e-25,1.0,1.0,1.0,0.00562517570760306
2024-10-25,-0.0003152709385719,0.0362806510191247,1,2.6235204998397525e-25,1.0,1.0,0.5,-0.002817385046190199
2024-10-28,0.0171906473355928,0.0363856482151655,1,4.384280136822428e-25,1.0,1.0,1.0,0.003312065974254741
2024-10-29,-0.0071528737101312,0.0351748477335462,1,1.0697289790826788e-23,1.0,1.0,1.0,0.0003123532024224008
2024-10-30,-0.0128790664165081,0.030988918085559,1,2.1934572616919474e-17,1.0,1.0,0.5,-0.0018253444307129393
2024-10-31,-0.0022156010199823,0.0305470482471431,1,3.319511095479613e-16,1.0,1.0,0.5,-0.0010744329499201392
2024-11-01,0.0037951283710969,0.0292315188416865,1,2.998731631822904e-14,1.0,1.0,0.5,-0.00025235308798637917
2024-11-04,0.0059795528934934,0.0283429183733078,1,4.562480288253642e-13,0.9999999999995453,0.9999999999995453,0.5000000000002274,-0.002494571976406259
2024-11-05,0.0238733678803038,0.0199710596774676,1,1.1911201143330502e-05,0.9999880887988849,0.9999880887988849,1.0,0.0037106763416807414
2024-11-06,-0.0298529207737971,0.0207300845429993,1,1.9235895536106312e-07,0.9999998076410933,0.9999998076410933,1.0,0.0003159054702229408
2024-11-07,0.0534688218261862,0.0239645156659184,1,1.366144524389086e-10,0.9999999998633484,0.9999999998633484,1.0,0.011452790039456642
2024-11-08,-0.0601197311423661,0.0274683729965293,1,4.1005858314967725e-18,1.0,1.0,0.5,-0.0013301818632359575
2024-11-11,0.0,0.0272087602445495,1,7.182462782099523e-12,0.9999999999928377,0.9999999999928377,0.5000000000035811,-0.002526092441934638
2024-11-12,-0.0375570323857109,0.0260372203358156,1,3.3306158088528373e-13,0.9999999999996589,0.9999999999996589,0.5000000000001705,-0.014812172495137577
2024-11-13,-0.0013205006586107,0.0256586510281445,1,3.345373971222037e-10,0.9999999996654196,0.9999999996654196,0.5000000001672902,-0.009105688472100299
2024-11-14,-0.0106278493226409,0.0251542876520971,1,4.79025438808883e-10,0.9999999995209237,0.9999999995209237,0.5000000002395382,-0.021925022701865717
2024-11-15,0.0066555893813431,0.0231067056068852,1,1.2168390967515628e-07,0.9999998783160965,0.9999998783160965,0.5000000608419517,-0.008569958597123877
2024-11-18,0.0187289594590348,0.0234757395250589,1,4.78237595670608e-08,0.9999999521762686,0.9999999521762686,0.5000000239118657,-0.004824166705316918
2024-11-19,-0.0108002213179526,0.0234497203712372,1,2.0681773347663558e-08,0.9999999793182044,0.9999999793182044,1.0,0.0005271955082347416
2024-11-20,0.004596193230166,0.023504472604834,1,5.273260826546447e-08,0.999999947267385,0.999999947267385,1.0,0.0017105342859900815
2024-11-21,-0.0059132807599346,0.0235039991988042,1,2.957712543744587e-08,0.9999999704228917,0.9999999704228917,1.0,0.0026534479985313416
2024-11-22,-0.0219861967517331,0.0239074657568644,1,1.6202313235482431e-09,0.9999999983797352,0.9999999983797352,0.5000000008101324,-0.0030749092280838984
2024-11-25,0.0003366897190806,0.0234393917496697,1,5.114733590675693e-08,0.9999999488526341,0.9999999488526341,0.500000025573683,-0.006753363176074738
2024-11-26,-0.0060789702941029,0.0234333788802601,1,3.375116340096518e-08,0.9999999662488795,0.9999999662488795,0.5000000168755603,-0.005809112971304798
2024-11-27,0.0264095873153501,0.0242894809767049,1,5.446276075753121e-09,0.9999999945537184,0.9999999945537184,0.5000000027231408,-0.001446434154267978
2024-11-29,0.0,0.0242941288768277,1,8.292111911305759e-09,0.9999999917079094,0.9999999917079094,0.5000000041460453,-0.00026377800228105826
2024-12-02,0.0019777159608953,0.0242746215717936,1,9.535306575098958e-09,0.9999999904647439,0.9999999904647439,1.0,0.004529004540244621
2024-12-03,0.0042713981497881,0.0242476457026415,1,1.1020348431523409e-08,0.9999999889796528,0.9999999889796528,1.0,0.005315946226386122
2024-12-04,-0.007239309710005,0.0234726986198824,1,2.815941930409609e-08,0.9999999718405665,0.9999999718405665,1.0,0.005083878343205703
2024-12-05,0.002967911560217,0.0226860252803601,1,3.3701005794609225e-07,0.9999996629899782,0.9999996629899782,1.0,0.00039554319217908205
2024-12-06,0.0130848907387239,0.0189718256875382,1,8.706665292401647e-05,0.9999129333470791,0.9999129333470791,1.0,0.003012521339923862
2024-12-09,0.0790171545455747,0.0225359547458523,1,9.442347538240744e-13,0.9999999999990905,0.9999999999990905,1.0,0.018420409056859745
2024-12-10,-0.0467202299145645,0.0251178613820111,1,2.537824116260293e-13,0.9999999999997726,0.9999999999997726,1.0,0.008222083443989224
2024-12-11,-0.0094847869127346,0.0236195084231942,1,1.666663348084404e-08,0.999999983333396,0.999999983333396,1.0,0.007772988003443303
2024-12-12,0.0006351844023867,0.0236095473326069,1,3.661389858228593e-08,0.9999999633861314,0.9999999633861314,1.0,0.007306442571877243
2024-12-13,-0.0127797718204399,0.0236748976850195,1,1.0256480488754445e-08,0.9999999897435146,0.9999999897435146,1.0,0.0021335100600444828
2024-12-16,-0.0165346376174102,0.0239946267891119,1,3.1407494915784843e-09,0.9999999968592874,0.9999999968592874,0.5000000015703563,-0.0169768483725525
2024-12-17,0.0174649500432919,0.0239463239504571,1,1.958909934866135e-08,0.9999999804108486,0.9999999804108486,0.5000000097945757,-0.004139812380981217
2024-12-18,-0.0204223515559198,0.0242830080752548,1,9.1266605567678e-10,0.9999999990873221,0.9999999990873221,0.500000000456339,-0.006327325309618258
2024-12-19,0.0063029677691574,0.0243023359228769,1,1.0326768697588953e-08,0.9999999896732561,0.9999999896732561,0.500000005163372,-0.005193768636264117
2024-12-20,0.0059347098861503,0.0242881953625938,1,1.0563123801522189e-08,0.9999999894369013,0.9999999894369013,0.5000000052815494,-0.001450872294946078
2024-12-23,0.0091623992506971,0.0237387268030712,1,3.5014970495793534e-08,0.9999999649850231,0.9999999649850231,1.0,0.0036885350786753828
2024-12-24,0.0126235045796388,0.0238408704759098,1,2.7825702156433653e-08,0.999999972174351,0.999999972174351,1.0,0.002720245985944762
2024-12-26,0.0009645234783281,0.0237510916326464,1,2.7734510578632194e-08,0.9999999722655278,0.9999999722655278,1.0,0.006997620992794343
2024-12-27,-0.0087140062081329,0.0232520720665402,1,3.854280395222679e-08,0.9999999614572069,0.9999999614572069,1.0,0.003994226197336283
2024-12-30,-0.0117380031330144,0.0234426206368011,1,1.8899219157149887e-08,0.999999981100814,0.999999981100814,1.0,0.0004596835935033426
2024-12-31,-0.0016411603605999,0.0234489568263593,1,4.4998794215563326e-08,0.999999955001159,0.999999955001159,0.5000000224994205,-0.0017010283287560574
2025-01-02,-0.0182335826359136,0.023813663689001,1,3.634447901432157e-09,0.9999999963655455,0.9999999963655455,0.5000000018172273,-0.007872445771866538
2025-01-03,0.0165895957619843,0.0240415045159661,1,1.663487623427567e-08,0.9999999833651146,0.9999999833651146,0.5000000083174427,-0.004747431315135298
2025-01-06,-0.0132495863641071,0.0242415978557076,1,2.963487699951677e-09,0.9999999970365252,0.9999999970365252,0.5000000014817374,-0.005654547346330137
2025-01-07,-0.012414170736582,0.0241939539138701,1,1.2378640059246683e-05,0.999987621359983,0.999987621359983,0.5000061893200085,-0.005789780867043657
2025-01-08,-0.0037205854586326,0.0151435168134815,0,0.9075173602985728,0.09248263970147143,0.09248263970147143,0.9537586801492643,-0.006205665886650197
2025-01-10,-0.0295757901507912,0.0130103907500783,0,0.9753981533480963,0.02460184665191743,0.02460184665191743,0.9876990766740412,-0.008474107389625717
2025-01-13,0.0048746783412236,0.0131132369125949,0,0.9993574474757636,0.0006425525242118441,0.0006425525242118441,0.9996787237378941,-0.010817090873777857
2025-01-14,0.0216466180516618,0.0142713474206775,0,0.9999146992172415,8.530078276963892e-05,8.530078276963892e-05,0.9999573496086152,-0.0038378499906240775
2025-01-15,0.0135045654574817,0.0145000516578936,0,0.9999799866848872,2.0013315152308238e-05,2.0013315152308238e-05,1.0,0.0013458972481886627
2025-01-16,0.0003353278103302,0.0140546145663136,0,0.9999895585553412,1.0441444605829365e-05,1.0441444605829365e-05,1.0,0.0021570799019812225
2025-01-17,0.0192569135949158,0.0141804201472474,0,0.9999797286843997,2.0271315629523043e-05,2.0271315629523043e-05,1.0,0.011923620651122624
2025-01-21,0.0111184305248819,0.0135806751931903,0,0.9999903108623458,9.689137608064468e-06,9.689137608064468e-06,1.0,0.013172371087854282
2025-01-22,-0.0071801211500412,0.0136459846958698,0,0.9999897168186259,1.0283181429226231e-05,1.0283181429226231e-05,1.0,0.007407023247513682
2025-01-23,0.0009820786493153,0.0135865437640542,0,0.9999913093710316,8.690628933431019e-06,8.690628933431019e-06,1.0,0.0049025258858804025
2025-01-24,0.024564893668546,0.0145237366555065,0,0.9999595199752748,4.0480024759347417e-05,4.0480024759347417e-05,1.0,0.009748439057523563
2025-01-27,0.0089003424807698,0.014390153560311,0,0.9999861157029768,1.3884297050670778e-05,1.3884297050670778e-05,1.0,0.007677124834694363
2025-01-28,0.0113279514399855,0.014581195032183,0,0.9999846156595062,1.5384340478926903e-05,1.5384340478926903e-05,1.0,0.007719029017715082
2025-01-29,-0.0040758586731265,0.0144493004730069,0,0.9999830524058354,1.6947594147278525e-05,1.6947594147278525e-05,1.0,0.008339881513098023
2025-01-30,0.023596237701611,0.014890725744169,0,0.9999249644415288,7.503555848812913e-05,7.503555848812913e-05,1.0,0.012862713323557162
2025-01-31,-0.0217130265207091,0.0158865234291242,0,0.9997753343354998,0.0002246656645507996,0.0002246656645507996,1.0,0.003607129285706142
2025-02-03,-0.0053450852797732,0.0152575695287351,0,0.9999465997097873,5.340029021659105e-05,5.340029021659105e-05,1.0,0.0007580437335975422
2025-02-04,0.0233692610888391,0.0156464180045577,0,0.9998992152202931,0.00010078477969470355,0.00010078477969470355,1.0,0.003166305663368262
2025-02-05,-0.0167706282522397,0.0158608927492895,0,0.9998719037318081,0.00012809626821055158,0.00012809626821055158,1.0,0.0006273517475456223
2025-02-06,0.0109018135693519,0.0155109422773479,0,0.9999608129488623,3.918705111344293e-05,3.918705111344293e-05,0.9999804064744433,-0.001911533078906198
2025-02-07,0.0138442161301235,0.0155301691407688,0,0.9999635341896996,3.646581034550739e-05,3.646581034550739e-05,1.0,0.005199915451260322
2025-02-10,0.0268291240118317,0.0139253470970578,0,0.9999540375826371,4.596241735273323e-05,4.596241735273323e-05,1.0,0.011634757309581304
2025-02-11,-0.0083632794052021,0.0143885461199379,0,0.9999795938955925,2.04061043571753e-05,2.04061043571753e-05,1.0,0.005288249210773062
2025-02-12,0.0245901827288419,0.0145566983245564,0,0.9999566670559994,4.333294404848225e-05,4.333294404848225e-05,1.0,0.013560411406989381
2025-02-13,-0.000292673688384,0.0145832526900397,0,0.9999823348016965,1.7665198317363024e-05,1.7665198317363024e-05,1.0,0.011321513955442201
2025-02-14,0.0254348877387906,0.0150700689115271,0,0.9999303003513527,6.969964866796163e-05,6.969964866796163e-05,1.0,0.013639648277175623
2025-02-18,0.0073926599328514,0.0148373689746161,0,0.9999379091126906,6.209088729999994e-05,6.209088729999994e-05,1.0,0.009752355461379562
2025-02-19,-0.0071073354457286,0.015156821629792,0,0.9992924450557173,0.0007075549442396806,0.0007075549442396806,1.0,0.010003544253274262
2025-02-20,0.0192150619895555,0.0150476606567689,0,0.9921557134164237,0.007844286583520335,0.007844286583520335,1.0,0.008928520105416983
2025-02-21,0.0141728655840688,0.0150191977978431,0,0.9300602956313616,0.06993970436868475,0.06993970436868475,1.0,0.011821627959907544
2025-02-24,-0.0339586579811682,0.0172628538003616,1,0.149016627419565,0.850983372580457,0.850983372580457,0.5745083137097715,-5.708118408421642e-05
2025-02-25,0.0099418300979666,0.0172749083449196,1,0.11602876141585138,0.8839712385841035,0.8839712385841035,1.0,0.00045275284893882305
2025-02-26,0.0295204071369308,0.0180511767473142,1,0.031130564027418532,0.9688694359725749,0.9688694359725749,1.0,0.007778301365470702
2025-02-27,-0.0107603153793477,0.0183183548502452,1,0.009279281908487086,0.9907207180914864,0.9907207180914864,1.0,0.0017832258916900632
2025-02-28,-0.023008779006368,0.0189457973156141,1,0.000383116890805023,0.9996168831091636,0.9996168831091636,0.5001915584454182,-0.005653103026397296
2025-03-03,-0.0206489916207115,0.0188714518050501,1,5.0004872065094966e-05,0.9999499951279206,0.9999499951279206,0.5000250024360398,-0.0029911697543059577
2025-03-04,0.0152412546919509,0.0188993115201721,1,9.980240718569216e-05,0.9999001975928362,0.9999001975928362,0.500049901203582,-0.0019312848355090982
2025-03-05,0.0487358074166968,0.0209396036903732,1,9.698946635617479e-08,0.9999999030105802,0.9999999030105802,1.0,0.0019117952204441026
2025-03-06,0.0048807356881247,0.0202348781558393,1,1.773660970218022e-05,0.9999822633903461,0.9999822633903461,1.0,0.005040005433938582
2025-03-07,-0.0002706102287714,0.0202851800669245,1,1.4470452056516122e-05,0.9999855295479771,0.9999855295479771,1.0,0.009587639189457903
2025-03-10,-0.0271508444346904,0.0215635949140364,1,7.710103709365122e-08,0.9999999228989539,0.9999999228989539,1.0,0.008287268626662124
2025-03-11,0.0116085776225524,0.0210035455901855,1,5.143587495808287e-06,0.999994856412554,0.999994856412554,1.0,0.007560733212782424
2025-03-12,-0.0010997193104151,0.0208414427317474,1,5.92022815450443e-06,0.9999940797718123,0.9999940797718123,0.5000029601140938,-0.0024063721326399567
2025-03-13,0.0065806754397456,0.0203017080543131,1,1.5896539520783137e-05,0.9999841034604513,0.9999841034604513,0.5000079482697743,-0.0020663841823157767
2025-03-14,0.0288235481992801,0.0210514633919034,1,1.6076080093593228e-06,0.9999983923919861,0.9999983923919861,1.0,0.003752447503294524
2025-03-17,0.0233576510423016,0.0209495769485869,1,3.053655150999033e-06,0.9999969463448236,0.9999969463448236,1.0,0.013854146598692923
2025-03-18,-0.0015576090732998,0.0209862417961742,1,4.346376429589555e-06,0.9999956536236236,0.9999956536236236,1.0,0.011220909259522484
2025-03-19,-0.0041655585078042,0.0209120697484263,1,4.179499738424485e-06,0.999995820500297,0.999995820500297,1.0,0.010607741420044664
2025-03-20,-0.0291180320372856,0.0218887020807491,1,2.7020368682220328e-08,0.9999999729795949,0.9999999729795949,1.0,0.0034679999246384234
2025-03-21,-0.0181600592458894,0.0221392764933799,1,1.1393936582697992e-07,0.9999998860606703,0.9999998860606703,0.5000000569696649,-0.005928721564395476
2025-03-24,0.0030041008545052,0.0206063741969614,1,9.37217710855068e-06,0.9999906278228896,0.9999906278228896,0.5000046860885552,-0.009999431601954756
2025-03-25,-0.0101411764166511,0.0207028545406764,1,4.348199333849336e-06,0.9999956518006631,0.9999956518006631,0.5000021740996685,-0.011716145070625015
2025-03-26,-0.0008268293206547,0.0196075194881225,1,4.402822604369656e-05,0.9999559717739198,0.9999559717739198,0.50002201411304,-0.011048399233195115
2025-03-27,0.0112407557618947,0.019603030805405,1,6.206315022267457e-05,0.9999379368497613,0.9999379368497613,0.5000310315751193,-0.0029766416733590564
2025-03-28,-0.023167030129887,0.0196132042100931,1,0.00010590224879018182,0.9998940977512613,0.9998940977512613,0.5000529511243694,-0.003978035850158576
2025-03-31,0.0,0.0189538643704589,1,0.006068070268902541,0.9939319297311389,0.9939319297311389,0.5030340351344306,-0.004578856021059617
2025-04-01,-0.0022346766125166,0.0187072240371463,1,0.022743556283695718,0.9772564437162491,0.9772564437162491,0.5113717781418754,-0.0029975560602327166
2025-04-02,-0.0061711801945322,0.0149966474688104,1,0.0604755640181077,0.9395244359819447,0.9395244359819447,0.5302377820090276,-0.004066426235008217
2025-04-03,-0.0090446560513779,0.0149969143728959,1,0.05809610409279569,0.9419038959072454,0.9419038959072454,0.5290480520463773,-0.008123508597662737
2025-04-04,-0.0730165334989818,0.0217488286627272,1,6.5756826046420354e-12,0.9999999999934062,0.9999999999934062,0.5000000000032969,-0.018093409271481696
2025-04-07,-0.0874002133330664,0.0280759253878854,1,2.1297427369609053e-24,1.0,1.0,0.5,-0.03557345193809498
2025-04-08,-0.0137609250957162,0.0276623357857378,1,5.05465223195836e-13,0.9999999999995453,0.9999999999995453,0.5000000000002274,-0.0378787016347349
2025-04-09,0.0682491074172718,0.032758841442877,1,2.9507539062832526e-22,1.0,1.0,0.5,-0.022994644112374098
2025-04-10,-0.00379513714639,0.0326163751855872,1,2.5473753345575953e-19,1.0,1.0,0.5,-0.021944740331376517
2025-04-11,0.0427971890492142,0.033568796935606,1,3.848155846317711e-21,1.0,1.0,1.0,0.0012180041782626828
2025-04-14,0.0129695885765977,0.0331571583216474,1,1.038938774922906e-19,1.0,1.0,1.0,0.021291964560195505
2025-04-15,-0.005710019762033,0.0331328609708868,1,3.184099841328503e-20,1.0,1.0,1.0,0.022902145626932144
2025-04-16,-0.0231716962569207,0.0333066363340213,1,9.344986265330849e-22,1.0,1.0,1.0,0.004617984892093643
2025-04-17,-0.0006170439207916,0.0329804442013894,1,9.417216573305506e-20,1.0,1.0,1.0,0.005253603537213323
2025-04-21,0.0009255437445662,0.0329149996984191,1,1.361277850116507e-19,1.0,1.0,0.5,-0.003120725523716277
2025-04-22,0.0312666368172371,0.0339131799233314,1,3.911178245070218e-21,1.0,1.0,1.0,0.0005386841244116022
2025-04-23,0.0109974494306442,0.0340598369650394,1,3.602370114198195e-21,1.0,1.0,1.0,0.0038801779629470427
2025-04-24,0.0082425264431708,0.0341578624482317,1,2.2347367158255666e-21,1.0,1.0,1.0,0.010163022502965342
2025-04-25,-0.0038185179741939,0.0339913725602109,1,1.6161251431527345e-21,1.0,1.0,1.0,0.009522727692284882
2025-04-28,0.0005883611206663,0.0336935933774953,1,7.648690961406024e-21,1.0,1.0,1.0,0.009455291167504902
2025-04-29,-0.0058997098770416,0.0336951337729535,1,3.878545804836536e-21,1.0,1.0,1.0,0.002022021828649163
2025-04-30,0.001773662918425,0.0337114051890788,1,7.899773976314905e-21,1.0,1.0,1.0,0.00017726452620532283
2025-05-01,-0.0020695409188723,0.0337018424074213,1,5.784508641657904e-21,1.0,1.0,0.5,-0.0018851489462032973
2025-05-02,0.0326084200260854,0.0345539597177782,1,3.2857059065514987e-22,1.0,1.0,1.0,0.005400238653852562
2025-05-05,-0.0011464804427741,0.0300532166508693,1,1.797212399608567e-15,1.0,1.0,1.0,0.005053270341164482
2025-05-06,0.0114059707777293,0.0212021834600376,1,7.535676502394758e-06,0.9999924643235262,0.9999924643235262,1.0,0.008514406472118662
2025-05-07,-0.0229434267310128,0.0217915318035048,1,0.00027337316463972247,0.9997266268353118,0.9997266268353118,1.0,0.003570988542231103
2025-05-08,0.0152586936991197,0.0166479777900425,0,0.6887947831951033,0.3112052168048947,0.3112052168048947,1.0,0.007036635465829502
2025-05-09,-0.0048689218404012,0.0166794790593684,0,0.8796745438671345,0.12032545613286295,0.12032545613286295,0.9398372719335686,-0.0004588329074678165
2025-05-12,0.0341503620382754,0.015731384652224,0,0.9320420094149163,0.06795799058511093,0.06795799058511093,1.0,0.006600535588742083
2025-05-13,-0.0083589046109811,0.0158492919584467,0,0.9888326306522855,0.0111673693477382,0.0111673693477382,1.0,0.002647560511000004
2025-05-14,0.0158225979196849,0.015926849424426,0,0.9981225015361762,0.0018774984638325997,0.0018774984638325997,1.0,0.010400765441139543
2025-05-15,-0.0155428610062143,0.0153084054978648,0,0.999610323536671,0.0003896764633817819,0.0003896764633817819,1.0,0.004240454500072743
2025-05-16,-0.0030816378406909,0.0153648742580987,0,0.9999437265688371,5.627343113817951e-05,5.627343113817951e-05,1.0,0.004597911300014803
2025-05-19,0.0061538083569967,0.0153405605125264,0,0.9999761040367502,2.3895963237351102e-05,2.3895963237351102e-05,0.9999880520183813,-0.0010013994362409375
2025-05-20,0.0110926054841955,0.0141407279326006,0,0.999987546846803,1.2453153218670708e-05,1.2453153218670708e-05,1.0,0.0028889025827943822
2025-05-21,-0.0046992254250061,0.0141685503538412,0,0.9999879235875159,1.2076412497892771e-05,1.2076412497892771e-05,0.999993961793751,-0.0012154620861438174
2025-05-22,-0.0050001519023347,0.0142314327377977,0,0.9999874596623661,1.2540337641578496e-05,1.2540337641578496e-05,1.0,0.0008930797346321028
2025-05-23,0.0016696417435774,0.0141544443243974,0,0.9999894814003036,1.0518599750588507e-05,1.0518599750588507e-05,1.0,0.0018433356514857627
2025-05-27,-0.0103397723269538,0.014453931681989,0,0.9999798848105644,2.0115189406261738e-05,2.0115189406261738e-05,0.9999899424052969,-0.0014553804853043371
2025-05-28,-0.0101637932755148,0.0146118231147462,0,0.9999775965914601,2.2403408516605362e-05,2.2403408516605362e-05,0.9999887982957417,-0.005706660237246397
2025-05-29,0.0107254979778053,0.0147383098837646,0,0.999979841124662,2.0158875281358395e-05,2.0158875281358395e-05,0.9999899205623592,-0.0026217155566841165
2025-05-30,-0.0175592452924381,0.0153857010353716,0,0.9999262047673233,7.37952326835755e-05,7.37952326835755e-05,0.9999631023836582,-0.005133534234704797
2025-06-02,0.0099503098348204,0.0137408815178543,0,0.9999883308292834,1.1669170752087962e-05,1.1669170752087962e-05,0.9999941654146239,-0.003477400616456197
2025-06-03,0.0098523853751294,0.0138855374349601,0,0.9999895856797146,1.0414320260785464e-05,1.0414320260785464e-05,1.0,0.0005610309239604431
2025-06-04,0.0185934868473088,0.0142523969305961,0,0.9999803951728163,1.9604827227511037e-05,1.9604827227511037e-05,1.0,0.006312486948525163
2025-06-05,0.0071233882392945,0.0130712363271218,0,0.9999930341498847,6.965850075983064e-06,6.965850075983064e-06,1.0,0.0055920650008230025
2025-06-06,-0.001092723627569,0.0127746997250971,0,0.9999940555679144,5.944432123748036e-06,5.944432123748036e-06,1.0,0.008885369333796822
2025-06-09,0.0127632791137561,0.0128677114633205,0,0.9999921389415686,7.861058482295744e-06,7.861058482295744e-06,1.0,0.009447963189583963
2025-06-10,0.0043081054276103,0.0106102351311556,0,0.9999951789692684,4.821030779673522e-06,4.821030779673522e-06,1.0,0.008339107200080144
2025-06-11,0.0050918070598602,0.0103685758935851,0,0.9999950072783158,4.9927217152251775e-06,4.9927217152251775e-06,1.0,0.005638771242590423
2025-06-12,-0.0040177793857782,0.009945514517205,0,0.9999945761696133,5.423830380304916e-06,5.423830380304916e-06,1.0,0.0034105377175758836
2025-06-13,-0.0184186194390537,0.0102187410210253,0,0.9999873909498823,1.2609050116236103e-05,1.2609050116236103e-05,0.9999936954749419,-5.4641444721056226e-05
2025-06-16,0.0164696481931503,0.0107159448329311,0,0.99999080797461,9.192025389407002e-06,9.192025389407002e-06,1.0,0.0006866323711577835
2025-06-17,-0.0117953437823974,0.0111053302341351,0,0.9999927990973052,7.200902708900398e-06,7.200902708900398e-06,0.9999963995486456,-0.0025340574708437565
2025-06-18,-0.0136132942714266,0.011322212160568,0,0.9999917839343068,8.216065706602948e-06,8.216065706602948e-06,0.9999958919671468,-0.006275077737101116
2025-06-20,-0.006454385968301,0.0113672032312704,0,0.9999945412066672,5.458793299862985e-06,5.458793299862985e-06,0.9999972706033501,-0.006762399053605676
2025-06-23,0.0156428567464215,0.0118263341546247,0,0.9999909463163598,9.053683616360434e-06,9.053683616360434e-06,1.0,4.9896183489363946e-05
2025-06-24,0.0278782091983597,0.0132751070507463,0,0.9999621524610893,3.7847538924465945e-05,3.7847538924465945e-05,1.0,0.002331608384531244
2025-06-25,-0.0010787319847214,0.0129709847642811,0,0.9999930313216033,6.968678378287708e-06,6.968678378287708e-06,1.0,0.004474930744066444
2025-06-26,0.002694703112648,0.0126130145840482,0,0.9999944454438826,5.554556149996414e-06,5.554556149996414e-06,1.0,0.0077365302208813646
2025-06-27,-0.0094633494992768,0.0127984525891067,0,0.9999917704575252,8.22954249800385e-06,8.22954249800385e-06,1.0,0.007134737514686204
2025-06-30,-0.0013593073830036,0.0119575331337251,0,0.9999950358238018,4.964176254237307e-06,4.964176254237307e-06,1.0,0.0037343046888011835
2025-07-01,0.0019025343371929,0.0118517222113071,0,0.9999952672937422,4.732706298359724e-06,4.732706298359724e-06,0.9999976336468508,-0.0014608302834321764
2025-07-02,-0.0038085901123699,0.0118145313881697,0,0.9999948871547952,5.112845183204171e-06,5.112845183204171e-06,0.9999974435774084,-0.002006801908961876
2025-07-03,-0.0115132647305173,0.0115123179784505,0,0.9999929028406915,7.097159295718479e-06,7.097159295718479e-06,0.9999964514203521,-0.004848395477594936
2025-07-07,0.0011022150024761,0.0114100017414119,0,0.9999953976377081,4.6023623038842765e-06,4.6023623038842765e-06,0.999997698818848,-0.0027352825772443564
2025-07-08,0.0104110497280413,0.0116260326916622,0,0.9999941740983644,5.825901620194014e-06,5.825901620194014e-06,0.9999970870491899,-0.0003812111550353766
2025-07-09,-0.0139977793153896,0.0117207858060166,0,0.999991129534017,8.870465942736608e-06,8.870465942736608e-06,0.9999955647670287,-0.0035612738855518764
2025-07-10,0.0093535897680912,0.011882919702796,0,0.9999943320295065,5.667970484096911e-06,5.667970484096911e-06,0.999997166014758,-0.0009288379094596563
2025-07-11,-0.00109587350138,0.0118169242009552,0,0.9999951638041995,4.836195762751649e-06,4.836195762751649e-06,1.0,0.0011546403363678038
2025-07-14,0.0117184058765901,0.0120950518954219,0,0.9999934390987524,6.5609012740358756e-06,6.5609012740358756e-06,1.0,0.003277878511190604
2025-07-15,0.0195847769971323,0.0119961288940154,0,0.9999884881475334,1.1511852502195217e-05,1.1511852502195217e-05,1.0,0.005112623965008804
2025-07-16,-0.0045267084460991,0.0115868185531209,0,0.9999948340161351,5.165983843468731e-06,5.165983843468731e-06,1.0,0.007006838138866904
2025-07-17,0.003197395080436,0.0111881754121784,0,0.9999953967746016,4.6032253541446e-06,4.6032253541446e-06,1.0,0.005775599201335863
2025-07-18,0.0124258406515676,0.0108051433029269,0,0.9999934826244968,6.517375490095048e-06,6.517375490095048e-06,1.0,0.008479942031925383
2025-07-21,0.0039333637680987,0.0105671956981242,0,0.9999951709108431,4.829089198720104e-06,4.829089198720104e-06,1.0,0.006922933610227102
2025-07-22,0.0137754579726252,0.0104633924512421,0,0.9999924573810643,7.5426189795713245e-06,7.5426189795713245e-06,1.0,0.0057610698053256835
2025-07-23,0.0087381816761967,0.0088768292071431,0,0.9999913817441284,8.618255834673099e-06,8.618255834673099e-06,1.0,0.008414047829784842
2025-07-24,-0.0046165539748211,0.0089885349688233,0,0.999993083613775,6.916386207661632e-06,6.916386207661632e-06,1.0,0.0068512580187334235
2025-07-25,-0.0064475492000931,0.009203865495529,0,0.9999932262385073,6.773761472590977e-06,6.773761472590977e-06,1.0,0.003076580048401283
2025-07-28,-0.0044081557437826,0.0089390829038936,0,0.9999930426860015,6.9573140278149495e-06,6.9573140278149495e-06,1.0,0.0014082761460250234
2025-07-29,-0.0067796317672764,0.0091333195881596,0,0.9999929859814494,7.014018521739558e-06,7.014018521739558e-06,0.9999964929907391,-0.0027027418019552967
2025-07-30,-0.0115792013987518,0.0096212840510922,0,0.9999921918541915,7.808145822311837e-06,7.808145822311837e-06,0.9999960959270888,-0.006766218416944997
2025-07-31,-0.0090401215366854,0.0098354518432489,0,0.9999933655406705,6.634459281751394e-06,6.634459281751394e-06,0.9999966827703591,-0.007650931929317856
2025-08-01,-0.0164268467940884,0.0102186822217843,0,0.9999895130224201,1.048697757987701e-05,1.048697757987701e-05,0.9999947565112101,-0.009646791448116917
2025-08-04,0.0172278212665745,0.0108624937274897,0,0.999990502210692,9.49778936316258e-06,9.49778936316258e-06,0.9999952511053184,-0.005319596046045497
2025-08-05,0.0045267084460992,0.0106887945464689,0,0.9999951593473559,4.8406526761634426e-06,4.8406526761634426e-06,0.999997579673662,-0.003058328003370377
2025-08-06,0.0039771663445275,0.0100748038301298,0,0.9999949058306051,5.094169439412135e-06,5.094169439412135e-06,1.0,5.2945545285483334e-05
2025-08-07,-0.0013239312946428,0.0099567018237703,0,0.9999949479143031,5.0520857508381455e-06,5.0520857508381455e-06,1.0,0.0015961835936940034
2025-08-08,-0.001856617238511,0.0099691611603151,0,0.999994906743051,5.093256947468878e-06,5.093256947468878e-06,1.0,0.004510229504809483
2025-08-11,-0.0090666394099549,0.0099427331310299,0,0.9999934882897024,6.511710272918205e-06,6.511710272918205e-06,0.9999967441448636,-0.0007486626304963964
2025-08-12,0.0162085990759167,0.0096264608680213,0,0.9999874829087595,1.2517091219906092e-05,1.2517091219906092e-05,1.0,0.0015877154954671037
2025-08-13,0.0298607772057805,0.0115746033775902,0,0.9999562442538482,4.3755746137705166e-05,4.3755746137705166e-05,1.0,0.006764437667717703
2025-08-14,-0.0193729646492047,0.0125249356291679,0,0.9999793652510428,2.0634748988619518e-05,2.0634748988619518e-05,1.0,0.003154630996805323
2025-08-15,0.0,0.01223246923545,0,0.9999946373415559,5.36265842948077e-06,5.36265842948077e-06,1.0,0.0035259544445075237
2025-08-18,0.0062403730957345,0.0122786647512438,0,0.9999946284523161,5.371547662955543e-06,5.371547662955543e-06,1.0,0.006587356945645403
2025-08-19,-0.009375123112794,0.0120485611567912,0,0.9999932541980044,6.745801968654518e-06,6.745801968654518e-06,1.0,0.0014706125079032635
2025-08-20,0.0054794558407895,0.0119360634398515,0,0.9999949852084004,5.0147916004356314e-06,5.0147916004356314e-06,0.9999974926041998,-0.0034056517650949357
2025-08-21,-0.0015625262072843,0.0119046817632556,0,0.9999948818472386,5.1181527554738965e-06,5.1181527554738965e-06,1.0,0.00015643592328914378
2025-08-22,0.0224208032762383,0.0128795282911045,0,0.9999825104556872,1.7489544368444085e-05,1.7489544368444085e-05,1.0,0.004640596578536804
2025-08-25,-0.0025517805899493,0.0128469897630904,0,0.9999935065453024,6.493454727163681e-06,6.493454727163681e-06,1.0,0.0028821658414000433
2025-08-26,0.002041925468875,0.0127220707715083,0,0.9999928497229413,7.150277014573995e-06,7.150277014573995e-06,1.0,0.005165575557733844
2025-08-27,-0.0258278777886694,0.0138313565265483,0,0.9999229678411602,7.703215884974764e-05,7.703215884974764e-05,0.999961483920575,-0.0010958911681579358
2025-08-28,0.0088565434894293,0.0137549975019306,0,0.9999887179480775,1.1282051902603724e-05,1.1282051902603724e-05,1.0,0.0009879227711847845
2025-08-29,0.0090358008054558,0.0131771989851649,0,0.9999925791455777,7.420854422507438e-06,7.420854422507438e-06,0.9999962895727887,-0.0016890777229717157
2025-09-02,0.008954787476774,0.0128238099803766,0,0.9999933395561248,6.660443833307368e-06,6.660443833307368e-06,1.0,0.000612235890372944
2025-09-03,-0.008954787476774,0.0130546897940887,0,0.999990843271662,9.156728295850761e-06,9.156728295850761e-06,0.9999954216358521,-0.0015871066987568558
2025-09-04,-0.0150184232981372,0.0135584545125009,0,0.9999820918964668,1.790810357355568e-05,1.790810357355568e-05,1.0,0.0005747841993495841
2025-09-05,0.0147614157144042,0.013904163030146,0,0.9999865646797035,1.3435320323711843e-05,1.3435320323711843e-05,1.0,0.001755758644344564
2025-09-08,0.0137862120021413,0.0141425268588621,0,0.999986211507141,1.3788492896801625e-05,1.3788492896801625e-05,1.0,0.0027058408836816645
2025-09-09,0.0133487021604451,0.0140827408615966,0,0.999986931551703,1.3068448316152643e-05,1.3068448316152643e-05,1.0,0.0035846238204158844
2025-09-10,-0.0062744052224108,0.0139040964889767,0,0.9999879495446363,1.2050455416873021e-05,1.2050455416873021e-05,1.0,0.004120700271288524
2025-09-11,0.0253556086530434,0.0134634707301005,0,0.9999708135979439,2.9186402109977986e-05,2.9186402109977986e-05,1.0,0.012195506661524644
2025-09-12,-0.0061553560455978,0.0126558301333489,0,0.9999927785717494,7.2214282700441985e-06,7.2214282700441985e-06,1.0,0.008012152309524245
2025-09-15,0.0071366951208748,0.0126754585020919,0,0.9999940132319844,5.9867680344352325e-06,5.9867680344352325e-06,1.0,0.006682248933270943
2025-09-16,0.0065990858630968,0.0126804112772654,0,0.9999940697357114,5.9302642735715635e-06,5.9302642735715635e-06,1.0,0.005332325673801284
2025-09-17,0.0137899339683282,0.012537831792832,0,0.9999920111493671,7.988850616100806e-06,7.988850616100806e-06,1.0,0.009345193511949084
2025-09-18,-0.0130593727098745,0.0131150314017202,0,0.9999878475878761,1.2152412132162683e-05,1.2152412132162683e-05,1.0,0.0016621972393655034
2025-09-19,-0.0036581552160388,0.0131644901810006,0,0.9999927062353859,7.293764599961766e-06,7.293764599961766e-06,1.0,0.002161637405277303
2025-09-22,-0.0068643475976168,0.0125309367137826,0,0.9999931827581349,6.817241817836195e-06,6.817241817836195e-06,0.9999965913790911,-0.0006385711384210164
2025-09-23,-0.0136225998542868,0.012968547066077,0,0.9999879464464799,1.2053553522552912e-05,1.2053553522552912e-05,0.9999939732232388,-0.0046829082818977364
2025-09-24,0.0116525768482284,0.0131773089733867,0,0.9999917490546764,8.250945279274161e-06,8.250945279274161e-06,0.9999958745273604,-0.005110379705917696
2025-09-25,0.0024617570241911,0.0114763277686292,0,0.9999953386258724,4.661374122806295e-06,4.661374122806295e-06,0.9999976693129387,-0.0020061537591045766
2025-09-26,-0.0083950283503572,0.0116681304227388,0,0.9999939355602406,6.064439704579758e-06,6.064439704579758e-06,0.9999969677801477,-0.002953528385968257
2025-09-29,0.0159885458713704,0.0119805257860111,0,0.9999916027749263,8.397225050092886e-06,8.397225050092886e-06,1.0,0.001617050307829183
2025-09-30,0.0038966808478189,0.0118921939246165,0,0.9999951164574997,4.8835425141287e-06,4.8835425141287e-06,1.0,0.005120906448250324
2025-10-01,0.0058168844967295,0.011609218100596,0,0.9999951290791782,4.8709207856246255e-06,4.8709207856246255e-06,1.0,0.003953767977950543
2025-10-02,0.0089017099201643,0.0108544530818769,0,0.9999945891599694,5.410839987549038e-06,5.410839987549038e-06,1.0,0.005241758557145183
2025-10-03,-0.0079356344415942,0.0108866524279926,0,0.9999944213517293,5.5786482649225595e-06,5.5786482649225595e-06,1.0,0.0053336373388977835
2025-10-06,-0.0004829210765607,0.0106163345084256,0,0.9999952059924997,4.7940074998559035e-06,4.7940074998559035e-06,1.0,0.0020393439493115637
2025-10-07,-0.0114176236880868,0.0107190138946753,0,0.9999854470979083,1.4552902135929286e-05,1.4552902135929286e-05,0.9999927235489321,-0.0010235169578695761
2025-10-08,0.0029275939575851,0.0105784703603504,0,0.9996888665122051,0.0003111334877967203,0.0003111334877967203,0.9998444332561016,-0.0016013750656984564
2025-10-09,-0.0132420091072057,0.0094903192277077,0,0.9827668767150926,0.01723312328490099,0.01723312328490099,0.9913834383575495,-0.006030118871172456
2025-10-10,-0.0553159491387915,0.0155335832509794,0,0.47502574012690546,0.5249742598731006,0.5249742598731006,0.7375128700634497,-0.015506181810611915
2025-10-13,0.0308269155098938,0.0171460167007463,0,0.6099739970907673,0.39002600290928363,0.39002600290928363,0.8049869985453582,-0.009244214493321018
2025-10-14,-0.0032939854415019,0.0170407276551022,0,0.8710768772944805,0.12892312270556414,0.12892312270556414,0.9355384386472179,-0.007619486844004038
2025-10-15,0.0101010364771905,0.0168794426974723,0,0.965626855195137,0.03437314480490975,0.03437314480490975,0.9828134275975451,-0.006184798340082958
2025-10-16,0.0047625574491727,0.016747880704828,0,0.9916529374459291,0.008347062554036715,0.008347062554036715,0.9958264687229816,-0.002583885028807278
2025-10-17,0.0002500032673494,0.0167422648108109,0,0.9975427046592192,0.0024572953408042364,0.0024572953408042364,1.0,0.008529305452420904
2025-10-20,0.012175649999921,0.016940340390915,0,0.9988757780598091,0.0011242219402117714,0.0011242219402117714,1.0,0.004799052350426341
2025-10-21,-0.0136768010837046,0.0169426053684526,0,0.9991506417227543,0.0008493582772828006,0.0008493582772828006,1.0,0.002722489221985802
2025-10-22,-0.0050200128777594,0.0167376649117642,0,0.9995774101864692,0.0004225898135001255,0.0004225898135001255,0.9997887050932499,-0.00030172064900417777
2025-10-23,0.0167189984565856,0.0171918140544123,0,0.999620102991743,0.00037989700825471925,0.00037989700825471925,1.0,0.0020895675524784025
2025-10-24,0.0034584953996393,0.0171028967277715,0,0.9997221838491542,0.0002778161508313483,0.0002778161508313483,1.0,0.0027312659789363826
2025-10-27,0.0129856623476644,0.016970328632963,0,0.9996941322022672,0.00030586779774674196,0.00030586779774674196,1.0,0.002893268448485062
2025-10-28,-0.0053698533334233,0.0169883323457989,0,0.9995182322761801,0.0004817677238261635,0.0004817677238261635,1.0,0.004554657998541322
2025-10-29,0.0026885781380886,0.0169429877827834,0,0.9991025607706547,0.0008974392293955735,0.0008974392293955735,1.0,0.006096376201710922
2025-10-30,-0.0202176687007326,0.0173392659979004,0,0.997426144169325,0.0025738558306346204,0.0025738558306346204,0.9987130720846826,-0.0012909572297527185
2025-10-31,-0.011019416799305,0.0174088302489246,0,0.9977568270382404,0.0022431729617131352,0.0022431729617131352,0.9988784135191434,-0.004186539669541578
2025-11-03,0.0030174019812018,0.0174435881080417,0,0.9984074527383319,0.0015925472616420925,0.0015925472616420925,0.999203726369179,-0.006180191742834098
2025-11-04,-0.011616354698606,0.0174493309238363,0,0.9984984516257932,0.001501548374249633,0.001501548374249633,0.9992492258128751,-0.007429492015870638
2025-11-05,0.0101087917969129,0.0176278006501721,0,0.999071838878725,0.0009281611212974896,0.0009281611212974896,0.9995359194393513,-0.005945449284105778
2025-11-06,0.0092604125275568,0.0175625458644015,0,0.999538658213248,0.0004613417867919429,0.0004613417867919429,0.9997693291066041,-4.983303844789816e-05
2025-11-07,-0.0049950342378231,0.0120198867933112,0,0.9999847841685611,1.5215831427799312e-05,1.5215831427799312e-05,1.0,0.0011550434738484816
2025-11-10,0.0203228997426684,0.0108712558629176,0,0.9999870199732179,1.298002682192971e-05,1.298002682192971e-05,1.0,0.004616143026141802
2025-11-11,0.0,0.0108191200150473,0,0.9999953163759844,4.6836240042290095e-06,4.6836240042290095e-06,1.0,0.006939413965863002
2025-11-12,0.0036733845216444,0.0106504839024247,0,0.999995301163279,4.698836763693668e-06,4.698836763693668e-06,1.0,0.0056523325108093015
2025-11-13,-0.0063756437518384,0.0107547440356495,0,0.9999947249432787,5.275056724984081e-06,5.275056724984081e-06,1.0,0.002525121254930262
2025-11-14,-0.013124026872094,0.0111985732658934,0,0.9999921841666339,7.81583333836917e-06,7.81583333836917e-06,1.0,0.000899322728076082
2025-11-17,-0.0112797231403215,0.011100632425283,0,0.999993165494679,6.8345053548556745e-06,6.8345053548556745e-06,0.9999965827473225,-0.005421201848521898
2025-11-18,-0.0040413674157108,0.0107252934184347,0,0.9999950863786109,4.9136213506433135e-06,4.9136213506433135e-06,0.9999975431893247,-0.006229475331664057
2025-11-19,-0.0101755552902277,0.0108991507868829,0,0.9999936508782289,6.349121730719962e-06,6.349121730719962e-06,0.9999968254391347,-0.008999263294038478
2025-11-20,-0.0136441418563951,0.0104354143887797,0,0.9999919410409621,8.058959050130393e-06,8.058959050130393e-06,0.999995970520475,-0.010452962914949817
2025-11-21,0.0036221485781013,0.0104402446209427,0,0.999995082116626,4.917883365653725e-06,4.917883365653725e-06,0.9999975410583172,-0.0071037278249107575
2025-11-24,0.0161396842105951,0.010703922428059,0,0.9999913640867821,8.63591326286692e-06,8.63591326286692e-06,0.9999956820433686,-0.0016198463547274383
2025-11-25,0.0063331185270662,0.0108377576896812,0,0.9999950051675028,4.994832551373026e-06,4.994832551373026e-06,1.0,0.0004550508338279618
2025-11-26,-0.0058249473401345,0.0108290396506393,0,0.9999948852457756,5.1147542031098506e-06,5.1147542031098506e-06,1.0,0.0013251724238466018
2025-11-28,0.0040557094182195,0.010007955320159,0,0.9999948229027357,5.177097255847859e-06,5.177097255847859e-06,1.0,0.004865142678769521
2025-12-01,0.0027789107779423,0.0097367269942091,0,0.9999946360348465,5.363965147114536e-06,5.363965147114536e-06,1.0,0.004696495118737721
2025-12-02,-0.0037911994544722,0.0097414539087066,0,0.9999945125002156,5.487499777499613e-06,5.487499777499613e-06,1.0,0.0007103183857242615
2025-12-03,-0.0071157442896877,0.0095188517939916,0,0.999993654134313,6.3458656985124655e-06,6.3458656985124655e-06,0.9999968270671508,-0.001979454177626519
2025-12-04,0.0025472308061026,0.0092335908243265,0,0.9999937468680823,6.253131956505153e-06,6.253131956505153e-06,0.9999968734340218,-0.0003050185483790984
2025-12-05,0.0146466443485516,0.0096067669309658,0,0.999990244894949,9.755104996123585e-06,9.755104996123585e-06,1.0,0.0018131684376873215
2025-12-08,-0.0105847574329872,0.0098289091704257,0,0.9999926791379852,7.32086195947633e-06,7.32086195947633e-06,0.9999963395690203,-0.0008595652044985785
2025-12-09,-0.0166053245927397,0.0091374307976493,0,0.9999873148219321,1.2685178033790267e-05,1.2685178033790267e-05,0.9999936574109831,-0.0034223902321520784
2025-12-10,0.0069311179969129,0.0093634186847673,0,0.9999931833425949,6.816657438604941e-06,6.816657438604941e-06,0.9999965916712807,-0.000613017774831958
2025-12-11,0.0025548435011752,0.0093304542005504,0,0.9999939994300303,6.0005699356516255e-06,6.0005699356516255e-06,0.9999969997150322,-0.0006114952358174382
2025-12-12,-0.002810667481466,0.0092793442165748,0,0.999993910533827,6.089466200341858e-06,6.089466200341858e-06,0.9999969552668999,-0.0041029576018209585
2025-12-15,-0.0087381816761968,0.0090508717118366,0,0.9999922460709089,7.753929070068036e-06,7.753929070068036e-06,0.999996123035465,-0.0037336424504628776
2025-12-16,-0.0095434164062104,0.0089625497327696,0,0.9999917226269114,8.277373111336598e-06,8.277373111336598e-06,0.9999958613134443,-0.002321260813157018
2025-12-17,-0.002902010053899,0.0089502512043076,0,0.9999931686261615,6.831373825053926e-06,6.831373825053926e-06,0.9999965843130875,-0.004287886423319398
2025-12-18,0.0094662979287809,0.0090376818194277,0,0.9999915235570145,8.47644294763759e-06,8.47644294763759e-06,0.9999957617785262,-0.002905595537798258
2025-12-19,0.0101549994418464,0.0087967341071343,0,0.9999903310354251,9.668964601275904e-06,9.668964601275904e-06,0.9999951655176993,-0.00031246215313577815
2025-12-22,0.0007769673878363,0.0087676625380731,0,0.9999921650709189,7.834929132472937e-06,7.834929132472937e-06,1.0,0.0015905676596708416
2025-12-23,-0.0025920773719008,0.0079641174900066,0,0.9999700742754095,2.992572459145162e-05,2.992572459145162e-05,1.0,0.0029808354665327615
2025-12-24,0.0005189532622533,0.0078055988605993,0,0.9994676760432635,0.0005323239567705732,0.0005323239567705732,1.0,0.0036650281297632217
